ID,IP Type,Code,Client,Brand / Title,Class,Application / Diary No,Filing Date,Registration Date,Next Renewal Date,Status,Notes,Authors / Inventors
"t-1","trademark","LTR01","Lightspeed Photonics Private Limited","Lite Compute","9","4982900","2021-05-25","2021-11-12","2031-11-12","registered","Certificate No: 2861568 | Journal: 2006-0 (2021-06-28) | Attorney: VATSALA SINGH HASAN[32081] | Comments: is change in attorney required?",""
"t-2","trademark","LTR02","Lightspeed Photonics Private Limited","Light Compute -","9","4982899","2021-05-25","2021-11-11","2031-11-11","registered","Certificate No: 2860632 | Journal: 2006-0 (2021-06-28) | Attorney: VATSALA SINGH HASAN[32081] | Comments: is change in attorney required?",""
"t-3","trademark","LTR03","Lightspeed Photonics Private Limited","Light Konnect","9","5001542","2021-06-11","","2031-06-11","opposed","Journal: 2006-0 (2021-06-28) | Attorney: VATSALA SINGH HASAN[32081]",""
"t-4","trademark","LTR04","Lightspeed Photonics Private Limited","LightSpeedAI","42","5334596","2022-02-18","","2032-02-18","opposed","Attorney: BOOST IP - ADVOCATES AND IP ATTORNEYS[27424] | Comments: is change in attorney required?",""
"t-5","trademark","LTR05","Lightspeed Photonics Private Limited","LightSpeed AI ( Class 35 )","35","5334595","2022-02-18","","2032-02-18","opposed","Attorney: VATSALA SINGH HASAN[32081]",""
"t-6","trademark","LTR06","Lightspeed Photonics Private Limited","Bringing Light to the Computing World (class 35)","35","5483466","2022-06-10","2024-10-11","2034-10-11","registered","Certificate No: 3754370 | Journal: 2149-0 (2024-03-25) | Attorney: VATSALA SINGH HASAN[32081]",""
"t-7","trademark","LTR07","Lightspeed Photonics Private Limited","Bringing Light to the Computing World )","42","5483467","2022-06-10","","2032-06-10","objected","Attorney: VATSALA SINGH HASAN[32081]",""
"t-8","trademark","LTR08","Lightspeed Photonics Private Limited","Light SoM","9","5444999","2022-05-12","","2032-05-12","opposed","Journal: 2093-0 (2023-02-27) | Attorney: VATSALA SINGH HASAN[32081]",""
"t-9","trademark","LTR09","Lightspeed Photonics Private Limited","LightSpeedNIC","9","5445001","2022-05-12","","2032-05-12","objected","Attorney: VATSALA SINGH HASAN[32081]",""
"t-10","trademark","LTR10","Lightspeed Photonics Private Limited","LightNIC","9","5445000","2022-05-12","2023-01-18","2033-01-18","registered","Certificate No: 3148303 | Journal: 2068-0 (2022-09-05) | Attorney: VATSALA SINGH HASAN[32081] | Comments: is change in attorney required?",""
"t-11","trademark","LTR11","Lightspeed Photonics Private Limited","Light SiP","9","5445002","2022-05-12","","2032-05-12","hearing_fixed","Attorney: VATSALA SINGH HASAN[32081]",""
"t-12","trademark","LTR12","Lightspeed Photonics Private Limited","Lightspeed Photonics","35","6148190","2023-10-13","2024-12-07","2034-12-07","registered","Certificate No: 3804626 | Journal: 2166-0 (2024-07-22) | Attorney: S.HIMABINDU[31017] | Comments: is change in attorney required?",""
"t-13","trademark","LTR13","Lightspeed Photonics Private Limited","Lightspeed Photonics","42","6148191","2023-10-13","2024-07-13","2034-07-13","registered","Certificate No: 3678000 | Journal: 2145-0 (2024-02-26) | Attorney: S.HIMABINDU[31017] | Comments: is change in attorney required?",""
"t-14","trademark","LTR14","Lightspeed Photonics Private Limited","Lightspeed Photonics","35","6148192","2023-10-13","2024-11-22","2034-11-22","registered","Certificate No: 3793789 | Journal: 2164-0 (2024-07-08) | Attorney: S.HIMABINDU[31017] | Comments: is change in attorney required?",""
"t-15","trademark","LTR15","Lightspeed Photonics Private Limited","Lightspeed Photonics","42","6148193","2023-10-13","2024-07-12","2034-07-12","registered","Certificate No: 3673669 | Journal: 2166 (2024-02-26) | Attorney: S.HIMABINDU[31017] | Comments: is change in attorney required?",""
"t-16","trademark","LTR16","Lightspeed Photonics Private Limited","LITE FIBER","9","6383215","2024-04-11","2024-12-19","2034-12-19","registered","Certificate No: 3810177 | Journal: 2168 (2024-08-05) | Attorney: PRANAV BHAT[41737]",""
"t-17","trademark","LTR17","Lightspeed Photonics Private Limited","LightPCIe","9","7516855","2026-02-10","","2036-02-10","formalities_pass","Attorney: PRANAV BHAT[41737]",""
"t-18","trademark","LTR18","Lightspeed Photonics Private Limited","LightKonnect","9","7675867","2026-04-22","","2036-04-22","filed","Attorney: PRANAV BHAT[41737]",""
"t-19","trademark","LTR19","Lightspeed Photonics Private Limited","LightNVMe","9","7852055","2026-07-11","","2036-07-11","filed","Attorney: PRANAV BHAT[41737]",""
"t-20","copyright","MCR01","Manipal Academy of Higher Education (MAHE)","Booklet on Type 2 Diabetes Self- Management","Literary work","LD-31141/2025-CO","2025-04-08","2025-09-29","","cr_registered","Contact: sherize.dsouza@learner.manipal.edu | ROC No: LD-20250174709 | ROC Date: 2025-09-29","Sahana Shetty; Sherize Merlin Dsouza"
"t-21","copyright","MCR02","Manipal Academy of Higher Education (MAHE)","An evidence-based protocol for user-centered public building accessibility evaluation","Literary work","LD-43314/2025-CO","2025-10-27","2025-12-30","","cr_registered","Contact: sidhi.mohapatra@manipal.edu | ROC No: LD-20250180073 | ROC Date: 2025-12-30","Nandineni Rama Devi; Sidhi Mohapatra, G Arun Maiya, Rishbha Tiku,"
"t-22","copyright","MCR03","Manipal Academy of Higher Education (MAHE)","Motor behavior observation checklist","Literary work","LD-43316/2025-CO","2025-10-27","","","cr_registered","Contact: sidhi.mohapatra@manipal.edu","Nandineni Rama Devi; Sidhiprada Mohapatra, G Arun Maiya"
"t-23","copyright","MCR04","Manipal Academy of Higher Education (MAHE)","Hospital administration postings checklist for Out-patient & emergency departments (English Version)","Literary work","LD-32476/2025-CO","2025-08-13","","","cr_registered","Contact: naveen.kumar@manipal.edu","Nori Lakshmi Bhaskar; Ravibabu Koppala; Janepalli Lakshmi Prasad; Pera Naveen Kumar"
"t-24","copyright","MCR05","Manipal Academy of Higher Education (MAHE)","Tongue Print Identification: Methods and Classification Framework","Literary work","LD-25422/2025-CO","2025-06-25","2025-09-25","","cr_registered","Contact: ceena.denny@manipal.edu | ROC No: LD-20250174488 | ROC Date: 2025-09-25","Ceena Denny E; Srikant N; Subha B.S"
"t-25","copyright","MCR06","Manipal Academy of Higher Education (MAHE)","Communication Challenges in Healthcare","Literary work","LD-25158/2025-CO","2025-06-23","2025-12-08","","cr_registered","Contact: dnyata.psphmpl2023@learner.manipal.edu | ROC No: LD-20250171363 | ROC Date: 2025-12-08","Dnyata Dhanajirao Pandit; Anitha Nileshwar; Usha Rani; Somu. G"
"t-26","copyright","MCR07","Manipal Academy of Higher Education (MAHE)","Detailed Methodology","Literary work","LD-25161/2025-CO","2025-06-23","2025-10-21","","cr_registered","Contact: dnyata.psphmpl2023@learner.manipal.edu | ROC No: LD-20250176096 | ROC Date: 2025-10-21","Dnyata Dhanajirao Pandit; Anitha Nileshwar; Usha Rani; Somu. G"
"t-27","copyright","MCR08","Manipal Academy of Higher Education (MAHE)","Methodology & Objective 1","Literary work","LD-25164/2025-CO","2025-06-23","2025-12-08","","cr_registered","Contact: dnyata.psphmpl2023@learner.manipal.edu | ROC No: LD-20250171362 | ROC Date: 2025-12-08","Dnyata Dhanajirao Pandit; Anitha Nileshwar; Usha Rani; Somu. G"
"t-28","copyright","MCR09","Manipal Academy of Higher Education (MAHE)","Methodology & Objective 2","Literary work","LD-25165/2025-CO","2025-06-23","2025-10-21","","cr_registered","Contact: dnyata.psphmpl2023@learner.manipal.edu | ROC No: LD-20250176095 | ROC Date: 2025-10-21","Dnyata Dhanajirao Pandit; Anitha Nileshwar; Usha Rani; Somu. G"
"t-29","copyright","MCR10","Manipal Academy of Higher Education (MAHE)","Methodology & Objective 3","Literary work","LD-25169/2025-CO","2025-06-23","2025-10-16","","cr_registered","Contact: dnyata.psphmpl2023@learner.manipal.edu | ROC No: LD-20250175929 | ROC Date: 2025-10-16","Dnyata Dhanajirao Pandit; Anitha Nileshwar; Usha Rani; Somu. G"
"t-30","copyright","MCR11","Manipal Academy of Higher Education (MAHE)","Spirublue Cookie","Literary work","","","","","cr_filed","Contact: kshama.v@manipal.edu","Kshama"
"t-31","copyright","MCR12","Manipal Academy of Higher Education (MAHE)","Patient Education Material for Management of Hypertension (PEMaHT)","Literary work","","","","","cr_filed","Contact: prajwal.salins@manipal.edu","Prajwal salins"
"t-32","copyright","MCR13","Manipal Academy of Higher Education (MAHE)","Adhika Rakthadottada Nirvahaneya Bagge Rogigalige Shaikshanika Kaipidi","Literary work","","","","","cr_filed","Contact: prajwal.salins@manipal.edu","Prajwal Salins"
"t-33","copyright","MCR14","Manipal Academy of Higher Education (MAHE)","Medication Adherence on Antiretroviral therapy","Literary work","","","","","cr_filed","Contact: irene.kawlni@learner.manipal.edu","Irene Kawlni"
"t-34","copyright","MCR15","Manipal Academy of Higher Education (MAHE)","Antiretroviral therapy damdawi ei that pawimawhna","Literary work","","","","","cr_filed","Contact: irene.kawlni@learner.manipal.edu","Irene Kawlni"
"t-35","copyright","MCR16","Manipal Academy of Higher Education (MAHE)","Antiretroviral Chikitseyalli Aushadigala Anusarane","Literary work","","","","","cr_filed","Contact: irene.kawlni@learner.manipal.edu","Irene Kawlni"
"t-36","copyright","MCR17","Manipal Academy of Higher Education (MAHE)","Electronics Diabetes Diary","Literary work","","","","","cr_filed","Contact: geena.skaria@manipal.edu","Geena Skaria"
"t-37","copyright","MCR18","Manipal Academy of Higher Education (MAHE)","Computer Alogorithm","Literary work","","","","","cr_filed","Contact: vivek.dbmsmpl2023@learner.manipal.edu","Vivek"
"t-38","copyright","MCR19","Manipal Academy of Higher Education (MAHE)","Evaluation of anti-neuroinflammatory activity of insulin sensitizers in bacterial lipopolysaccharide induced neuroinflammation in Wistar rats","Literary work","","","","","cr_filed","Contact: vandana.blossom@manipal.edu","Vandana blossom"
"t-39","copyright","MCR20","Manipal Academy of Higher Education (MAHE)","An Educational Module on the Introduction to the Importance of 'Interprofessional Ethics and Communication' among Health Science Undergraduates: Facilitator's Guide","Literary work","LD-23962/2025-CO","2025-06-16","2025-01-10","","cr_registered","Contact: sushma.rk@manipal.edu | ROC No: LD-20250174935 | ROC Date: 2025-01-10","Sushma. RK"
"t-40","copyright","MCR21","Manipal Academy of Higher Education (MAHE)","Faculty Development Session to orient the Research team on the Conduct of the Educational Module ""Introduction to the Importance of ' Interprofessional Ethics and Communication' among Health Science Undergraduates"": A Facilitator's Framework","Literary work","LD-23959/2025-CO","2025-06-16","2025-01-10","","cr_registered","Contact: sushma.rk@manipal.edu | ROC No: LD-20250174944 | ROC Date: 2025-01-10","Sushma. RK"
"t-41","copyright","MCR22","Manipal Academy of Higher Education (MAHE)","Visually guided Breathing Exercises (VIBE) for children","Literary work","","","","","cr_filed","Contact: vijay.kk@manipal.edu","Vijay kk"
"t-42","copyright","MCR23","Manipal Academy of Higher Education (MAHE)","To understand the experiences of menstruation in biological woman with gender dysphoria: An Interview Guide","Literary work","LD-24176/2025-CO","2025-06-18","2025-08-28","","cr_registered","Contact: shwetha.ts@manipal.edu | ROC No: LD-20250172667 | ROC Date: 2025-08-28","Santoshini Datla; Sumita Rege; Shwetha T.S"
"t-43","copyright","MCR24","Manipal Academy of Higher Education (MAHE)","Virtual Visualization to Meditation – A Meditation Module for Hypertensive Patients","Literary work","LD-23958/2025-CO","2025-06-16","","","cr_discrepancy","Contact: kapila.sharma@learner.manipal.edu","Kapila Goswami Sharma; Manjula SD; Shobha U Kamath; M Mukhyaprana Prabhu; M G Ramesh Babu; Vasanthalaxmi K; Vani Lakshmi R"
"t-44","copyright","MCR25","Manipal Academy of Higher Education (MAHE)","Therapeutic Yoga Module (TYM) for Prediabetes","Literary work","LD-26745/2025-CO","2025-05-07","","","cr_discrepancy","Contact: gitika.bhasin@learner.manipal.edu","Annapoorna K; Manjula S.D.; Lavya Shetty; Rucha S Dafale; Gitika Bhasin"
"t-45","copyright","MCR26","Manipal Academy of Higher Education (MAHE)","Qualitative Survey Booklet on Type 2 Diabetes Mellitus: Perspectives from Patients, Caregivers, and Healthcare Providers","Literary work","","","","","cr_filed","Contact: geena.skaria@manipal.edu","Geena Skaria"
"t-46","copyright","MCR27","Manipal Academy of Higher Education (MAHE)","Views of Oncologists on Opioids for Cancer Pain Management: A Systematic Review Protocol.","Literary work","","","","","cr_filed","Contact: silja.sasi1@learner.manipal.edu","Silja Sasi"
"t-47","copyright","MCR28","Manipal Academy of Higher Education (MAHE)","Developing an Interview Topic Guide to Identify Oncologists Gatekeeping Behaviors in Opioid Usage for Cancer Pain Management: A Delphi Study Protocol","Literary work","","","","","cr_filed","Contact: silja.sasi1@learner.manipal.edu","Silja Sasi"
"t-48","copyright","MCR29","Manipal Academy of Higher Education (MAHE)","Views of Oncologists on Using Opioids for Cancer Pain Management in India: A Qualitative Study.","Literary work","","","","","cr_filed","Contact: silja.sasi1@learner.manipal.edu","Silja Sasi"
"t-49","copyright","MCR30","Manipal Academy of Higher Education (MAHE)","Cardiopulmonary Bypass Checklist","Literary work","LD-23933/2025-CO","2025-06-16","2025-10-10","","cr_registered","Contact: sainath.p@manipal.edu | ROC No: LD-20250175426 | ROC Date: 2025-10-10","Shriya; Glory Mini Mol A; Sainath p"
"t-50","copyright","MCR31","Manipal Academy of Higher Education (MAHE)","Manipal Manual of Radiation Physics Practicals","Literary work","LD-25559/2025-CO","2025-06-25","2025-12-08","","cr_registered","Contact: shreekripa.rao@manipal.edu | ROC No: LD-20250171430 | ROC Date: 2025-12-08","Shirley Lewis; Rechal Nisha Dsouza; Srinidhi G Chandraguthi; Jomol Thomas; Jomol Thomas; Shreekripa Rao"
"t-51","copyright","MCR32","Manipal Academy of Higher Education (MAHE)","Marupariksheyannu anusarisada rogigala kurithu arogya puraikedarara dristikonagalannu anweshisuvike: adetadegalu, araike vitaraneya mele parinama mattu thritiya araike aaspathreyallina phalithamshagalu : sandarshanada prashnavali (HeLTFU-IDIG)","Literary work","LD-23960/2025-CO","2025-06-16","2025-09-16","","cr_registered","Contact: raksha2.mchpmpl2023@learner.manipal.edu | ROC No: LD-20250173694 | ROC Date: 2025-09-16","Bhageerathy Reshmi; Raksha Kamath; Shwetha T.S; Raksha Kamath"
"t-52","copyright","MCR33","Manipal Academy of Higher Education (MAHE)","Adhika rakhtadotthada aaraikeya nirantharathege adethadegalu : chikithse anusarisalu aagade nillisuva (loss to follow - up) rogigaligaagi siddapadisida prashnavali (BCGC-IDIG)","Literary work","LD-23961/2025-CO","2025-06-16","2025-09-25","","cr_registered","Contact: raksha2.mchpmpl2023@learner.manipal.edu | ROC No: LD-20250174367 | ROC Date: 2025-09-25","Bhageerathy Reshmi; Weena Stanley; Shwetha T.S; Raksha Kamath"
"t-53","copyright","MCR34","Manipal Academy of Higher Education (MAHE)","Untitled Copyright Work","Literary work","","","","","cr_filed","Contact: geethika.kmcmpl2023@learner.manipal.edu","Geethika"
"t-54","copyright","MCR35","Manipal Academy of Higher Education (MAHE)","There is Always Hope: A Guide to Choosing Life","Literary work","LD-42356/2025-CO","2025-10-17","2026-04-20","","cr_registered","Contact: kallabi.borah@learner.manipal.edu | ROC No: LD-20260185498 | ROC Date: 2026-04-20","Kallabi Borah, Tessy Treesa Jose, ANIL KUMAR M N; Anil Kumar M N"
"t-55","copyright","MCR36","Manipal Academy of Higher Education (MAHE)","Knowledge, Attitude, and Practice (KAP) Questionnaire for Tuberculosis Patients with Type 2 Diabetes Mellitus Towards the Diseases and Medications","Literary work","LD-25171/2025-CO","2025-06-23","","","cr_discrepancy","Contact: pravachana.mcopsmpl2022@learner.manipal.edu","Malakapogu Pravachana; Sonal Sekhar M.; Kavitha Saravu; Manu Mohan K.; Chiranjay Mukhopadhyay; Chandrashekar U K."
"t-56","copyright","MCR37","Manipal Academy of Higher Education (MAHE)","Development and Validation of an Awareness, Attitude, and Practice (AAP) Questionnaire related to Occupational Therapy for Sleep Management in Neurological Conditions among Occupational Therapists","Literary work","LD-32067/2025-CO","2025-09-08","","","cr_registered","Contact: aathma.mchpmpl2023@learner.manipal.edu","Shashank Mehrotra; Shalini Quadros; Aathma S A"
"t-57","copyright","MCR38","Manipal Academy of Higher Education (MAHE)","Menstrual Health Guide for Indian Female Athletes","Literary work","LD-24645/2025-CO","2025-06-19","","","cr_discrepancy","Contact: alexanderagnesa@gmail.com","Tanugatri Majumder,; Agnes A; Anuj Aravind Kotian"
"t-58","copyright","MCR39","Manipal Academy of Higher Education (MAHE)","Feedback video from Athletes on the ""Menstrual Health Guide for Indian Female Athletes","Literary work","","","","","cr_filed","Contact: alexanderagnesa@gmail.com","Agnes A"
"t-59","copyright","MCR40","Manipal Academy of Higher Education (MAHE)","Questionnaire for assessing the risk factors of chronic kidney disease of unknown etiology","Literary work","LD-39663/2025-CO","2025-01-10","2026-03-20","","cr_registered","Contact: asha.rajan@learner.manipal.edu | ROC No: LD-20260183644 | ROC Date: 2026-03-20","Surulivel Rajan, Asha K Rajan, Girish Thunga; Shankar Prasad N, Ravindra Prabhu Attur, Shobha U Kamath, Veena Ganesh Kamath"
"t-60","copyright","MCR41","Manipal Academy of Higher Education (MAHE)","Sample Framework for Delphi Round 1 Expert Questionnaire on Adolescent Sports Mental Health Literacy Module Development","Literary work","LD-27997/2025-CO","2025-07-14","2025-07-10","","cr_registered","Contact: anjali1.psphmpl2024@learner.manipal.edu | ROC No: LD-20250175256 | ROC Date: 2025-07-10","Sebastian Padickaparambil; Ishwar Bhiradi; Usha Rani; Anjali Pradhan"
"t-61","copyright","MCR42","Manipal Academy of Higher Education (MAHE)","Conceptual Framework of the Adolescent Sports Mental Health Literacy (ASMHL) Scale","Literary work","LD-28299/2025-CO","2025-07-16","2025-12-12","","cr_registered","Contact: anjali1.psphmpl2024@learner.manipal.edu | ROC No: LD-20250178442 | ROC Date: 2025-12-12","Sebastian Padickaparambil; Ishwar Bhiradi; Usha Rani; Anjali Pradhan"
"t-62","copyright","MCR43","Manipal Academy of Higher Education (MAHE)","Preliminary In-depth Interview Guidebook on Adolescent Sports Mental Health: Perspectives of Physical Education Teachers","Literary work","LD-28208/2025-CO","2025-07-16","2025-03-10","","cr_registered","Contact: anjali1.psphmpl2024@learner.manipal.edu | ROC No: LD-20250175022 | ROC Date: 2025-03-10","Sebastian Padickaparambil; Ishwar Bhiradi; Usha Rani; Anjali Pradhan"
"t-63","copyright","MCR44","Manipal Academy of Higher Education (MAHE)","Untitled Copyright Work","Literary work","","","","","cr_filed","Contact: athira.rajeev@manipal.edu","Athira"
"t-64","copyright","MCR45","Manipal Academy of Higher Education (MAHE)","Questionnaire to Assess Knowledge, Attitudes and Practices towards Urinary Tract Infections (UTI's)","Literary work","LD-25604/2025-CO","2025-06-26","2025-11-17","","cr_registered","Contact: meghana1.mchpmpl2023@learner.manipal.edu | ROC No: LD-20250177264 | ROC Date: 2025-11-17","Vennilla J; Aneena Varghese; Asha Patil; Meghana Hegde"
"t-65","copyright","MCR46","Manipal Academy of Higher Education (MAHE)","Cadaveric specimen and schematic representation of face with facial artery and its branches","Literary work","AT-48111/2025-CO","2025-11-20","","","cr_registered","Contact: mamatha.h@manipal.edu","Mamatha H ,Jyotsna Bailur, Veeresh; Aamna Kausar, Soumyalatha Naveen"
"t-66","copyright","MCR47","Manipal Academy of Higher Education (MAHE)","Forensic Estimation of Sex and Stature by Vertebral Column Morphometry: A Postmortem Approach","Literary work","LD-51762/2025-CO","2025-12-12","2026-06-29","","cr_registered","Contact: lydia.quadros@manipal.edu | ROC No: LD-20260190246 | ROC Date: 2026-06-29","Iydia, SHREYA"
"t-67","copyright","MCR48","Manipal Academy of Higher Education (MAHE)","Phonological awareness training module in Kannada","Literary work","","","","","cr_filed","Contact: som.shekar@manipal.edu","Som"
"t-68","copyright","MCR49","Manipal Academy of Higher Education (MAHE)","Mindfulness Meditation for Pregnant Women (English)","Literary work","SR-36262/2025-CO","2025-09-09","","","cr_registered","Contact: rukmini.mchpmpl2022@learner.manipal.edu","PREETHA R; SHWETHA T.S; JYOTHI SHETTY; SRIVENI P.T.; RUKMINI PADIYAR"
"t-69","copyright","MCR50","Manipal Academy of Higher Education (MAHE)","Mindfulness Meditation for Pregnant Women (Kannada)","Literary work","SR-36264/2025-CO","2025-09-09","2025-12-17","","cr_registered","Contact: rukmini.mchpmpl2022@learner.manipal.edu | ROC No: SR-2025023775 | ROC Date: 2025-12-17","USHA R BHAT; PREETHA R; SHWETHA T.S; JYOTHI SHETTY; SRIVENI P.T.; RUKMINI PADIYAR"
"t-70","copyright","MCR51","Manipal Academy of Higher Education (MAHE)","DEMENTIA- PERCEIVED ABUSE AND NEGLECT QUESTIONNAIRE","Literary work","","","","","cr_filed","Contact: seelia.a@learner.manipal.edu","Seelia"
"t-71","copyright","MCR52","Manipal Academy of Higher Education (MAHE)","Untitled Copyright Work","Literary work","","","","","cr_filed","Contact: rucha.dafale@learner.manipal.edu","Rucha"
"t-72","copyright","MCR53","Manipal Academy of Higher Education (MAHE)","A structured questionnaire on ergonomic awareness among ICU nurses","Literary work","","","","","cr_filed","Contact: priyanka.kmcmpl2022@learner.manipal.edu","Priyanka"
"t-73","copyright","MCR54","Manipal Academy of Higher Education (MAHE)","Enhancing Spinal Health: Prevention and Awareness for Nurses","Literary work","CF-37543/2025-CO","2025-09-17","2026-11-02","","cr_registered","Contact: priyanka.kmcmpl2022@learner.manipal.edu | ROC No: CF-202606172 | ROC Date: 2026-11-02","Suba Sooria; Shyamasunder Bhat N; Mohandas Rao KG; Bincy M George; Priyanka Nayak"
"t-74","copyright","MCR55","Manipal Academy of Higher Education (MAHE)","English PIS Interviews - Hospital Staff","Literary work","LD-26176/2025-CO","2025-06-30","2025-10-21","","cr_registered","Contact: dnyata.psphmpl2023@learner.manipal.edu | ROC No: LD-20250176225 | ROC Date: 2025-10-21","Usha Rani; Anitha Nileshwar; Somu G; Dnyata Dhanajirao Pandit"
"t-75","copyright","MCR56","Manipal Academy of Higher Education (MAHE)","Kannada PIS Survey - Patient (Intervention Group)","Literary work","LD-27777/2025-CO","2025-12-07","2025-10-21","","cr_registered","Contact: dnyata.psphmpl2023@learner.manipal.edu | ROC No: LD-20250176107 | ROC Date: 2025-10-21","Usha Rani; Anitha Nileshwar; Somu G; Dnyata Dhanajirao Pandit"
"t-76","copyright","MCR57","Manipal Academy of Higher Education (MAHE)","English PIS Survey - Patient Caregiver (Intervention group)""","Literary work","LD-26200/2025-CO","2025-06-30","2025-12-08","","cr_registered","Contact: dnyata.psphmpl2023@learner.manipal.edu | ROC No: LD-20250171419 | ROC Date: 2025-12-08","Usha Rani; Anitha Nileshwar; Somu G; Dnyata Dhanajirao Pandit"
"t-77","copyright","MCR58","Manipal Academy of Higher Education (MAHE)",""" English PIS Survey - Patient (Intervention group)""","Literary work","LD-26190/2025-CO","2025-06-30","2025-09-29","","cr_registered","Contact: dnyata.psphmpl2023@learner.manipal.edu | ROC No: LD-20250174769 | ROC Date: 2025-09-29","Usha Rani; Anitha Nileshwar; Somu G; Dnyata Dhanajirao Pandit"
"t-78","copyright","MCR59","Manipal Academy of Higher Education (MAHE)",""" English PIS Survey - Patient Caregiver (Control group)""","Literary work","LD-26194/2025-CO","2025-06-30","","","cr_discrepancy","Contact: dnyata.psphmpl2023@learner.manipal.edu","Usha Rani; Anitha Nileshwar; Somu G; Dnyata Dhanajirao Pandit"
"t-79","copyright","MCR60","Manipal Academy of Higher Education (MAHE)",""" English PIS Interviews- Patient Caregivers'","Literary work","LD-26185/2025-CO","2025-06-30","2025-11-11","","cr_registered","Contact: dnyata.psphmpl2023@learner.manipal.edu | ROC No: LD-20250176865 | ROC Date: 2025-11-11","Usha Rani; Anitha Nileshwar; Somu G; Dnyata Dhanajirao Pandit"
"t-80","copyright","MCR61","Manipal Academy of Higher Education (MAHE)",""" Kannada PIS Interviews- Patient Caregivers""","Literary work","LD-28048/2025-CO","2025-07-15","2025-07-10","","cr_registered","Contact: dnyata.psphmpl2023@learner.manipal.edu | ROC No: LD-20250175228 | ROC Date: 2025-07-10","Usha Rani; Anitha Nileshwar; Somu G; Dnyata Dhanajirao Pandit"
"t-81","copyright","MCR62","Manipal Academy of Higher Education (MAHE)","Kannada PIS Interviews - Hospital Staff","Literary work","LD-26761/2025-CO","2025-05-07","2025-08-29","","cr_registered","Contact: dnyata.psphmpl2023@learner.manipal.edu | ROC No: LD-20250172776 | ROC Date: 2025-08-29","Usha Rani; Anitha Nileshwar; Somu G; Dnyata Dhanajirao Pandit"
"t-82","copyright","MCR63","Manipal Academy of Higher Education (MAHE)",""" Kannada PIS Suvey - Patient Caregiver (Control group)""","Literary work","","","","","cr_filed","Contact: dnyata.psphmpl2023@learner.manipal.edu","Usha Rani; Anitha Nileshwar; Somu G; Dnyata Dhanajirao Pandit"
"t-83","copyright","MCR64","Manipal Academy of Higher Education (MAHE)",""" Kannada PIS Survey - Patient Caregiver (Intewention group)""","Literary work","LD-27776/2025-CO","2025-12-07","2025-01-12","","cr_registered","Contact: dnyata.psphmpl2023@learner.manipal.edu | ROC No: LD-20250178018 | ROC Date: 2025-01-12","Usha Rani; Anitha Nileshwar; Somu G; Dnyata Dhanajirao Pandit"
"t-84","copyright","MCR65","Manipal Academy of Higher Education (MAHE)","A SURVEY TOOL TO ASSESS THE FACTORS INFLUENCING WOMEN’S REPRODUCTIVE AUTONOMY","Literary work","LD-29130/2025-CO","2025-07-22","","","cr_discrepancy","Contact: dale.fernandes@learner.manipal.edu","Shashikala K Bhat; RUPAMBIKA SAHOO, SEBESTINA ANITA DSOUZA"
"t-85","copyright","MCR66","Manipal Academy of Higher Education (MAHE)","Mom and Me: An Occupational Therapy Early Intervention Program for preterm Infant (Therapist Manual)","Literary work","LD-1826/2026-CO","2026-01-13","2026-08-07","","cr_registered","Contact: rupambika.sahoo@learner.manipal.edu | ROC No: LD-20260191275 | ROC Date: 2026-08-07",""
"t-86","copyright","MCR67","Manipal Academy of Higher Education (MAHE)","Questionnaire for assessing the 'Patients' Knowledge, Attitude, and Practice of the IP (Interprofessional) approach in Diabetic foot care","Literary work","LD-26162/2025-CO","2025-06-30","2025-10-11","","cr_registered","Contact: sushma.rk@manipal.edu | ROC No: LD-20250176831 | ROC Date: 2025-10-11","Elsa Sanatombi Devi; Arun G Maiya; Bhukya Nom Kumar Naik; Sushma. RK"
"t-87","copyright","MCR68","Manipal Academy of Higher Education (MAHE)","Questionnaire for assessing the ‘Healthcare workers’ perceptions on the importance of Interprofessional approach to diabetic foot ulcers (DFU) and foot care","Literary work","LD-26164/2025-CO","2025-06-30","2025-08-29","","cr_registered","Contact: sushma.rk@manipal.edu | ROC No: LD-20250172809 | ROC Date: 2025-08-29","Elsa Sanatombi Devi; Arun G Maiya; Bhukya Nom Kumar Naik; Sushma. RK"
"t-88","copyright","MCR69","Manipal Academy of Higher Education (MAHE)","Pre-Participation Health-Screening & Cardio-Pulmonary-Resuscitation Awareness & Knowledge Questionnaire (PHCAKQ)","Literary work","LD-34414/2025-CO","2025-08-26","2025-12-30","","cr_registered","Contact: ashish.john@manipal.edu | ROC No: LD-20250179163 | ROC Date: 2025-12-30","Jeedhu Radhakrishnan; Saloni Jain; Abraham M. Joshua; Ashish John Prabhakar"
"t-89","copyright","MCR70","Manipal Academy of Higher Education (MAHE)","Review of metabolic screening tests done in Inborn Error of Metabolism Laboratory in a Tertiary Care Hospital.","Literary work","","","","","cr_filed","Contact: anitha.pr@manipal.edu","Anitha"
"t-90","copyright","MCR71","Manipal Academy of Higher Education (MAHE)","Association of Serum Copper with Diabetic Retinopathy Grading.","Literary work","","","","","cr_filed","Contact: anitha.pr@manipal.edu","Anitha"
"t-91","copyright","MCR72","Manipal Academy of Higher Education (MAHE)","In-Depth Interview Guide: Exploring the Needs of Healthcare Professionals for Development of an Early Intervention Device for Preterm Infants.","Literary work","LD-27124/2025-CO","2025-08-07","2025-08-29","","cr_registered","Contact: indira.mchpmpl2022@learner.manipal.edu | ROC No: LD-20250172909 | ROC Date: 2025-08-29","Sivakumar Gopalakrishnan; Bhamini Krishna Rao; Indira"
"t-92","copyright","MCR73","Manipal Academy of Higher Education (MAHE)","In-Depth Interview Guide: Exploring the Needs of Parents of Preterm Infant for Development of an Early Intervention Device","Literary work","LD-26692/2025-CO","2025-04-07","2025-10-21","","cr_registered","Contact: indira.mchpmpl2022@learner.manipal.edu | ROC No: LD-20250176148 | ROC Date: 2025-10-21","Varalakshmi Chandra Sekaran; Sivakumar Gopalakrishnan; Bhamini Krishna Rao; Indira"
"t-93","copyright","MCR74","Manipal Academy of Higher Education (MAHE)","In- Depth Interview Guide: Exploring the needs of parents of Preterm Infant for Development of an Early Intervention Device (Kannada Version)","Literary work","KAN -LD-26763/2025-CO","2025-05-07","2025-01-12","","cr_registered","Contact: indira.mchpmpl2022@learner.manipal.edu | ROC No: LD-20250178009 | ROC Date: 2025-01-12","Varalakshmi Chandra Sekaran; Sivakumar Gopalakrishnan; Bhamini Krishna Rao; Indira"
"t-94","copyright","MCR75","Manipal Academy of Higher Education (MAHE)","Untitled Copyright Work","Literary work","","","","","cr_filed","Contact: aradhana.marathe@manipal.edu","Aradhana"
"t-95","copyright","MCR76","Manipal Academy of Higher Education (MAHE)","Coronary Intravascular Ultrasound (IVUS) Report Format","Literary work","LD-26678/2025-CO","2025-04-07","2025-12-08","","cr_registered","Contact: naik.karthik@manipal.edu | ROC No: LD-20250171421 | ROC Date: 2025-12-08","Umesh Pai M,; Shubhashree Shailaja Salian,; Disha A Shetty,; karthik A Naik"
"t-96","copyright","MCR77","Manipal Academy of Higher Education (MAHE)","Self-reported Questionnaire to assess recreational noise exposure in young adults","Literary work","LD-26350/2025-CO","2025-02-07","2025-08-29","","cr_registered","Contact: shresta.mchpmpl2023@learner.manipal.edu | ROC No: LD-20250172797 | ROC Date: 2025-08-29","Hari Prakash Palanisamy; Bhargavi Puthige Gunasheela,; Shresta Padukone,"
"t-97","copyright","MCR78","Manipal Academy of Higher Education (MAHE)","Development of Loudness Discomfort Level estimation procedure for children aged 6 to 8 years","Literary work","AT-26587/2025-CO","2025-04-07","2025-12-24","","cr_registered","Contact: reshma.mchpmpl2023@learner.manipal.edu | ROC No: AT-20250162983 | ROC Date: 2025-12-24","Hari Prakash P; Archana G; Reshma Susan Roy"
"t-98","copyright","MCR79","Manipal Academy of Higher Education (MAHE)","Adolescent Sports Mental Health Literacy- Conceptual Diagram","Literary work","AT-31316/2025-CO","2025-05-08","","","cr_filed","Contact: anjali1.psphmpl2024@learner.manipal.edu","Sebastian Padickaparambil; Ishwar Bhiradi; Usha Rani; Anjali Pradhan"
"t-99","copyright","MCR80","Manipal Academy of Higher Education (MAHE)","Importance of Digital Adolescent Sports Mental Health Literacy Program for Physical Education Teachers","Literary work","AT-31319/2025-CO","2025-05-08","2025-10-17","","cr_registered","Contact: anjali1.psphmpl2024@learner.manipal.edu | ROC No: AT-20250162029 | ROC Date: 2025-10-17","Sebastian Padickaparambil; Ishwar Bhiradi; Usha Rani; Anjali Pradhan"
"t-100","copyright","MCR81","Manipal Academy of Higher Education (MAHE)","Current Needs and Challenges of Physical Education Teachers in the Udupi District","Literary work","AT-31321/2025-CO","2025-05-08","2025-12-11","","cr_registered","Contact: anjali1.psphmpl2024@learner.manipal.edu | ROC No: AT-20250162473 | ROC Date: 2025-12-11","Sebastian Padickaparambil; Ishwar Bhiradi; Usha Rani; Anjali Pradhan"
"t-101","copyright","MCR82","Manipal Academy of Higher Education (MAHE)","Literature Review Framework for Sports Mental Health Literacy","Literary work","AT-31324/2025-CO","2025-05-08","2025-12-24","","cr_registered","Contact: anjali1.psphmpl2024@learner.manipal.edu | ROC No: AT-20250163016 | ROC Date: 2025-12-24","Sebastian Padickaparambil; Ishwar Bhiradi; Usha Rani; Anjali Pradhan"
"t-102","copyright","MCR83","Manipal Academy of Higher Education (MAHE)","Sports Mental Health Literacy Pyramid- Language Matters","Literary work","AT-31326/2025-CO","2025-05-08","2025-10-09","","cr_registered","Contact: anjali1.psphmpl2024@learner.manipal.edu | ROC No: AT-20250161091 | ROC Date: 2025-10-09","Sebastian Padickaparambil; Ishwar Bhiradi; Usha Rani; Anjali Pradhan"
"t-103","copyright","MCR84","Manipal Academy of Higher Education (MAHE)","Flowchart: Development and Evaluation of Adolescent Sports Mental Health Literacy (ASMHL) Digital Platform","Literary work","AT-32064/2025-CO","2025-09-08","","","cr_filed","Contact: anjali1.psphmpl2024@learner.manipal.edu","Sebastian Padickaparambil; Ishwar Bhiradi; Usha Rani; Anjali Pradhan"
"t-104","copyright","MCR85","Manipal Academy of Higher Education (MAHE)","Study Framework: Development of Adolescent Sports Mental Health Literacy (ASMHL) Digital Intervention","Literary work","AT-32065/2025-CO","2025-09-08","","","cr_registered","Contact: anjali1.psphmpl2024@learner.manipal.edu","Sebastian Padickaparambil; Ishwar Bhiradi; Usha Rani; Anjali Pradhan"
"t-105","copyright","MCR86","Manipal Academy of Higher Education (MAHE)","Types of Adolescent Mental Health Interventions","Literary work","AT-32072/2025-CO","2025-09-08","2025-09-25","","cr_registered","Contact: anjali1.psphmpl2024@learner.manipal.edu | ROC No: AT-20250161676 | ROC Date: 2025-09-25","Sebastian Padickaparambil; Ishwar Bhiradi; Usha Rani; Anjali Pradhan"
"t-106","copyright","MCR87","Manipal Academy of Higher Education (MAHE)","Understanding the use of creative occupations in occupational therapy: A guide to therapists' perspectives and experiences","Literary work","LD-51768/2025-CO""","2025-12-12","2026-05-29","","cr_registered","Contact: nishi.mchp@manipal.edu | ROC No: LD-20260187951 | ROC Date: 2026-05-29","Nishi, GURUPRASAD, SHASHANK MEHROTRA,"
"t-107","copyright","MCR88","Manipal Academy of Higher Education (MAHE)","Extraction of Chlorpyrifos from biological matrices","Literary work","LD-32070/2025-CO","2025-09-08","2025-11-28","","cr_registered","Contact: prerna.juneja@learner.manipal.edu | ROC No: LD-20250177872 | ROC Date: 2025-11-28","Shankar M Bakkannavar; Vinutha R Bhat; Monalisa Biswas; Ysphaneendramallimoggala; Prerna Juneja"
"t-108","copyright","MCR89","Manipal Academy of Higher Education (MAHE)","Extraction of Cypermethrin from biological matrices","Literary work","LD-32063/2025-CO","2025-09-08","2025-10-10","","cr_registered","Contact: prerna.juneja@learner.manipal.edu | ROC No: LD-20250175477 | ROC Date: 2025-10-10","Shankar M Bakkannavar; Vinutha R Bhat; Monalisa Biswas; Ysphaneendramallimoggala; Prerna Juneja"
"t-109","copyright","MCR90","Manipal Academy of Higher Education (MAHE)","Module for parents of children with autism spectrum disorder","Literary work","","","","","cr_filed","Contact: calida.pinto@learner.manipal.edu","calida"
"t-110","copyright","MCR91","Manipal Academy of Higher Education (MAHE)","Assessment of survivors' knowledge and awareness of Acute Kidney Injury (ASK-AKI) Questionnaire","Literary work","LD-35464/2025-CO","2025-03-09","2025-12-11","","cr_registered","Contact: shayoli.kmcmpl2024@learner.manipal.edu | ROC No: LD-20250176915 | ROC Date: 2025-12-11","Veena NK; Dharshan Rangaswamy; Indu Ramachandra Rao; Shayoli Sarkar"
"t-111","copyright","MCR92","Manipal Academy of Higher Education (MAHE)","Comprehensive Cough Therapy Program","Literary work","LD-37015/2025-CO","","","","cr_registered","Contact: yamini.kmcmlr2022@learner.manipal.edu","Yamini Venkatraman Radish Kumar Balasubramanium Vishak Acharya Malavika Anakkathil Anil Megha Mohan Dhanshree R Gunjawate Sindhu Kamath Ajithesh N H Neetinakumar J Patil Poovitha Shruthi P Anand R Rajesh V Basavaprabhu Achappa Arun S Deviprasad D Meera Niranjan Khadilkar Vijay Pratap Singh Namrata Singh Chauhan Anup Bhat Hritika Pai Vinisha Nair Priyanka Nayak"
"t-112","copyright","MCR93","Manipal Academy of Higher Education (MAHE)","Manipal Mental Health First Aid","Literary work","","","","","cr_filed","Contact: sooraj.k@learner.manipal.edu","Sooraj Kookal"
"t-113","copyright","MCR94","Manipal Academy of Higher Education (MAHE)","video-1 Anxiety.mp4","Literary work","","","","","cr_filed","Contact: sooraj.k@learner.manipal.edu","Sooraj Kookal"
"t-114","copyright","MCR95","Manipal Academy of Higher Education (MAHE)","Video-2 depression.mp4","Literary work","","","","","cr_filed","Contact: sooraj.k@learner.manipal.edu","Sooraj Kookal"
"t-115","copyright","MCR96","Manipal Academy of Higher Education (MAHE)","Video-3 Schizophrenia.mp4","Literary work","","","","","cr_filed","Contact: sooraj.k@learner.manipal.edu","Sooraj Kookal"
"t-116","copyright","MCR97","Manipal Academy of Higher Education (MAHE)","DEMOGRAPHIC PROFORMA","Literary work","LD-34907/2025-CO","2025-08-30","2025-12-17","","cr_registered","Contact: sooraj.k@learner.manipal.edu | ROC No: LD-20250178552 | ROC Date: 2025-12-17","Linu Sara Geroge; Jyothi Chakrabarty; Sooraj Kookal"
"t-117","copyright","MCR98","Manipal Academy of Higher Education (MAHE)","Skill Assessment Rubric Based on Manipal Mental Health First Aid strategy– SOLVE","Literary work","LD-34913/2025-CO","2025-08-30","","","cr_registered","Contact: sooraj.k@learner.manipal.edu","Linu Sara Geroge; Jyothi Chakrabarty; Sooraj Kookal"
"t-118","copyright","MCR99","Manipal Academy of Higher Education (MAHE)","Website Architecture and User Flow for An Emotional Well-Being Platform-Studentsphere : User and Admin Authentication Flow","Literary work","LD-28549/2025-CO","2025-07-17","2025-03-11","","cr_registered","Contact: thamizh.mani@learner.manipal.edu | ROC No: LD-20250176727 | ROC Date: 2025-03-11","Sujithra Alias Kanmani R; Nirmal Krishnan M; Mamatha Shivananda Pai; Vikram Palimar; Lata Satyen; Ramana Kumar Vinjamuri; R Thamizh Mani"
"t-119","copyright","MCR100","Manipal Academy of Higher Education (MAHE)","Website Architecture and User Flow for an Emotional Well-Being Platform-Studentsphere- Overall Website Structure and Features.","Literary work","LD-28545/2025-CO","2025-07-17","2025-10-21","","cr_registered","Contact: thamizh.mani@learner.manipal.edu | ROC No: LD-20250176052 | ROC Date: 2025-10-21","Sujithra Alias Kanmani R; Nirmal Krishnan M; Mamatha Shivananda Pai; Vikram Palimar; Lata Satyen; Ramana Kumar Vinjamuri; R Thamizh Mani"
"t-120","copyright","MCR101","Manipal Academy of Higher Education (MAHE)","Website Architecture and User Flow for An Emotional Well-Being Platform-Studentsphere : Sentiment Analysis and Data Processing","Literary work","LD-28552/2025-CO","2025-07-17","2025-09-23","","cr_registered","Contact: thamizh.mani@learner.manipal.edu | ROC No: LD-20250174262 | ROC Date: 2025-09-23","Sujithra Alias Kanmani R; Nirmal Krishnan M; Mamatha Shivananda Pai; Vikram Palimar; Lata Satyen; Ramana Kumar Vinjamuri; R Thamizh Mani"
"t-121","copyright","MCR102","Manipal Academy of Higher Education (MAHE)","Sentiment Analysis and Mental Health Assessment using Azure Tools: A Comparative Study with Pre-Existing Models for Enhanced Detection and Classification - Detailed Architecture Diagram","Literary work","LD-28616/2025-CO","2025-07-17","2025-09-23","","cr_registered","Contact: thamizh.mani@learner.manipal.edu | ROC No: LD-20250174267 | ROC Date: 2025-09-23","Lata Satyen; Ramana Kumar Vinjamuri; Shashank Singh; A J Dazzle; Sujithra Alias Kanmani R; Nirmal Krishnan M; Mamatha Shivananda Pai; Vikram Palimar; R Thamizh Mani"
"t-122","copyright","MCR103","Manipal Academy of Higher Education (MAHE)","Sentiment Analysis and Mental Health Assessment using Azure Tools: A Comparative Study with Pre-Existing Models for Enhanced Detection and Classification - Overview Architecture Diagram","Literary work","LD-28615/2025-CO","2025-07-17","2025-09-09","","cr_registered","Contact: thamizh.mani@learner.manipal.edu | ROC No: LD-20250173454 | ROC Date: 2025-09-09","Lata Satyen; Ramana Kumar Vinjamuri; Shashank Singh; A J Dazzle; Sujithra Alias Kanmani R; Nirmal Krishnan M; Mamatha Shivananda Pai; Vikram Palimar; R Thamizh Mani"
"t-123","copyright","MCR104","Manipal Academy of Higher Education (MAHE)","The Role of Copper in Pregnancy","Literary work","AT-29235/2025-CO","2025-07-22","2026-05-26","","cr_registered","Contact: ashwini.kmcmpl2023@learner. manipal.edu | ROC No: AT-20260165236 | ROC Date: 2026-05-26","Vijetha Shenoy Belle; Ashwini V Rao"
"t-124","copyright","MCR105","Manipal Academy of Higher Education (MAHE)","Unveiling the Role of Copper Deficiency in Intrauterine Growth Restriction and Neonatal Health","Literary work","AT-29243/2025-CO","2025-07-22","","","cr_filed","Contact: ashwini.kmcmpl2023@learner. manipal.edu","Vijetha Shenoy Belle; Ashwini V Rao"
"t-125","copyright","MCR106","Manipal Academy of Higher Education (MAHE)","Iron Deficiency in Pregnancy - A Key Contributor to Intrauterine Growth Restriction","Literary work","AT-29247/2025-CO","2025-07-22","2025-11-17","","cr_registered","Contact: ashwini.kmcmpl2023@learner. manipal.edu | ROC No: AT-20250162531 | ROC Date: 2025-11-17","Vijetha Shenoy Belle; Ashwini V Rao"
"t-126","copyright","MCR107","Manipal Academy of Higher Education (MAHE)","Key Functions of Iron in Pregnancy","Literary work","AT-29654/2025-CO","2025-07-25","2025-12-11","","cr_registered","Contact: ashwini.kmcmpl2023@learner. manipal.edu | ROC No: AT-20250162497 | ROC Date: 2025-12-11","Vijetha Shenoy Belle; Ashwini V Rao"
"t-127","copyright","MCR108","Manipal Academy of Higher Education (MAHE)","The Critical Role of LCPUFA in Pregnancy - From Maternal Health to Fetal Well-Being","Literary work","AT-29653/2025-CO","2025-07-25","2025-12-24","","cr_registered","Contact: ashwini.kmcmpl2023@learner. manipal.edu | ROC No: AT-20250163024 | ROC Date: 2025-12-24","Vijetha Shenoy Belle; Ashwini V Rao"
"t-128","copyright","MCR109","Manipal Academy of Higher Education (MAHE)","Transport of Long Chain Polyunsaturated Fatty Acids (LCPUFA) from the mother to the fetus in pregnancy","Literary work","AT-29651/2025-CO","2025-07-25","","","cr_discrepancy","Contact: ashwini.kmcmpl2023@learner. manipal.edu","Vijetha Shenoy Belle; Ashwini V Rao"
"t-129","copyright","MCR110","Manipal Academy of Higher Education (MAHE)","Metabolic Functions of Zinc during Pregnancy","Literary work","AT-29626/2025-CO","2025-07-25","2026-05-26","","cr_registered","Contact: ashwini.kmcmpl2023@learner. manipal.edu | ROC No: AT-20260165225 | ROC Date: 2026-05-26","Vijetha Shenoy Belle; Ashwini V Rao"
"t-130","copyright","MCR111","Manipal Academy of Higher Education (MAHE)","Zinc Deficiency in Pregnancy: A Pathway to Intrauterine Growth Restriction","Literary work","AT-29628/2025-CO","2025-07-25","2025-12-17","","cr_registered","Contact: ashwini.kmcmpl2023@learner. manipal.edu | ROC No: AT-20250162874 | ROC Date: 2025-12-17","Vijetha Shenoy Belle; Ashwini V Rao"
"t-131","copyright","MCR112","Manipal Academy of Higher Education (MAHE)","Role of Arachidonic acid and Docosahexaenoic acid in Neuronal Mechanisms","Literary work","AT-29649/2025-CO","2025-07-25","","","cr_discrepancy","Contact: ashwini.kmcmpl2023@learner. manipal.edu","Vijetha Shenoy Belle; Ashwini V Rao"
"t-132","copyright","MCR113","Manipal Academy of Higher Education (MAHE)","Brief Classification of Fatty Acids","Literary work","AT-29630/2025-CO","2025-07-25","2025-10-14","","cr_registered","Contact: ashwini.kmcmpl2023@learner. manipal.edu | ROC No: AT-20250161960 | ROC Date: 2025-10-14","Vijetha Shenoy Belle; Ashwini V Rao"
"t-133","copyright","MCR114","Manipal Academy of Higher Education (MAHE)","Fatty Acid Classification Based on Chain Length with Examples","Literary work","AT-29981/2025-CO","2025-07-28","2025-12-24","","cr_registered","Contact: ashwini.kmcmpl2023@learner. manipal.edu | ROC No: AT-20250163028 | ROC Date: 2025-12-24","Vijetha Shenoy Belle; Ashwini V Rao"
"t-134","copyright","MCR115","Manipal Academy of Higher Education (MAHE)","Fatty Acid Classification Based on Nutritional Essentiality and Functional Groups with Examples","Literary work","AT-29786/2025-CO","2025-07-26","2025-01-09","","cr_registered","Contact: ashwini.kmcmpl2023@learner. manipal.edu | ROC No: AT-20250160999 | ROC Date: 2025-01-09","Vijetha Shenoy Belle; Ashwini V Rao"
"t-135","copyright","MCR116","Manipal Academy of Higher Education (MAHE)","Fatty Acid Classification Based on Saturation with Examples","Literary work","AT-29789/2025-CO","2025-07-26","2026-05-26","","cr_registered","Contact: ashwini.kmcmpl2023@learner. manipal.edu | ROC No: AT-20260165238 | ROC Date: 2026-05-26","Vijetha Shenoy Belle; Ashwini V Rao"
"t-136","copyright","MCR117","Manipal Academy of Higher Education (MAHE)","Workflow for Maternal Samples for fatty acids and microminerals estimation.","Literary work","AT-29790/2025-CO","2025-07-26","","","cr_registered","Contact: ashwini.kmcmpl2023@learner. manipal.edu","Vijetha Shenoy Belle; Ashwini V Rao"
"t-137","copyright","MCR118","Manipal Academy of Higher Education (MAHE)","Workflow for Neonatal Samples for fatty acids and microminerals estimation.","Literary work","AT-29794/2025-CO","2025-07-26","2025-09-09","","cr_registered","Contact: ashwini.kmcmpl2023@learner. manipal.edu | ROC No: AT-20250161070 | ROC Date: 2025-09-09","Vijetha Shenoy Belle; Ashwini V Rao"
"t-138","copyright","MCR119","Manipal Academy of Higher Education (MAHE)","PON2-Mediated Radiotherapy Resistance via ER Stress Reduction and Survival Pathway Activation","Literary work","","","","","cr_filed","Contact: vedant.mehta1@learner.manipal.edu","Vedant"
"t-139","copyright","MCR120","Manipal Academy of Higher Education (MAHE)","Mahileyara Santhanothpathi Swayutthatheya Mele Prabhava Beeruva Amshagalannu Nirnayisalu Vondu Sameeksha Sadhana","Literary work","LD-33776/2025-CO","2025-08-22","2025-10-15","","cr_registered","Contact: dale.fernandes@learner.manipal.edu | ROC No: LD-20250175913 | ROC Date: 2025-10-15","Shashikala K Bhat; Dale Senora Fernandes"
"t-140","copyright","MCR121","Manipal Academy of Higher Education (MAHE)","Manipal Autism Screening Tool for Infants (MAST-I)","Literary work","LD-34909/2025-CO","2025-08-30","","","cr_registered","Contact: sreelakshmi.c@learner.manipal.edu","Bellur Rajashekhar.; Vani Lakshmi R.; Shrikiran Aroor; Veena K. D.; Ashitha Sreelakshmi C. A."
"t-141","copyright","MCR122","Manipal Academy of Higher Education (MAHE)","Koraga budakattu samudayada 5-10 varsha vayasina makkalalli apoushtikathe matthu hotte hulagala baadheyannu nirnayisalu makkala poshakaru/ aaraike maaduvavaralli gyana, varthane matthu abhyasada moulyamaapana","Literary work","LD-37554/2025-CO","2025-09-17","2025-11-27","","cr_registered","Contact: sowmya.pujari@learner.manipal.edu | ROC No: LD-20250177644 | ROC Date: 2025-11-27","Unnikrishnan B; Elsa Sanatombi Devi; Suneel C Mundkur; Sreedharan; Ranjitha S Shetty; Girish Thunga; Sowmya Pujari"
"t-142","copyright","MCR123","Manipal Academy of Higher Education (MAHE)","Dupuytren’s Patient Performa Score.","Literary work","","","","","cr_filed","Contact: navaneeth.kmcmpl2022@learner.manipal.edu",""
"t-143","copyright","MCR124","Manipal Academy of Higher Education (MAHE)","Don’t Just Walk Out, Heads Up Before Heads Out: The LAMA Checklist","Literary work","LD-33583/2025-CO","2025-08-21","","","cr_registered","Contact: kajal.shetty@manipal.edu","Avancha Chinmayee Sai Sathya; Borra Hema; Kajal R Shetty"
"t-144","copyright","MCR125","Manipal Academy of Higher Education (MAHE)","Anaesthesia & Operation Theatre Technology Logbook Format","Literary work","LD-33586/2025-CO","2025-08-21","2026-03-03","","cr_registered","Contact: kajal.shetty@manipal.edu | ROC No: LD-20260182813 | ROC Date: 2026-03-03","Vinitha A; Kajal R Shetty"
"t-145","copyright","MCR126","Manipal Academy of Higher Education (MAHE)","DATA COLLECTION PROFORMA-EVALUATION OF POST-OPERATIVE QUADRICEPS MUSCLE RECOVERY PATTERN, FUNCTION, AND QUALITY OF LIFE FOLLOWING TOTAL KNEE ARTHROPLASTY IN INDIVIDUALS WITH OSTEOARTHRITIS OF THE KNEE","Literary work","LD-50814/2025-CO","2025-06-12","2026-03-03","","cr_registered","Contact: saidanshetty10@gmail.com | ROC No: LD-20260182937 | ROC Date: 2026-03-03","Saidan Shetty,Bincy M George, Sandeep Vijayan, Mohandas Rao KG"
"t-146","copyright","MCR127","Manipal Academy of Higher Education (MAHE)","Breastfeeding Questionnaire to assess knowledge. attitude, and practices among lactating mothers","Literary work","LD-34416/2025-CO","2025-08-26","2025-12-11","","cr_registered","Contact: blessline.mchpmpl2023@learner.manipal.edu | ROC No: LD-20250176977 | ROC Date: 2025-12-11","Nuthan N Kamath; Anusuya V Prabhu; Deepa N; Shashikala K Bhat; Veena K D; Blessline Nibisha B V"
"t-147","copyright","MCR128","Manipal Academy of Higher Education (MAHE)","Untitled Copyright Work","Literary work","","","","","cr_filed","Contact: binita.mconmpl2023@learner.manipal.edu",""
"t-148","copyright","MCR129","Manipal Academy of Higher Education (MAHE)","Untitled Copyright Work","Literary work","","","","","cr_filed","Contact: champa.s@smims.smu.edu.in",""
"t-149","copyright","MCR130","Manipal Academy of Higher Education (MAHE)","Comprehensive Assessment of Renal Transplant Recipient (CARe-TR)","Literary work","LD-29128/2025-CO","2025-07-22","2025-11-09","","cr_registered","Contact: kuldeep.deka@manipal.edu | ROC No: LD-20250173621 | ROC Date: 2025-11-09","Rohith Nayak; Anjan Barkataky; Benil Hafeeq K P; Sulfikar Ali A; Tarushi Tanwar; Kuldeep Deka"
"t-150","copyright","MCR131","Manipal Academy of Higher Education (MAHE)","Program Evaluation Questionnaire (PEQ) for Assessing the Effectiveness of the Worm Infestation and Nutritional Status (WINS) Educational Program Among Parents/Guardians of Koraga Tribal Children","Literary work","LD-29149/2025-CO","2025-07-22","2025-12-11","","cr_registered","Contact: sowmya.pujari@learner.manipal.edu | ROC No: LD-20250177237 | ROC Date: 2025-12-11","Unnikrishnan B; Elsa Sanatombi Devi; Suneel C Mundkur; Ranjitha S Shetty; Girish Thunga; Sreedharan; Sowmya Pujari"
"t-151","copyright","MCR132","Manipal Academy of Higher Education (MAHE)","Continuum Assessment for Recovery & Engagement (CARE) tool for women with Cardiovascular Diseases","Literary work","LD-32069/2025-CO","2025-09-08","2025-11-28","","cr_registered","Contact: lewis.mitchelle@manipal.edu | ROC No: LD-20250177911 | ROC Date: 2025-11-28","Judith A Noronha; Arathi P Rao; Mitchelle S Lewis"
"t-152","copyright","MCR133","Manipal Academy of Higher Education (MAHE)","Puberty in my differently abled daughter - I am not worried","Literary work","LD-34900/2025-CO","2025-08-30","","","cr_registered","Contact: arathi.anil@manipal.edu","Shyamala Guruvare; Hitesh Shah; Arathi Rao"
"t-153","copyright","MCR134","Manipal Academy of Higher Education (MAHE)","Puberty in my differently abled daughter - I am not worried","Literary work","LD-34898/2025-CO","2025-08-30","2025-03-12","","cr_registered","Contact: arathi.anil@manipal.edu | ROC No: LD-20250178077 | ROC Date: 2025-03-12","Shyamala Guruvare; Hitesh Shah; Arathi Rao"
"t-154","copyright","MCR135","Manipal Academy of Higher Education (MAHE)","Puberty in my differently abled daughter - I am not worried","Literary work","LD-34906/2025-CO","2025-08-30","2025-12-30","","cr_registered","Contact: arathi.anil@manipal.edu | ROC No: LD-20250179122 | ROC Date: 2025-12-30","Shyamala Guruvare; Hitesh Shah; Arathi Rao"
"t-155","copyright","MCR136","Manipal Academy of Higher Education (MAHE)","DEMENTIA - PERCEIVED ABUSE AND NEGLECT QUESTIONNAIRE (D-PANQ)","Literary work","LD-33862/2025-CO","2025-08-22","2026-03-20","","cr_registered","Contact: seelia.a@learner.manipal.edu | ROC No: LD-20260183639 | ROC Date: 2026-03-20","RAJESHKRISHNA BHANDARY P; MUKHYAPRANA PRABHU; ELSA SANATOMBI DEVI; SEELIA PETER"
"t-156","copyright","MCR137","Manipal Academy of Higher Education (MAHE)","DEMENTIA - PERCEIVED ABUSE AND NEGLECT QUESTIONNAIRE (KANNADA)","Literary work","LD-36124/2025-CO","2025-08-09","2025-12-17","","cr_registered","Contact: seelia.a@learner.manipal.edu | ROC No: LD-20250178586 | ROC Date: 2025-12-17","RAJESHKRISHNA BHANDARY P; MUKHYAPRANA PRABHU; ELSA SANATOMBI DEVI; SEELIA PETER"
"t-157","copyright","MCR138","Manipal Academy of Higher Education (MAHE)","Structured Knowledge Questionnaire on Chronic Kidney Disease","Literary work","LD-42106/2025-CO","2025-10-16","2026-04-20","","cr_registered","Contact: henita.joshna@learner.manipal.edu | ROC No: LD-20260185499 | ROC Date: 2026-04-20","Saraswathi Hebbar, Janet Prameela D’Souza, Leena Sequira"
"t-158","copyright","MCR139","Manipal Academy of Higher Education (MAHE)","Chronic Kidney Disease: A Patient Education Resource","Literary work","LD-42117/2025-CO","2025-10-16","2025-11-26","","cr_registered","Contact: henita.joshna@learner.manipal.edu | ROC No: LD-20250177510 | ROC Date: 2025-11-26","Saraswathi Hebbar, Janet Prameela D’Souza, Leena Sequira"
"t-159","copyright","MCR140","Manipal Academy of Higher Education (MAHE)","Understanding Types, Causes, Clinical Findings and Management of Gout for Undergraduate Medical Students","Literary work","LD-29150/2025-CO","2025-07-22","2025-11-10","","cr_registered","Contact: akshatha.pai@manipal.edu | ROC No: LD-20250175689 | ROC Date: 2025-11-10","Indira Adiga K; Akshatha Ganesh Nayak"
"t-160","copyright","MCR141","Manipal Academy of Higher Education (MAHE)","Untitled Copyright Work","Literary work","","","","","cr_filed","Contact: rukmini.mchpmpl2022@learner.manipal.edu","Rukmini"
"t-161","copyright","MCR142","Manipal Academy of Higher Education (MAHE)","Coronary Optical Coherent Tomography (OCT) Reporting format","Literary work","LD-30317/2025-CO","2025-07-30","2025-12-26","","cr_registered","Contact: naik.karthik@manipal.edu | ROC No: LD-20250179027 | ROC Date: 2025-12-26","Umesh Pai M; Karthik A Naik; Souhardya Saha"
"t-162","copyright","MCR143","Manipal Academy of Higher Education (MAHE)","Game-Based Learning: A Snakes and Ladders Guide for Pesticide Safety.","Literary work","LD-32480/2025-CO","2025-08-13","2025-09-26","","cr_registered","Contact: daniel.mcopsmpl2022@learner.manipal.edu | ROC No: LD-20250174527 | ROC Date: 2025-09-26","Tejashree M U; Muhammed Rashid PP; Pooja Gopal Poojari; Rajalakshmi Rajendran; Daniel Anthony Vaz; Shravya Chitrapady; Haritha Kapu; Girish Thunga"
"t-163","copyright","MCR144","Manipal Academy of Higher Education (MAHE)","To investigate the KAP of pharmaceutical supply chain stakeholders concerning SSFFC drugs: Industry QA/QC personnel","Literary work","LD-37042/2025-CO","2025-09-13","2026-12-02","","cr_registered","Contact: shailee.mcopsmpl2023@learner.manipal.edu | ROC No: LD-20260182021 | ROC Date: 2026-12-02","Pradeep M. Muragundi; Shailee Dewan"
"t-164","copyright","MCR145","Manipal Academy of Higher Education (MAHE)","Koraga Budakattu Samudayada Makkala Poshakaru/ Araikedararalli, Hotte Hulagala Bhadhe Mathu Poushtikamshada Sthithi (WINS) Shaikshanika Karyakramada Parinamakarithvavannu Aleyuva Karyakrama Moulyamapana Prashnavali","Literary work","LD-36159/2025-CO","2025-08-09","2025-10-13","","cr_registered","Contact: sowmya.pujari@learner.manipal.edu | ROC No: LD-20250175790 | ROC Date: 2025-10-13","Unnikrishnan B; Elsa Sanatombi Devi; Suneel C Mundkur; Ranjitha S Shetty; Girish Thunga; Sreedharan; Sowmya Pujari"
"t-165","copyright","MCR146","Manipal Academy of Higher Education (MAHE)","A tool to assess the knowledge of Nurses on Emergency care at Primary Health Centres and Health : Wellness Centres","Literary work","LD-33857/2025-CO","2025-08-22","2026-03-20","","cr_registered","Contact: sarah1.mconmpl2023@learner.manipal.edu | ROC No: LD-20260183641 | ROC Date: 2026-03-20","Rachana; Shashidhara Y. N; Sarah H"
"t-166","copyright","MCR147","Manipal Academy of Higher Education (MAHE)","CROSSWORD – RAPID SEQUENCE INDUCTION","Literary work","LD-33582/2025-CO","2025-08-21","2025-11-28","","cr_registered","Contact: kajal.shetty@manipal.edu | ROC No: LD-20250177740 | ROC Date: 2025-11-28","Avancha Chinmayee Sai Sathya; Borra Hema; Vinitha A; Kajal R Shetty"
"t-167","copyright","MCR148","Manipal Academy of Higher Education (MAHE)","Untitled Copyright Work","Literary work","","","","","cr_filed","Contact: sujatha.prabhu@manipal.edu","Sujatha"
"t-168","copyright","MCR149","Manipal Academy of Higher Education (MAHE)","POSTGRADUATE RESEARCH CALENDAR","Literary work","LD-47989/2025-CO","2025-11-19","2026-05-29","","cr_registered","Contact: rachana.kmc@manipal.edu | ROC No: LD-20260188497 | ROC Date: 2026-05-29","ANIL K BHAT, PRITHVISHREE RAVINDRA, NAVEEN SALINS, SANJAY KINI B"
"t-169","copyright","MCR150","Manipal Academy of Higher Education (MAHE)","Biochemical Defect, Clinical Findings and Management of Hereditary Fructose Intolerance.","Literary work","LD-31137/2025-CO","2025-04-08","2025-09-29","","cr_registered","Contact: akshatha.pai@manipal.edu | ROC No: LD-20250174712 | ROC Date: 2025-09-29","Indira Adiga K; Akshatha Ganesh Nayak"
"t-170","copyright","MCR151","Manipal Academy of Higher Education (MAHE)","UNDERSTANDING THE IMPACT OF EXCESSIVE CARTOON-BASED SCREENTIME ON CHILDREN (CINEMATOGRAPHY)","Literary work","CF-37547/2025-CO","2025-09-17","2025-10-22","","cr_registered","Contact: varsha.u4@learner.manipal.edu | ROC No: LD-20250176331 | ROC Date: 2025-10-22","SHUBHA H S; VANI LAKSHMI R; SUNILA JOHN; KISHAN M M; VARSHA U"
"t-171","copyright","MCR152","Manipal Academy of Higher Education (MAHE)","Snakebite Management: The Immediate DO’s and DON’Ts","Literary work","AT-31329/2025-CO","2025-05-08","","","cr_registered","Contact: daniel.mcopsmpl2022@learner.manipal.edu","Girish Thunga; Tejashree M U; Rajalakshmi Rajendran; Haritha Kapu; Shravya Chitrapady; Pooja Gopal Poojari; Muhammed Rashid PP; Nikita Baldewa; Akanksha Saxena; Daniel Anthony Vaz"
"t-172","copyright","MCR153","Manipal Academy of Higher Education (MAHE)","UNDERSTANDING THE IMPACT OF EXCESSIVE CARTOON-BASED SCREENTIME ON CHILDREN (LITERARY WORK)","Literary work","LD-32666/2025-CO","2025-08-14","","","cr_filed","Contact: varsha.u4@learner.manipal.edu","SHUBHA H S; VANI LAKSHMI R; SUNILA JOHN; KISHAN M M; VARSHA U"
"t-173","copyright","MCR154","Manipal Academy of Higher Education (MAHE)","Semi-Structured Interview Guide for Assessing the Knowledge, Attitude, and Perceptions of Health Care Providers Regarding Neonatal Autopsy","Literary work","LD-32066/2025-CO","2025-09-08","2025-12-11","","cr_registered","Contact: mary.kmcmpl2023@learner.manipal.edu | ROC No: LD-20250177073 | ROC Date: 2025-12-11","Sheila Samata Mathai; Mary Mathew; July Mary Johnson"
"t-174","copyright","MCR155","Manipal Academy of Higher Education (MAHE)","Questionnaire to assess “Awareness, Knowledge and Practice about Hearing Impairment among school teachers"".","Literary work","LD-32673/2025-CO","2025-08-14","2025-09-26","","cr_registered","Contact: nilisha.mchpmlr2023@learner.manipal.edu | ROC No: LD-20250174507 | ROC Date: 2025-09-26","Nilisha Angelin Dsouza; Rajesh Ranjan"
"t-175","copyright","MCR156","Manipal Academy of Higher Education (MAHE)","Modified methodology","Literary work","","","","","cr_filed","Contact: akshatha.pai@manipal.edu","Akshata"
"t-176","copyright","MCR157","Manipal Academy of Higher Education (MAHE)","The self-administered ISTH bleeding assessment tool (self-BAT)","Literary work","LD-31314/2025-CO","2025-05-08","2025-11-25","","cr_registered","Contact: sowmya.kmcmpl2023@learner.manipal.edu | ROC No: LD-20250177375 | ROC Date: 2025-11-25","Sushma Belurkar; Sulochana Badagabettu; Sowmya Nayak"
"t-177","copyright","MCR158","Manipal Academy of Higher Education (MAHE)","SEMI–STRUCTURED INTERVIEW GUIDE","Literary work","LD-48115/2025-CO","2025-11-20","2026-05-29","","cr_registered","Contact: athira.sreenivas@learner.manipal.edu | ROC No: LD-20260188045 | ROC Date: 2026-05-29","ATHIRA SREENIVAS, MARY MATHEW, LESLIE E LEWIS"
"t-178","copyright","MCR159","Manipal Academy of Higher Education (MAHE)","Future Directions in OA Management","Literary work","","","","","cr_filed","Contact: anjal.kmcmpl2024@learner.manipal.edu","Anjali"
"t-179","copyright","MCR160","Manipal Academy of Higher Education (MAHE)","AI-Driven Multimodal Prediction of Preeclampsia for Early Detection and Improved Outcomes","Literary work","AT-36259/2025-CO","2025-09-09","","","cr_registered","Contact: geethika.kmcmpl2023@learner.manipal.edu","Geethika Yelleti; Varashree BS"
"t-180","copyright","MCR161","Manipal Academy of Higher Education (MAHE)","Automated framework for integrating clinical Metabolomics data into structured analytical format","Literary work","LD-36255/2025-CO","2025-09-09","2025-10-28","","cr_registered","Contact: geethika.kmcmpl2023@learner.manipal.edu | ROC No: LD-20250176633 | ROC Date: 2025-10-28","Varashree BS; Geethika Yelleti"
"t-181","copyright","MCR162","Manipal Academy of Higher Education (MAHE)","A conceptual framework on the factors influencing cancer screening among informal female caregivers of cancer patient","Literary work","AT-37715/2025-CO","2025-09-18","2026-03-23","","cr_registered","Contact: anusree1.psphmpl2023@learner.manipal.edu | ROC No: AT-20260164356 | ROC Date: 2026-03-23","Nishit Kumar Bebarta; Rithu S; Edlin Glane Mathias; Shirley Lewis Salins; P Arathi Rao; Anusree Prabhakaran"
"t-182","copyright","MCR163","Manipal Academy of Higher Education (MAHE)","Metabolism of Trimethylamine-N-oxide in human body","Literary work","AT-34899/2025-CO","2025-08-30","2025-12-11","","cr_registered","Contact: raju.rana1@learner.manipal.edu | ROC No: AT-20250162433 | ROC Date: 2025-12-11","Shobha U Kamath; Raju Rana"
"t-183","copyright","MCR164","Manipal Academy of Higher Education (MAHE)","Components of Metabolic Syndrome","Literary work","AT-34901/2025-CO","2025-08-30","2025-12-12","","cr_registered","Contact: raju.rana1@learner.manipal.edu | ROC No: AT-20250162832 | ROC Date: 2025-12-12","Shobha U Kamath; Raju Rana"
"t-184","copyright","MCR165","Manipal Academy of Higher Education (MAHE)","Modifiable Risk Factors of Metabolic Syndrome","Literary work","AT-34902/2025-CO","2025-08-30","","","cr_registered","Contact: raju.rana1@learner.manipal.edu","Shobha U Kamath; Raju Rana"
"t-185","copyright","MCR166","Manipal Academy of Higher Education (MAHE)","Non-modifiable Risk Factors of Metabolic Syndrome","Literary work","AT-34905/2025-CO","2025-08-30","","","cr_filed","Contact: raju.rana1@learner.manipal.edu","Shobha U Kamath; Raju Rana"
"t-186","copyright","MCR167","Manipal Academy of Higher Education (MAHE)","A conceptual framework to understand the process of suicide among adolescents.","Literary work","LD-51418/2025-CO","2025-10-12","2026-05-29","","cr_registered","Contact: josna.psphmpl2023@learner.manipal.edu | ROC No: LD-20260187962 | ROC Date: 2026-05-29","Josna Soyuz, Teddy Andrews JJ, Lena Ashok, Varalakshmi Chandrasekaran; Boby Augustine; Anish V Cherian"
"t-187","copyright","MCR168","Manipal Academy of Higher Education (MAHE)","Comprehensive Standing Functional Scale for Stroke","Literary work","","","","","cr_filed","Contact: vijay.kk@manipal.edu","Vijay.k"
"t-188","copyright","MCR169","Manipal Academy of Higher Education (MAHE)","SHARED STORIES, SHARED SMILES","Literary work","CF-37549/2025-CO","2025-09-17","","","cr_filed","Contact: sunila.john@manipal.edu","RACHEL MARIAM JOHNSON,; MONICA BELLON - HARN,; RAJESHKRISHNA BHANDARY P; Sunila John"
"t-189","copyright","MCR170","Manipal Academy of Higher Education (MAHE)","Antenatal Screening Proforma for Psychosocial Concerns","Literary work","LD-36676/2025-CO","2025-11-09","2025-10-28","","cr_registered","Contact: vaishalee.s@manipal.edu | ROC No: LD-20250176647 | ROC Date: 2025-10-28","Priyesh Chandrashekar; Shyamala Guruvare; Shreya Agarwal; Vaishalee Saravanan"
"t-190","copyright","MCR171","Manipal Academy of Higher Education (MAHE)","Educatonal video on features of hypertension and its complications and diet and exercise and medical treatment","Literary work","","","","","cr_filed","Contact: shi.sha@manipal.edu","Shivashankara"
"t-191","copyright","MCR172","Manipal Academy of Higher Education (MAHE)","Hybrid Attention-Based Segmentation and Virtual Reality Visualization of the Inferior Alveolar Nerve for Mandibular Surgery Planning","Literary work","","","","","cr_filed","Contact: shreenidhi.bhat@manipal.edu","Shreenidhi"
"t-192","copyright","MCR173","Manipal Academy of Higher Education (MAHE)","A Framework to Enhance the Experience of CBCT Data in Real-Time Using Immersive Virtual Reality: Impacting Dental Pre-Surgical Planning","Literary work","","","","","cr_filed","Contact: shreenidhi.bhat@manipal.edu","Shreenidhi"
"t-193","copyright","MCR174","Manipal Academy of Higher Education (MAHE)","“Identification of the barriers faced by cardiopulmonary resuscitation (CPR) team during resuscitation scenarios for in-hospital cardiac arrest”","Literary work","LD-35467/2025-CO","2025-03-09","2025-12-11","","cr_registered","Contact: prabha.prakash@learner.manipal.edu | ROC No: LD-20250176913 | ROC Date: 2025-12-11","Souvik Chaudhuri; Elsa Sanatombi Devi; Abraham Samuel Babu; Kirtana Raghurama Nayak; Vimal Krishnan S; Prabha Prakash Chaudhuri"
"t-194","copyright","MCR175","Manipal Academy of Higher Education (MAHE)","Untitled Copyright Work","Literary work","","","","","cr_filed","Contact: v.anupama@manipal.edu","Anupama V,"
"t-195","copyright","MCR176","Manipal Academy of Higher Education (MAHE)","TELEPORT-PD: an illustrated guidebook of remotely supervised home exercise program for improving balance and functional mobility in persons with Parkinson’s disease","Literary work","LD-114/2026-CO","2025-02-01","2026-03-23","","cr_registered","Contact: dsouza.fredrick@learner.manipal.edu | ROC No: LD-20260184203 | ROC Date: 2026-03-23","Dushyanth Babu Jasti:; Arnold Fredrick D'Souza, Natarajan Manikandan:"
"t-196","copyright","MCR177","Manipal Academy of Higher Education (MAHE)","Toolkit to assess Knowledge, Attitude and Practices of Physicians towards Complex generics","Literary work","LD-51764/2025-CO","2025-12-12","2026-06-29","","cr_registered","Contact: amatha.mcopsmpl2022@learner.manipal.edu | ROC No: LD-20260190067 | ROC Date: 2026-06-29","Amatha S, VIRENDRA S LIGADE, D SREEDHAR, BHAVANA BHAT,"
"t-197","copyright","MCR178","Manipal Academy of Higher Education (MAHE)","Digitizing Occupational Therapy: An Interview Guide to Explore Therapists’ Experiences and Perspectives on the Use of Apps in Neurorehabilitation","Literary work","LD-33591/2025-CO","2025-08-21","2025-12-30","","cr_registered","Contact: kashish.mchpmpl2024@learner.manipal.edu | ROC No: LD-20250179132 | ROC Date: 2025-12-30","Pramod D. Lambor; Shashank Mehrotra; Kashish Surana"
"t-198","copyright","MCR179","Manipal Academy of Higher Education (MAHE)","Facial Muscle Strength Grades","Literary work","LD-32474/2025-CO","2025-08-13","2025-10-23","","cr_registered","Contact: abraham.joshua@manipal.edu | ROC No: LD-20250176350 | ROC Date: 2025-10-23","Abraham M Joshua"
"t-199","copyright","MCR180","Manipal Academy of Higher Education (MAHE)","Comprehensive Standing Functional Scale (CSFS)","Literary work","LD-33579/2025-CO","2025-08-21","2025-12-15","","cr_registered","Contact: vijay.kk@manipal.edu | ROC No: LD-20250178475 | ROC Date: 2025-12-15","Arun S; Shivanada Pai; Zulkifli Misri; Sulfikar Ali A; Abraham M Joshoua; Priyanka Bapat; Vijay Kumar K"
"t-200","copyright","MCR181","Manipal Academy of Higher Education (MAHE)","Collaboration in Care: An Interview Guide to Understand Perspectives and Experiences of Occupational Therapists About Working with Caregivers of Patients with Traumatic Brain Injury","Literary work","LD-33602/2025-CO","2025-08-21","2025-09-26","","cr_registered","Contact: peenaki.mchpmpl2024@learner.manipal.edu | ROC No: LD-20250174645 | ROC Date: 2025-09-26","Pramod D. Lambor; Shashank Mehrotra; Peenaki Mishra"
"t-201","copyright","MCR182","Manipal Academy of Higher Education (MAHE)","Occupational performance patterns among people with diabetic peripheral neuropathy: A qualitative study","Literary work","LD-40193/2025-CO","2025-06-10","2026-03-23","","cr_registered","Contact: zahabiyah.mchpmpl2024@learner.manipal.edu | ROC No: LD-20260183963 | ROC Date: 2026-03-23","Pramod D. Lambor, Shashank Mehrotra, Zahabiyah Doctor"
"t-202","copyright","MCR183","Manipal Academy of Higher Education (MAHE)","A Method for Optimized Red Cell Reduction in Bone Marrow and Apheresis Stem Cell Products","Literary work","LD-34915/2025-CO","2025-08-30","2025-03-10","","cr_registered","Contact: chenna.deepika@manipal.edu | ROC No: LD-20250175080 | ROC Date: 2025-03-10","Deep Madkaiker; Ganesh Mohan; Shamee Shastry; Lingesh Kumar Kodies; Chenna Deepika"
"t-203","copyright","MCR184","Manipal Academy of Higher Education (MAHE)","Nachni Millet Pizza","Literary work","LD-33774/2025-CO","2025-08-22","2026-03-20","","cr_registered","Contact: sumit.k@manipal.edu | ROC No: LD-20260183635 | ROC Date: 2026-03-20","Jagadeesh Savanurma; Nagendra Yadav; Sumit Kumar"
"t-204","copyright","MCR185","Manipal Academy of Higher Education (MAHE)","Interview Guide to Understand Fall and Fall Preventive Strategies Among People with Visual Impairment","Literary work","","","","","cr_filed","Contact: judith.jathanna@manipal.edu","Judith Shefali Jathanna"
"t-205","copyright","MCR186","Manipal Academy of Higher Education (MAHE)","The Spinal Shield: Back Safety, Body Mechanics & Ergonomic Solutions","Literary work","LD-36674/2025-CO","2025-11-09","2025-11-27","","cr_registered","Contact: priyanka.kmcmpl2022@learner.manipal.edu | ROC No: LD-20250177673 | ROC Date: 2025-11-27","Suba Sooria; Shyamasunder Bhat Neerkaje.; Mohandas Rao KG; Bincy M George; Priyanka Nayak"
"t-206","copyright","MCR187","Manipal Academy of Higher Education (MAHE)","Translation, Validation and Reliability of the questionnaire titled “Quality of Life-rating for Dizziness- a self-reporting questionnaire”","Literary work","","","","","cr_filed","Contact: anandshubhangi1720@gmail.com","Shubhangi Anand"
"t-207","copyright","MCR188","Manipal Academy of Higher Education (MAHE)","Nomenclature: BSc/BSc Honors Basic Medical Sciences with minor in Clinical Neurosciences","Literary work","LD-34413/2025-CO","2025-08-28","2025-09-29","","cr_registered","Contact: bincy.george@manipal.edu | ROC No: LD-20250174826 | ROC Date: 2025-09-29","MG Ramesh Babu; Guruprasad Rao; Tatiyana Mandal; Ullas Kamath; Bincy M George"
"t-208","copyright","MCR189","Manipal Academy of Higher Education (MAHE)","A Handbook for Older Adults Regarding Mild Cognitive Impairment (MCI)","Literary work","LD-39635/2025-CO","2025-01-10","2026-06-04","","cr_registered","Contact: leelavathi.t@learner.manipal.edu | ROC No: LD-20260184617 | ROC Date: 2026-06-04","Hari Prakash Palaniswamy, Kanaka Ganapathy, Leelavathi Thamizhmani"
"t-209","copyright","MCR190","Manipal Academy of Higher Education (MAHE)","Assessment Tool for Evaluating Nurses Competency in Emergency Care at Primary Health Centres and Health & Wellness Centres","Literary work","LD-33860/2025-CO","2025-08-22","2025-12-11","","cr_registered","Contact: sarah1.mconmpl2023@learner.manipal.edu | ROC No: LD-20250177010 | ROC Date: 2025-12-11","Rachana; Shashidhara Y. N; Sarah H"
"t-210","copyright","MCR191","Manipal Academy of Higher Education (MAHE)","Structured questionnaire on Interprofessional Body language cues-iBoL","Literary work","","","","","cr_filed","Contact: elsa.sana@manipal.edu","Elsa sana"
"t-211","copyright","MCR192","Manipal Academy of Higher Education (MAHE)","Questionnaire on Knowledge, Attitude and Practice of millets consumption among women with PCOS","Literary work","LD-36681/2025-CO","2025-11-09","2025-11-27","","cr_registered","Contact: daksha.kumary@manipal.edu | ROC No: LD-20250177623 | ROC Date: 2025-11-27","G Govardhan Reddy; Varashree B.S; Suvarna Hebbar; Girish Thunga P; Sahana Shetty; Daksha kumari"
"t-212","copyright","MCR193","Manipal Academy of Higher Education (MAHE)","The Relationship Between Activities of Daily Living Performance and Self-Efficacy among Patients with Hand Injury in the Indian Context,","Literary work","","","","","cr_filed","Contact: shejalrao268@gmail.com","SHEJAL RAO"
"t-213","copyright","MCR194","Manipal Academy of Higher Education (MAHE)","the spinal cord independence measure (SCIM IV) scale","Literary work","","","","","cr_filed","Contact: ajay.mchpmpl2024@learner.manipal.edu","AJAY"
"t-214","copyright","MCR195","Manipal Academy of Higher Education (MAHE)","UNDERSTANDING EXPERIENCES RELATED TO PATTERNS OF OCCUPATIONS AMONG INDIVIDUALS WITH STROKE IN UDUPI DISTRICT: A QUALITATIVE STUDY""- ENGLISH","Literary work","LD-51233/2025-CO","2025-09-12","2026-05-27","","cr_registered","Contact: shashank.mehrotra@manipal.edu | ROC No: LD-20260187283 | ROC Date: 2026-05-27","DIVYA A. PRABHU,; Shashank Mehrotra, SHALINI QUADROS, SWENA SANDEEP JADHAV,"
"t-215","copyright","MCR196","Manipal Academy of Higher Education (MAHE)","Stroke Survivors Voices: A Semi-Structured Interview Guide to Exploring Daily Life (Hindi Version)","Literary work","LD-51234/2025-CO","2025-09-12","2026-03-03","","cr_registered","Contact: shashank.mehrotra@manipal.edu | ROC No: LD-20260183014 | ROC Date: 2026-03-03","SWENA SANDEEP JADHAV SHASHANK MEHROTRA SHALINI QUADROS DIVYA A. PRABHU"
"t-216","copyright","MCR197","Manipal Academy of Higher Education (MAHE)","Questionnaire on Knowledge, Attitude and Practice of Yoga among women with PCOS","Literary work","LD-35471/2025-CO","2025-03-09","2025-12-22","","cr_registered","Contact: daksha.kumary@manipal.edu | ROC No: LD-20250178835 | ROC Date: 2025-12-22","G Govardhan Reddy; Varashree B.S; Suvarna Hebbar; Girish Thunga P; Sahana Shetty; Daksha Kumari"
"t-217","copyright","MCR198","Manipal Academy of Higher Education (MAHE)","Instructional Yoga Video for Women with PCOS","Literary work","CF-37560/2025-CO","2025-09-18","2025-11-27","","cr_registered","Contact: daksha.kumary@manipal.edu | ROC No: CF-202506142 | ROC Date: 2025-11-27","G Govardhan Reddy; Varashree B.S; Suvarna Hebbar; Girish Thunga P; Sahana Shetty; Daksha Kumari"
"t-218","copyright","MCR199","Manipal Academy of Higher Education (MAHE)","A Handbook for Older Adults Regarding Mild Cognitive Impairment (MCI)-Kannada","Literary work","LD-39664/2025-CO","2025-01-10","","","cr_registered","Contact: leelavathi.t@learner.manipal.edu","Hari Prakash Palaniswamy, Kanaka Ganapathy, Leelavathi Thamizhmani"
"t-219","copyright","MCR200","Manipal Academy of Higher Education (MAHE)","POSITIVE DESIGN FRAMEWORK IN LOFI PRODUCT FOR FLOURISHING OF YOUTH","Literary work","","","","","cr_filed","Contact: melanie.andrade@learner.manipal.edu","Melanie"
"t-220","copyright","MCR201","Manipal Academy of Higher Education (MAHE)","Behavioural strategies for healthy pregnancy -English","Literary work","LD-36684/2025-CO","2025-11-09","","","cr_registered","Contact: rukmini.mchpmpl2022@learner.manipal.edu","Preetha R.; Sachin Shetty; Sriveni P.T.; Jyothi Shetty; Shwetha T.S.; Rukmini Padiyar"
"t-221","copyright","MCR202","Manipal Academy of Higher Education (MAHE)","BEHAVIOURAL STRATEGIES FOR HEALTHY PREGNANCY-kannada","Literary work","LD-36696/2025-CO","2025-11-09","2025-12-22","","cr_registered","Contact: rukmini.mchpmpl2022@learner.manipal.edu | ROC No: LD-20250178892 | ROC Date: 2025-12-22","Preetha R.; Sachin Shetty; Sriveni P.T.; Jyothi Shetty; Shwetha T.S.; Rukmini Padiyar"
"t-222","copyright","MCR203","Manipal Academy of Higher Education (MAHE)","SCHEMATIC DIAGRAM OF HEMODIALYSIS EXTRACORPOREAL BLOOD CIRCUIT","Literary work","LD-36261/2025-CO","2025-09-09","2026-05-21","","cr_registered","Contact: veena.nk@manipal.edu | ROC No: LD-20260186973 | ROC Date: 2026-05-21","Vennila J,; Leena Sequira; Indu Ramachandra Rao,; Dharshan Rangaswamy,; Ravindra Prabhu A,; Veena NK"
"t-223","copyright","MCR204","Manipal Academy of Higher Education (MAHE)","Poshan Prenatal Index-Prenatal Nutrition and Dietary Diversity Awareness Questionnaire (PNDDAQ).","Literary work","LD-43321/2025-CO","2025-10-27","2026-01-06","","cr_registered","Contact: amrutha.ms@manipal.edu | ROC No: LD-20260188766 | ROC Date: 2026-01-06","Amrutha M S, G. Arun Maiya, Suvarna Hebbar; Shashikala K Bhat; Chythra R Rao"
"t-224","copyright","MCR205","Manipal Academy of Higher Education (MAHE)","Poshan Prenatal Index-Prenatal Nutrition and Dietary Diversity Awareness Questionnaire (PNDDAQ).","Literary work","LD-43352/2025-CO","2025-10-27","2026-05-25","","cr_registered","Contact: amrutha.ms@manipal.edu | ROC No: LD-20260187114 | ROC Date: 2026-05-25","Amrutha M S, G. Arun Maiya, Suvarna Hebbar; Shashikala K Bhat; Chythra R Rao"
"t-225","copyright","MCR206","Manipal Academy of Higher Education (MAHE)","Untitled Copyright Work","Literary work","","","","","cr_filed","Contact: sweety.fernandes@manipal.edu",""
"t-226","copyright","MCR207","Manipal Academy of Higher Education (MAHE)","Adivasi Infant Feeding KAP (AF-KAP) Tool","Literary work","LD-38361/2025-CO","2025-09-23","","","cr_registered","Contact: rithu1.psphmpl2022@learner.manipal.edu","P Arathi Rao; Navya Vyas; Rithu S"
"t-227","copyright","MCR208","Manipal Academy of Higher Education (MAHE)","Kannada version of the Work Ability Index","Literary work","LD-38363/2025-CO","2025-09-23","2026-03-24","","cr_registered","Contact: sulfikar.a@manipal.edu | ROC No: LD-20260184507 | ROC Date: 2026-03-24","Shyam Krishnan; Kuldeep Deka,; Flaviya Jaslin Pinto,; Megha M Nayak,; Herbert Mario Pereira,; Rohith Nayak,; Molly Cynthia Dsouza,; Tarushi Tanwar,; Sulfikar Ali A"
"t-228","copyright","MCR209","Manipal Academy of Higher Education (MAHE)","Untitled Copyright Work","Literary work","","","","","cr_filed","Contact: asha.rajan@learner.manipal.edu",""
"t-229","copyright","MCR210","Manipal Academy of Higher Education (MAHE)","Culinary Techniques and Processes Proficiency Test","Literary work","LD-46130/2025-CO","2025-10-11","2026-08-05","","cr_registered","Contact: kshama.v@manipal.edu | ROC No: LD-20260186393 | ROC Date: 2026-08-05","Kshama Vishwakarma,Prasenjit Sarkar"
"t-230","copyright","MCR211","Manipal Academy of Higher Education (MAHE)","Methodology of Serum Endocan Estimation","Literary work","LD-37397/2025-CO","2025-09-16","2025-11-27","","cr_registered","Contact: chaithra.kmcmpl2023@learner.manipal.edu | ROC No: LD-20250177551 | ROC Date: 2025-11-27","Padmanabha Udupa; Vaideki B; Chaithra Kamath,"
"t-231","copyright","MCR212","Manipal Academy of Higher Education (MAHE)","SCRAPS scoring tool: A clinical prediction tool for poor prognosis in gram negative sepsis patients requiring early Intensive care or High dependency unit admission.","Literary work","LD-46125/2025-CO","2025-10-11","","","cr_registered","Contact: asha.rajan@learner.manipal.edu","Asha K Rajan, Vijayanarayana K, Girish Thunga; Vishal Shanbhag"
"t-232","copyright","MCR213","Manipal Academy of Higher Education (MAHE)","Untitled Copyright Work","Literary work","","","","","cr_filed","Contact: deeksha1.doympl2022@learner.manipal.edu",""
"t-233","copyright","MCR214","Manipal Academy of Higher Education (MAHE)","Pathophysiological Mechanisms and clinical manifestations of Preeclampsia","Literary work","LD-37012/2025-CO","2025-09-13","2026-12-02","","cr_registered","Contact: geethika.kmcmpl2023@learner.manipal.edu | ROC No: LD-20260182023 | ROC Date: 2026-12-02","Rashmitha Shetty; Varashree BS; Geethika Yelleti"
"t-234","copyright","MCR215","Manipal Academy of Higher Education (MAHE)","Understanding PCOS: From Hidden Causes to Visible Signs","Literary work","LD-37011/2025-CO","2025-09-13","2025-11-27","","cr_registered","Contact: rashmitha.kmcmpl2025@learner.manipal.edu | ROC No: LD-20250177600 | ROC Date: 2025-11-27","Varashree BS; Geethika Yelleti; Rashmitha Shetty"
"t-235","copyright","MCR216","Manipal Academy of Higher Education (MAHE)","Posture Educational Handout for Forward shoulder Head Posture","Literary work","LD-41418/2025-CO","2025-10-13","2025-12-30","","cr_registered","Contact: ganesh.bm@manipal.edu | ROC No: LD-20250179349 | ROC Date: 2025-12-30","Ranganath Gangavelli; Shyamasunder Bhat N; Ganesh Balthillaya M, Bhamini Krishna Rao"
"t-236","copyright","MCR217","Manipal Academy of Higher Education (MAHE)","Effectiveness of an occupation-centered self-management intervention on Occupational Performance and Quality of Life among Community-Dwelling Older Adults with Type 2 Diabetes Mellitus: A cluster randomized controlled trial","Literary work","","","","","cr_filed","Contact: shashank.mehrotra@manipal.edu",""
"t-237","copyright","MCR218","Manipal Academy of Higher Education (MAHE)","Untitled Copyright Work","Literary work","","","","","cr_filed","Contact: sheela.shetty@manipal.edu- english",""
"t-238","copyright","MCR219","Manipal Academy of Higher Education (MAHE)","Untitled Copyright Work","Literary work","","","","","cr_filed","Contact: sheela.shetty@manipal.edu kannada",""
"t-239","copyright","MCR220","Manipal Academy of Higher Education (MAHE)","Gluten-Free Oats and Pumpkin Seeds Biscuit","Literary work","LD-38367/2025-CO","2025-09-23","","","cr_filed","Contact: sumit.k@manipal.edu","Jagadeesh Savanurmath,; Nagendra Yadav; Sumit Kumar"
"t-240","copyright","MCR221","Manipal Academy of Higher Education (MAHE)","To investigate the KAP of pharmaceutical supply chain stakeholders concerning SSFFC drugs: Pharmaceutical raw material vendors","Literary work","LD-37040/2025-CO","2025-09-13","2025-12-22","","cr_registered","Contact: shailee.mcopsmpl2023@learner.manipal.edu | ROC No: LD-20250178924 | ROC Date: 2025-12-22","Pradeep M. Muragundi; Shailee Dewan"
"t-241","copyright","MCR222","Manipal Academy of Higher Education (MAHE)","To investigate the KAP of pharmaceutical supply chain stakeholders concerning SSFFC drugs: Regulatory Authorities","Literary work","LD-37266/2025-CO","2025-09-15","2026-12-02","","cr_registered","Contact: shailee.mcopsmpl2023@learner.manipal.edu | ROC No: LD-20260182058 | ROC Date: 2026-12-02","Pradeep M. Muragundi; Shailee Dewan"
"t-242","copyright","MCR223","Manipal Academy of Higher Education (MAHE)","To investigate the KAP of pharmaceutical supply chain stakeholders concerning SSFFC drugs: Pharmaceutical wholesaler or distributor","Literary work","LD-37041/2025-CO","2025-09-13","2026-12-02","","cr_registered","Contact: shailee.mcopsmpl2023@learner.manipal.edu | ROC No: LD-20260182022 | ROC Date: 2026-12-02","Pradeep M. Muragundi; Shailee Dewan"
"t-243","copyright","MCR224","Manipal Academy of Higher Education (MAHE)","To investigate the KAP of pharmaceutical supply chain stakeholders concerning SSFFC drugs: Pharmaceutical retailers","Literary work","LD-37047/2025-CO","2025-09-13","","","cr_discrepancy","Contact: shailee.mcopsmpl2023@learner.manipal.edu","Pradeep M. Muragundi; Shailee Dewan"
"t-244","copyright","MCR225","Manipal Academy of Higher Education (MAHE)","Questionnaire on Knowledge, Attitude and Practice of millets consumption among women with PCOS (Kannada Version)","Literary work","LD-37393/2025-CO","2025-09-16","2025-12-16","","cr_registered","Contact: daksha.kumary@manipal.edu | ROC No: LD-20250178506 | ROC Date: 2025-12-16","G Govardhan Reddy; Varashree B.S; Suvarna Hebbar; Girish Thunga P; Sahana Shetty; Daksha Kumari"
"t-245","copyright","MCR226","Manipal Academy of Higher Education (MAHE)","Questionnaire on Knowledge, Attitude and Practice of Yoga among women with PCOS (Kannada Version)","Literary work","LD-37395/2025-CO","2025-09-16","2025-12-16","","cr_registered","Contact: daksha.kumary@manipal.edu | ROC No: LD-20250178506 | ROC Date: 2025-12-16","G Govardhan Reddy; Varashree B.S; Suvarna Hebbar; Girish Thunga P; Sahana Shetty; Daksha Kumari"
"t-246","copyright","MCR227","Manipal Academy of Higher Education (MAHE)","Parent Education Module for screen-dependent pre-school children experiencing social-communication deficits","Literary work","LD-31300/2026-CO","","","","cr_filed","Contact: shivani.tiwari@manipal.edu","Joe Mathew V J Kishan M M Shivani Tiwari"
"t-247","copyright","MCR228","Manipal Academy of Higher Education (MAHE)","NARRATIVES: CONTEXTUAL PARSING FOR SUPPORTIVE MENTAL-HEALTH GUIDANCE VIA EXPRESSIONS – OVERALL ARCHITECTURE DIAGRAM","Literary work","ROC: LD-20260183035","2025-12-12","2026-03-03","","cr_registered","Contact: thamizh.mani@learner.manipal.edu | ROC No: LD-20260183035 | ROC Date: 2026-03-03","RAMANA KUMAR VINJAMURI"
"t-248","copyright","MCR248","Manipal Academy of Higher Education (MAHE)","Untitled Copyright Work","Literary work","LD-37395/2025-CO","","2025-12-16","","cr_registered","ROC No: LD-20250178506 | ROC Date: 2025-12-16","Sujithra Alias Kanmani R; Nirmal Krishnan M; Mamatha Shivananda Pai; Vikram Palimar; Lata Satyen; SHWETHA T S; R Thamizh Mani"
"t-249","copyright","MCR229","Manipal Academy of Higher Education (MAHE)","Secretion of Insulin from pancreatic ß-cell","Literary work","LD-37711/2025-CO","2025-09-18","2025-12-31","","cr_registered","Contact: vasavi.kmcmpl2024@learner.manipal.edu | ROC No: LD-20250180135 | ROC Date: 2025-12-31","Ravindra Maradi; Vasavi"
"t-250","copyright","MCR230","Manipal Academy of Higher Education (MAHE)","AI-SAKHI: An On-Device Kannada Voice Assistant for Menstrual, Maternal & Menopausal Care in Rural Karnataka","Literary work","","","","","cr_filed","Contact: shankar.biradar@manipal.edu",""
"t-251","copyright","MCR231","Manipal Academy of Higher Education (MAHE)","Untitled Copyright Work","Literary work","","","","","cr_filed","Contact: m.swathi@manipal.edu",""
"t-252","copyright","MCR232","Manipal Academy of Higher Education (MAHE)","What is your review objective","Literary work","LD-39631/2025-CO","2025-01-10","2026-03-23","","cr_registered","Contact: shravya.c@learner.manipal.edu | ROC No: LD-20260183920 | ROC Date: 2026-03-23","Girish Thunga, Rajalakshmi Rajendran, Haritha Kapu, Tejashree M U, Shravya Chitrapady"
"t-253","copyright","MCR233","Manipal Academy of Higher Education (MAHE)","PCOS awareness – Learn, Act, Support","Literary work","LD-38792/2025-CO","2025-09-25","2026-05-03","","cr_registered","Contact: rashmitha.kmcmpl2025@learner.manipal.edu | ROC No: LD-20260183397 | ROC Date: 2026-05-03","Geethika Yelleti; Varashree B S; Rashmitha Shetty"
"t-254","copyright","MCR234","Manipal Academy of Higher Education (MAHE)","Adivasi Pachilam-Ilampillai Ulavalippu Madhipeettu Karuvi","Literary work","LD-38790/2025-CO","2025-09-25","","","cr_registered","Contact: rithu1.psphmpl2022@learner.manipal.edu","Navya Vyas; P Arathi Rao; Rithu S"
"t-255","copyright","MCR235","Manipal Academy of Higher Education (MAHE)","Understanding Tissue Processing: A guide for Undergraduate Dental students","Literary work","CF-354/2026-CO","2026-03-01","","","cr_filed","Contact: nisha.rai@manipal.edu","NISHA SHETTY, NALINI PANDEY"
"t-256","copyright","MCR236","Manipal Academy of Higher Education (MAHE)","Signs and symptoms of chlorpyrifos toxicity.","Literary work","AT-38837/2025-CO","2025-09-25","","","cr_registered","Contact: melba.kmcmpl2023@learner.manipal.edu","Vinutha R Bhat.; Melba Elizabeth Biju"
"t-257","copyright","MCR237","Manipal Academy of Higher Education (MAHE)","Workflow of pesticide analysis using DLLME-TLC-DIC (Dispersive liquid liquid microextraction-Thin layer chromatography-Digital image colorimetry)","Literary work","AT-39632/2025-CO","2025-01-10","","","cr_registered","Contact: melba.kmcmpl2023@learner.manipal.edu","Vinutha R Bhat, Melba Elizabeth Biju"
"t-258","copyright","MCR238","Manipal Academy of Higher Education (MAHE)","Structured Tool for Evaluating Physiotherapists’ Knowledge – Awareness of Post Intensive Care Syndrome (PICS): STEP-PICS” study.","Literary work","LD-41415/2025-CO","2025-10-13","2026-05-18","","cr_registered","Contact: urja1.mchpmlr2024@learner.manipal.edu | ROC No: LD-20260186789 | ROC Date: 2026-05-18","Revati Ravi Amin, Urja U Chhaya, Urja U Chhaya"
"t-259","copyright","MCR239","Manipal Academy of Higher Education (MAHE)","Untitled Copyright Work","Literary work","","","","","cr_filed","Contact: asha.pai@manipal.edu","Asha pai"
"t-260","copyright","MCR240","Manipal Academy of Higher Education (MAHE)","Joint attention skills parent coaching module for intervention of children with autism spectrum disorder","Literary work","LD-40202/2025-CO","2025-06-10","2026-03-20","","cr_registered","Contact: shivani.tiwari@manipal.edu | ROC No: LD-20260183721 | ROC Date: 2026-03-20","Shivani Tiwari, Calida Frieda Pinto"
"t-261","copyright","MCR241","Manipal Academy of Higher Education (MAHE)","Alzheimer’s disease: Major Risk factors and protective factors","Literary work","LD-39637/2025-CO","2025-01-10","2026-07-04","","cr_registered","Contact: chaithra1.kmcmpl2025@learner.manipal.edu | ROC No: LD-20260184626 | ROC Date: 2026-07-04","Ravindra Maradi, Chaithra Kamath"
"t-262","copyright","MCR242","Manipal Academy of Higher Education (MAHE)","Questionnaire for assessing the risk factors of chronic kidney disease of unknown etiology","Literary work","LD-39662/2025-CO","2025-01-10","2025-12-30","","cr_registered","Contact: asha.rajan@learner.manipal.edu | ROC No: LD-20250179848 | ROC Date: 2025-12-30","Surulivel Rajan, Asha K Rajan, Girish Thunga; Shankar Prasad N, Ravindra Prabhu Attur, Shobha U Kamath, Veena Ganesh Kamath"
"t-263","copyright","MCR243","Manipal Academy of Higher Education (MAHE)","Adolescent Sports Mental Health Literacy Scale Development-Delphi expert panel:Participant Information Sheet","Literary work","LD-39638/2025-CO","2025-01-10","2025-12-15","","cr_registered","Contact: anjali1.psphmpl2024@learner.manipal.edu | ROC No: LD-20250178480 | ROC Date: 2025-12-15","Ishwar Bhiradi, Sebastian Padickaparambil, Usha Rani, Anjali Pradhan"
"t-264","copyright","MCR244","Manipal Academy of Higher Education (MAHE)","Adolescent Sports Mental Health Literacy Scale Development-Pilot Testing with Physical Education Teachers: Participant Information Sheet","Literary work","LD-39639/2025-CO","2025-01-10","2026-03-25","","cr_registered","Contact: anjali1.psphmpl2024@learner.manipal.edu | ROC No: LD-20260184507 | ROC Date: 2026-03-25","Ishwar Bhiradi, Sebastian Padickaparambil, Usha Rani, Anjali Pradhan"
"t-265","copyright","MCR245","Manipal Academy of Higher Education (MAHE)","Stories of Life with Diabetic Peripheral Neuropathy: An Interview Guide to Understand Individuals' Occupational Performance Patterns (Gujrati version)","Literary work","LD-40199/2025-CO","2025-06-10","2026-05-13","","cr_registered","Contact: zahabiyah.mchpmpl2024@learner.manipal.edu | ROC No: LD-20260186609 | ROC Date: 2026-05-13","Pramod D. Lambor, Shashank Mehrotra, Zahabiyah Doctor"
"t-266","copyright","MCR246","Manipal Academy of Higher Education (MAHE)","Stories of Life with Diabetic Peripheral Neuropathy: An Interview Guide to Understand Individuals' Occupational Performance Patterns (Hindi version)","Literary work","LD-40196/2025-CO","2025-06-10","2025-12-30","","cr_registered","Contact: zahabiyah.mchpmpl2024@learner.manipal.edu | ROC No: LD-20250179131 | ROC Date: 2025-12-30","Pramod D. Lambor, Shashank Mehrotra, Zahabiyah Doctor"
"t-267","copyright","MCR247","Manipal Academy of Higher Education (MAHE)","A Comprehensive Interprofessional Education Module for Training Medical, Dental, and Nursing Students on Child Sexual Abuse CSA Education and Awareness","Literary work","LD-48822/2025-CO","2025-11-24","2026-02-27","","cr_registered","Contact: abhishek.chaturvedi@manipal.edu | ROC No: LD-20260182704 | ROC Date: 2026-02-27","Lohitha Polisetty Abhishek Chaturvedi Anand KM"
"t-268","copyright","MCR248","Manipal Academy of Higher Education (MAHE)","My New Life: A Board Game to Facilitate Recovery and Relapse Prevention in Individuals with Substance-Related Disorders (Artistic work)","Literary work","AT-40748/2025-CO","2025-09-10","","","cr_discrepancy","Contact: nishad.amar@manipal.edu","Srishti Dhanania, Maria Joseph, Amar A Nishad, Vinita A Acharya"
"t-269","copyright","MCR249","Manipal Academy of Higher Education (MAHE)","My New Life: A Board Game to Facilitate Recovery and Relapse Prevention in Individuals with Substance-Related Disorders(Literary work)","Literary work","LD-40749/2025-CO","2025-09-10","2026-04-16","","cr_registered","Contact: nishad.amar@manipal.edu | ROC No: LD-20260185230 | ROC Date: 2026-04-16","Srishti Dhanania, Maria Joseph, Amar A Nishad, Vinita A Acharya"
"t-270","copyright","MCR250","Manipal Academy of Higher Education (MAHE)","Untitled Copyright Work","Literary work","","","","","cr_filed","Contact: girish.thunga@manipal.edu",""
"t-271","copyright","MCR251(MCHP)","Manipal Academy of Higher Education (MAHE)","traditional foods influencing diabetes","Literary work","","","","","cr_filed","Contact: Sthuthi.doampl2025@learner.manipal.edu",""
"t-272","copyright","MCR252(MCHP)","Manipal Academy of Higher Education (MAHE)","argument structure–based verbs in Hindi","Literary work","","","","","cr_filed","Contact: krishnan.g@manipal.edu, shivani.tiwari@gmail.com",""
"t-273","copyright","MCR253(MCHP)","Manipal Academy of Higher Education (MAHE)","argument structure–based verbs in Malayalam","Literary work","","","","","cr_filed","Contact: krishnan.g@manipal.edu",""
"t-274","copyright","MCR254 (MCHP)","Manipal Academy of Higher Education (MAHE)","empowering youth for healthier future","Literary work","","","","","cr_filed","Contact: akhilan.mchpmpl2024@learner.manipal.edu",""
"t-275","copyright","MCR255(MCHP)","Manipal Academy of Higher Education (MAHE)","Development of privatal mental health screening tool","Literary work","","","","","cr_filed","Contact: reshma.ns@manipal.edu",""
"t-276","copyright","MCR256 (MCHP)","Manipal Academy of Higher Education (MAHE)","Single Session Counselling Room Layout","Literary work","AT-1962/2026-CO","2026-01-14","2026-08-07","","cr_registered","Contact: emarson.vp@manipal.edu | ROC No: AT-20260166125 | ROC Date: 2026-08-07","FATHIMA SASVINA BEEGAM. A; EMARSON V. P"
"t-277","copyright","MCR257(MCHP)","Manipal Academy of Higher Education (MAHE)","Student Clinical logbook/workbook","Literary work","","","","","cr_filed","Contact: garima.sharma@manipal.edu",""
"t-278","copyright","MCR258","Manipal Academy of Higher Education (MAHE)","Cardiovascular Technology Internship Log Book","Literary work","","","","","cr_filed","Contact: kotian.nisha@manipal.edu",""
"t-279","copyright","MCR259","Manipal Academy of Higher Education (MAHE)","Multi-grain Millet Savoury Fenugreek Tart","Literary work","LD-41796/2025-CO","2025-10-15","2026-02-27","","cr_registered","Contact: sumit.k@manipal.edu | ROC No: LD-20260182617 27-02-2026 | ROC Date: 2026-02-27","Sumit Kumar, Raj Mohan, Jaithra D Yadav,K Darshan,Anish M"
"t-280","copyright","MCR260","Manipal Academy of Higher Education (MAHE)","healthy sesame crackers.","Literary work","LD-41790/2025-CO","2025-10-15","2025-12-30","","cr_registered","Contact: sumit.k@manipal.edu | ROC No: LD-20250179328 | ROC Date: 2025-12-30","Sumit Kumar"
"t-281","copyright","MCR261","Manipal Academy of Higher Education (MAHE)","Prenatal Training Module on Newborn Care","Literary work","LD-43633/2025-CO","2025-10-29","2026-03-23","","cr_registered","Contact: kvmpl.18@gmail.com | ROC No: LD-20260184162 | ROC Date: 2026-03-23","Kavya, Shashidhara Y N, Manjula"
"t-282","copyright","MCR262","Manipal Academy of Higher Education (MAHE)","Physical Activity Readiness Questionnaire for Stroke (PARQ-S)","Literary work","LD-41803/2025-CO","2025-10-15","2026-05-20","","cr_registered","Contact: senthil.kumaran@manipal.edu | ROC No: LD-20260186877 | ROC Date: 2026-05-20","S. Aparna Selvam, John M Solomon, Senthil Kumaran D, Poorvi V Shingatgeri"
"t-283","copyright","MCR263","Manipal Academy of Higher Education (MAHE)","KAP QUESTIONNAIRE ON ANTIBIOTIC DISPENSING PRACTICES","Literary work","LD-52866/2025-CO","2025-12-19","2026-06-29","","cr_registered","Contact: ansu.mcopsmpl2022@learner.manipal.edu | ROC No: LD-20260190209 | ROC Date: 2026-06-29","Preeja G. Pillai; Sibi Joseph M; Kiron S. S. Ansu Sarah Koruthu, Sonal Sekhar M, Sreedharan, Girish Tunga"
"t-284","copyright","MCR264","Manipal Academy of Higher Education (MAHE)","Knowledge, Attitude, and Practice (KAP) questionnaires designed to assess farmers’ KAP with respect to pesticide use in Karnataka (English version)","Literary work","LD-52260/2025-CO","2025-12-15","2026-07-14","","cr_registered","Contact: tejashree.mcopsmpl2023@learner.manipal.edu | ROC No: LD-20260192066 | ROC Date: 2026-07-14","Sohil A. Khan; Unnikrishnan B.; M. U. Tejashree, Girish Thunga, Sreedharan, and Vijayanarayana K."
"t-285","copyright","MCR265","Manipal Academy of Higher Education (MAHE)","Keetanaashakagala balake mattu surakshatege sambhandhisidhante raitara gnaana, vartane mattu abhyaasavannu nirnayisalu prashnaavali","Literary work","LD-359/2026-CO","2026-03-01","2026-03-23","","cr_registered","Contact: tejashree.mcopsmpl2023@learner.manipal.edu | ROC No: LD-20260184204 | ROC Date: 2026-03-23","Sohil A. Khan; Unnikrishnan B.; M. U. Tejashree, Girish Thunga, Sreedharan, and Vijayanarayana K."
"t-286","copyright","MCR266","Manipal Academy of Higher Education (MAHE)","“Development of a Novel Electromyographic-Driven Multi-Channel Functional Electrical Stimulation Device for the Management of Homolateral Limb Synkinesis during Post-Stroke Gait”","Literary work","LD-42342/2025-CO","2025-09-17","2025-12-30","","cr_registered","Contact: manisha.kmcmlr2024@learner.manipal.edu | ROC No: LD-20250180063 | ROC Date: 2025-12-30","Abraham M. Joshua, Manisha Nayak, Ashish John Prabhakar, Shyam Krishnan K, Zulkifli Misri; Krishnan C.M.C. , Prajof Prabhakaran"
"t-287","copyright","MCR267","Manipal Academy of Higher Education (MAHE)","Physical Activity Readiness Questionnaire for Stroke (PARQ-S)- kan","Literary work","LD-41801/2025-CO","2025-10-15","2026-04-20","","cr_registered","Contact: senthil.kumaran@manipal.edu | ROC No: LD-20260185536 | ROC Date: 2026-04-20","S. Aparna Selvam, John M Solomon, Senthil Kumaran D, Poorvi V Shingatgeri"
"t-288","copyright","MCR268(MK)","Manipal Academy of Higher Education (MAHE)","Questionnaire on assessment of Healthcare Needs & access to healthcare among","Literary work","","","","","cr_filed","Contact: Sampada.mcodsmlr2024@learner.manipal.edu","Sampada"
"t-289","copyright","MCR269(MK)","Manipal Academy of Higher Education (MAHE)","QUESTIONNAIRE ON ASSESSMENT OF ORAL HEALTH NEEDS & TOBACCO PREVALENCE AMONG NOMADIC PASTORALIST IN INDIA","Literary work","","","","","cr_filed","Contact: Sampada.mcodsmlr2024@learner.manipal.edu","Sampada"
"t-290","copyright","MCR270(MK)","Manipal Academy of Higher Education (MAHE)","Diabetes, oral health implication","Literary work","","","","","cr_filed","Contact: lekha.charu11@gmail.com","charu lekha"
"t-291","copyright","MCR271 (MK)","Manipal Academy of Higher Education (MAHE)","HEALTHY QR","Literary work","LD-48747/2025-CO""","2025-11-24","2026-05-27","","cr_registered","Contact: prajvalm.2@gmail.com | ROC No: LD-20260187617 | ROC Date: 2026-05-27","Prajval MAHAJAN, PREM BAJEKAL , ROMA M"
"t-292","copyright","MCR272 (MK)","Manipal Academy of Higher Education (MAHE)","SPECTACLES AND LENS FOR RAINWATER SELF REMOVAL FROM LENS DURING RAIN","Literary work","","","","","cr_filed","Contact: 19dug054poorvikb@gmail.com","Poorvik B"
"t-293","copyright","MCR273(MK)","Manipal Academy of Higher Education (MAHE)","Ageism Scale for Dental Students in India","Literary work","","","","","cr_filed","Contact: radhika.mcodsmlr2023@learner.manipal.edu","Radhika"
"t-294","copyright","MCR274 (MK)","Manipal Academy of Higher Education (MAHE)","Know Oral Cancer Using Indian Sign Languages","Literary work","","","","","cr_filed","Contact: amishannayak@gmail.com","Amisha Nayak"
"t-295","copyright","MCR275 (MK)","Manipal Academy of Higher Education (MAHE)","“Dental Health Associate Professionals Training and Workforce Potential Questionnaire (DHAP-TWPQ)","Literary work","LD-48109/2025-CO","2025-11-20","2026-05-29","","cr_registered","Contact: parul.bajaj@learner.manipal.edu | ROC No: LD-20260188469 | ROC Date: 2026-05-29","Parul Dasson Bajaj, Ramya Shenoy Kudpi, Kundabala Mala; Latha Sanjay Davda,; Gagan Bajaj"
"t-296","copyright","MCR276 (MK)","Manipal Academy of Higher Education (MAHE)","Basic Oral Health Assessment Tool (BOHAT) for Non-Dental Healthecare professional in India","Literary work","","","","","cr_filed","Contact: amitha.mcodsmlr2023@learner.manipal.edu","amitha."
"t-297","copyright","MCR277 (MK)","Manipal Academy of Higher Education (MAHE)","Empowering Non-Dental Health Professionals in Oral Health Assessment","Literary work","LD-5849/2026-CO","2026-09-02","","","cr_filed","Contact: amitha.mcodsmlr2023@learner.manipal.edu","Amitha Basheer Praveen Jodalli Shishir Ram Shetty Ramya Shenoy Dharmashree Satyarup"
"t-298","copyright","MCR278","Manipal Academy of Higher Education (MAHE)","“Communication Partner Training booklet for Healthcare Professionals in Acute Aphasia Care”","Literary work","LD-42349/2025-CO","2025-10-17","2026-05-19","","cr_registered","Contact: abraham.joshua@manipal.edu | ROC No: LD-20260186848 | ROC Date: 2026-05-19","Abraham M. Joshua, Aysha Hanan, Chanchal Chaudhary"
"t-299","copyright","MCR279","Manipal Academy of Higher Education (MAHE)","Preparation of Drug loaded nanostructured lipid carriers by using Hot-melt extrusion Technology","Literary work","AT-44034/2025-CO","2025-10-30","2026-05-05","","cr_registered","Contact: praveen.mcopsmpl2023@learner.manipal.edu | ROC No: AT-20260164973 | ROC Date: 2026-05-05","Raagul Seenivasan, Praveen Halagali,Vamshi Krishna Tippavajhala, Mahalaxmi Rathnanand"
"t-300","copyright","MCR280","Manipal Academy of Higher Education (MAHE)","Untitled Copyright Work","Literary work","","","","","cr_filed","Contact: kotian.nisha@manipal.edu","kotian.nisha"
"t-301","copyright","MCR281","Manipal Academy of Higher Education (MAHE)","Paediatric Checklist for Airway & Respiratory Health Status (PediC-AiRs)","Literary work","LD-3436/2026-CO","2026-01-25","","","cr_filed","Contact: jelisha.mchpmpl2024@learner.manipal.edu","Jelisha Shakya, Bhamini Krishna Rao, Deepalaxmi Paresh Poojari, and Manasa Kolibylu Raghupathy"
"t-302","copyright","MCR282","Manipal Academy of Higher Education (MAHE)","Focus Group Discussion Guide to Develop Research Strategies for Occupational Therapy in India","Literary work","LD-43988/2025-CO""","2025-10-30","","","cr_registered","Contact: koushik.sau@manipal.edu","Koushik Sau,Yogendra Nayak, Shovan Saha,; Vani Lakshmi R"
"t-303","copyright","MCR283","Manipal Academy of Higher Education (MAHE)","Perceived determinants","Literary work","","","","","cr_filed","",""
"t-304","copyright","MCR284","Manipal Academy of Higher Education (MAHE)","Perceived usefulness","Literary work","","","","","cr_filed","",""
"t-305","copyright","mcr285","Manipal Academy of Higher Education (MAHE)","“Conceptual Framework for Communication Practices in Surgical Settings.","Literary work","LD-43318/2025-CO","2025-10-27","2026-04-30","","cr_registered","Contact: dnyata.kmcmpl2023@learner.manipal.edu | ROC No: LD-20260186004 | ROC Date: 2026-04-30","Dnyata Dhanajirao Pandit, Somu G.,Anitha Nileshwar, Kirthinath Ballala"
"t-306","copyright","MCR286","Manipal Academy of Higher Education (MAHE)","Peanut Milk Herb Silk Paneer","Literary work","LD-45141/2025-CO","2025-05-11","","","cr_registered","Contact: sumit.k@manipal.edu","Sumit Kumar, Kvanit Panchal, Omkar Patel"
"t-307","copyright","MCR287","Manipal Academy of Higher Education (MAHE)","Stimuli for Embedded-Explicit Emergent Literacy Intervention for Children with Autism Spectrum Disorder","Literary work","LD-46494/2025-CO","2025-11-11","","","cr_registered","Contact: shivani.tiwari@manipal.edu","Shivani Tiwari; Haritha S Mohan"
"t-308","copyright","MCR288(MCHP)","Manipal Academy of Higher Education (MAHE)","“Clinical Logbook in Orthotics - UG”","Literary work","","","","","cr_filed","",""
"t-309","copyright","MCR289(PH)","Manipal Academy of Higher Education (MAHE)","Motherhood Regulatory Collaboration Model","Literary work","","","","","cr_filed","",""
"t-310","copyright","MCR290(PH)","Manipal Academy of Higher Education (MAHE)","Untitled Copyright Work","Literary work","","","","","cr_filed","Contact: naik.mcopsmpl2024@learner.manipal.edu",""
"t-311","copyright","MCR291(PH)","Manipal Academy of Higher Education (MAHE)","Design and development of wearable device","Literary work","","","","","cr_filed","",""
"t-312","copyright","MCR292(PH)","Manipal Academy of Higher Education (MAHE)","Survey based study to identify challenges in using new age tech based medically device regulatory perspective","Literary work","","","","","cr_filed","",""
"t-313","copyright","MCR293(PH)","Manipal Academy of Higher Education (MAHE)","Untitled Copyright Work","Literary work","","","","","cr_filed","Contact: awez.mcopsmpl2025@learner.manipal",""
"t-314","copyright","MCR294","Manipal Academy of Higher Education (MAHE)","LOCK and KEY ANALOGY - Glucose Entry into the cell","Literary work","AT-45154/2025-CO","2025-05-11","","","cr_discrepancy","Contact: vijetha.shenoy@manipal.edu","Vijetha Shenoy, Ashwini V Rao"
"t-315","copyright","MCR295","Manipal Academy of Higher Education (MAHE)","Untitled Copyright Work","Literary work","","","","","cr_filed","Contact: vijetha.shenoy@manipal.edu- cinematography","Vijetha Shenoy, Ashwini V Rao"
"t-316","copyright","MCR296","Manipal Academy of Higher Education (MAHE)","Early Intervention Module: Oral and Speech & Language Stimulation","Literary work","LD-49143/2025-CO","2025-11-26","","","cr_registered","Contact: nuthan.mchpmpl2023@learner.manipal.edu","Nuthan N Kamath,Veena K D, Deepa N; Dinesh M Nayak,Ashish Gupta"
"t-317","copyright","MCR297","Manipal Academy of Higher Education (MAHE)","Preparation of Drug loaded Solid lipid Nanoparticles by using Hot-melt extrusion Technology","Literary work","AT-43998/2025-CO","2025-10-30","2026-01-06","","cr_registered","Contact: praveen.mcopsmpl2023@learner.manipal.edu | ROC No: AT-20260165611 | ROC Date: 2026-01-06","Raagul Seenivasan, Praveen Halagali,Vamshi Krishna Tippavajhala, Mahalaxmi Rathnanand"
"t-318","copyright","MCR298","Manipal Academy of Higher Education (MAHE)","Active targeting of antiviral drugs to liver using carbohydrate modified bilosomal formulations","Literary work","AT-44001/2025-CO","2025-10-30","2026-05-26","","cr_registered","Contact: praveen.mcopsmpl2023@learner.manipal.edu | ROC No: AT-20260165267 | ROC Date: 2026-05-26","Raagul Seenivasan, Praveen Halagali, Pawan Ganesh Nayak, Dr. Vamshi Krishna Tippavajhala"
"t-319","copyright","MCR299","Manipal Academy of Higher Education (MAHE)","LOCK and KEY ANALOGY - Type 1 Diabetes Mellitus","Literary work","AT-45155/2025-CO","2025-05-11","","","cr_discrepancy","Contact: vijetha.shenoy@manipal.edu","Vijetha Shenoy, Ashwini V Rao"
"t-320","copyright","MCR300","Manipal Academy of Higher Education (MAHE)","LOCK and KEY ANALOGY - Type 2 Diabetes Mellitus","Literary work","AT-45144/2025-CO","2025-05-11","","","cr_discrepancy","Contact: vijetha.shenoy@manipal.edu","Vijetha Shenoy, Ashwini V Rao"
"t-321","copyright","MCR301(LT)","Manipal Academy of Higher Education (MAHE)","STAGE ORAL CANCER","Literary work","","","","","cr_filed","Contact: vasantha.kmcmpl2024@manipal.edu","Vasantha"
"t-322","copyright","MCR302(LT)","Manipal Academy of Higher Education (MAHE)","nutritional diet","Literary work","","","","","cr_filed","Contact: shreekhaprabhakaran@gmail.com","Shreeka prakash"
"t-323","copyright","MCR303(LT)","Manipal Academy of Higher Education (MAHE)","Sehmatly","Literary work","","","","","cr_filed","Contact: ramyamoorthy@manipal.edu","Ramya"
"t-324","copyright","MCR304","Manipal Academy of Higher Education (MAHE)","Questionnaire on Toilet Hygiene and Urinary Health for Students of Grade 1 to 7","Literary work","LD-45143/2025-CO","2025-05-11","","","cr_registered","Contact: megha.gokul@manipal.edu","megha gokul, Anish Rajesh Poojari, Nayanatara Arun Kumar,"
"t-325","copyright","MCR305(LT)","Manipal Academy of Higher Education (MAHE)","Mental Health","Literary work","","","","","cr_filed","Contact: ravindra.nm@manipal.edu","Ravindra"
"t-326","copyright","MCR306","Manipal Academy of Higher Education (MAHE)","FALCON (Framework for Airfoil CFD and anaLysis OptimizatioN)","Literary work","SW-47114/2025-CO","","2026-05-14","","cr_registered","Contact: manikandan.m@manipal.edu | ROC No: SW-2026022820 | ROC Date: 2026-05-14","Prisha Vatsal Desai, Anwak Manoj Kumar, Manikandan Murugaiah"
"t-327","copyright","MCR307","Manipal Academy of Higher Education (MAHE)","A Four-Domain Framework of Communication Gaps in Perioperative Settings","Literary work","LD-45146/2025-CO","2025-05-11","","","cr_registered","Contact: dnyata.kmcmpl2023@learner.manipal.edu","Dnyata Dhanajirao Pandit, Kirthinath Ballala, Anitha Nileshwar, Somu G"
"t-328","copyright","MCR308 (MCON)","Manipal Academy of Higher Education (MAHE)","Management of Multiple Trauma Wounds","Literary work","","","","","cr_filed","Contact: fathimamariyammtp8@gmail.com","Fathima Mariyam"
"t-329","copyright","MCR309 (MCON)","Manipal Academy of Higher Education (MAHE)","Management of Multiple Trauma Wounds","Literary work","","","","","cr_filed","Contact: muhammedameen3553@gmail.com","Muhammed ameen"
"t-330","copyright","MCR310(MCON)","Manipal Academy of Higher Education (MAHE)","Surgical wounds","Literary work","","","","","cr_filed","Contact: angelinemariapaulson@gmail.com","Angeline Maria"
"t-331","copyright","MCR311(MCON)","Manipal Academy of Higher Education (MAHE)","Surgical Wounds","Literary work","","","","","cr_filed","Contact: gilu.mconmpl2022@learner.manipal.edu","Gilu Jacob"
"t-332","copyright","MCR312(MCON)","Manipal Academy of Higher Education (MAHE)","Pictorial representation of mechanism o action of aviptadil drug in the body","Literary work","","","","","cr_filed","Contact: ashritha.kmcmpl2024@learner.manipal.edu","Ashritha A Udupa"
"t-333","copyright","MCR313(MCON)","Manipal Academy of Higher Education (MAHE)","Schematic representation of Lung-kidney crosstalk in patients with acute respiratory distress syndrome(ARDS)","Literary work","","","","","cr_filed","Contact: shruthi.kmcmpl2024@learner.manipal.edu","Shruthi"
"t-334","copyright","MCR314(MCON)","Manipal Academy of Higher Education (MAHE)","Developing a alcohol dependence diagnostic kit","Literary work","","","","","cr_filed","Contact: jahid.kmcmpl2023@learner.manipal.edu","Mohd Jahid Riyaz Ahmed Khan"
"t-335","copyright","MCR315(MCON)","Manipal Academy of Higher Education (MAHE)","Quesstionaire to assess the oral complictions in the patients with cancer recieving chemotherapy","Literary work","","","","","cr_filed","Contact: nakshatra.kmcmpl2023@learner.manipal.edu","Nakshatra Shetty"
"t-336","copyright","MCR316(MCON)","Manipal Academy of Higher Education (MAHE)","Kannada translation of CBSFC-CC Scale","Literary work","","","","","cr_filed","Contact: vani.kmcmpl2023@learner.manipal.edu","Vani Verma"
"t-337","copyright","MCR317(MCON)","Manipal Academy of Higher Education (MAHE)","Semi-structured interview guide to evaluate pediatric encologist psychological experience","Literary work","","","","","cr_filed","Contact: harshitha.kmcmpl2023@learner.manipal.edu","Harshitha D"
"t-338","copyright","MCR318 (MCON)","Manipal Academy of Higher Education (MAHE)","Schematic flow chart with diagram depicting the gene influence on the granule cell progenitors(GCPs) in external granular layer","Literary work","","","","","cr_filed","Contact: Kausar.aamna@manipal.edu","Aamna kausar"
"t-339","copyright","MCR319 (MCON)","Manipal Academy of Higher Education (MAHE)","A Video assisted education on nutrition for women","Literary work","","","","","cr_filed","Contact: pavan.kmcmpl2024@learner.manipal.edu","Thatoju Pavan Kumar"
"t-340","copyright","MCR320(MCON)","Manipal Academy of Higher Education (MAHE)","Development of a digital interface for comprehensive geriatric assessment (CGA) and multidimensional interventon","Literary work","","","","","cr_filed","Contact: abel.kmcmpl2025@learner.manipal.edu","Abel Buskutty"
"t-341","copyright","MCR321(MCON)","Manipal Academy of Higher Education (MAHE)","Cause and symptoms of the Alzheimer's disease","Literary work","","","","","cr_filed","Contact: chaithral.kmcmpl2025@learner.manipal.edu","Chaithra kamath , Ravindra Maradi"
"t-342","copyright","MCR322(MCON)","Manipal Academy of Higher Education (MAHE)","Risk factor for polyeystic ovary syndrome(PCOS)","Literary work","","","","","cr_filed","Contact: rashmitha.kmcmpl2025@learner.manipal.edu","Rashmitha Shetty , Varashree B.S"
"t-343","copyright","MCR323(MCON)","Manipal Academy of Higher Education (MAHE)","Eco Debridement hit for rural areas (limited resource areas)","Literary work","","","","","cr_filed","Contact: Dechen10102001@gmail.com , Tisaclare@gmail.com","Dechen Palmo , Tisa Clare"
"t-344","copyright","MCR324(MCON)","Manipal Academy of Higher Education (MAHE)","Implementin a theatre type activity to students to get better understanding about applied anatomy aspects","Literary work","","","","","cr_filed","Contact: ashwini.aithal@manipal.edu","Ashwini Aithal P"
"t-345","copyright","MCR325(MCON)","Manipal Academy of Higher Education (MAHE)","Application of red light via the skull to treat the Alzehmier's disease","Literary work","","","","","cr_filed","Contact: sonal.n@manipal.edu","Sonal"
"t-346","copyright","MCR326(MCON)","Manipal Academy of Higher Education (MAHE)","To device a mobile application which uses AI to detect electronic devices which are hidden","Literary work","","","","","cr_filed","Contact: ashwini.aithal@manipal.edu","Ashwini Aithal P"
"t-347","copyright","MCR327(MCON)","Manipal Academy of Higher Education (MAHE)","Transcranial photobiomodulation for brain to treat cognition","Literary work","","","","","cr_filed","Contact: rao.sharanya@manipal.edu","Sharanya Rao"
"t-348","copyright","MCR328(MCON)","Manipal Academy of Higher Education (MAHE)","Emergency drug box","Literary work","","","","","cr_filed","Contact: rosemiannreji@gmail.com","Rosemi Ann Reji"
"t-349","copyright","MCR329(MCON)","Manipal Academy of Higher Education (MAHE)","Mind saved Life saved","Literary work","","","","","cr_filed","Contact: rosemiannreji@gmail.com","Rosemi Ann Reji"
"t-350","copyright","MCR330(MCON)","Manipal Academy of Higher Education (MAHE)","Help always answered","Literary work","","","","","cr_filed","Contact: rosemiannreji@gmail.com","Rosemi Ann Reji"
"t-351","copyright","MCR331(MCON)","Manipal Academy of Higher Education (MAHE)","Diabetes Care Together","Literary work","","","","","cr_filed","Contact: rosemiannreji@gmail.com","Rosemi Ann Reji"
"t-352","copyright","MCR332(MCON)","Manipal Academy of Higher Education (MAHE)","Pressure Ulcer wound prevention","Literary work","","","","","cr_filed","Contact: tentsetan5122@gmail.com","Tenzin Tsetan"
"t-353","copyright","MCR333(MCON)","Manipal Academy of Higher Education (MAHE)","Aritificial intelligence in healthcare and wound care","Literary work","","","","","cr_filed","Contact: irenegeorge614@gmail.com","Irene Maria George"
"t-354","copyright","MCR334(MCON)","Manipal Academy of Higher Education (MAHE)","I V Tracker","Literary work","","","","","cr_filed","Contact: nehamariyamsunil003@gmail.com","Neha Mariyam Sunil"
"t-355","copyright","MCR335(MCON)","Manipal Academy of Higher Education (MAHE)","AI integrated nursing care plans","Literary work","","","","","cr_filed","Contact: lismariamartin123@gmail.com","Lis Maria Martin"
"t-356","copyright","MCR336(MCON)","Manipal Academy of Higher Education (MAHE)","Amputation wound smart bandage for remote monitoring of healing process, pH , humidity, temparature and infection status","Literary work","","","","","cr_filed","Contact: jennifermaryjosephkanath@gmail.com","Jennifer Mary Joseph"
"t-357","copyright","MCR337 (MCON)","Manipal Academy of Higher Education (MAHE)","A.I in healthcare and nanorobotics, bio engineering (Nirex health)","Literary work","","","","","cr_filed","Contact: nithinytss@gmail.com","Nithin Vinod"
"t-358","copyright","MCR338(MCON)","Manipal Academy of Higher Education (MAHE)","Water resistance cover for every wound instead of plastic","Literary work","","","","","cr_filed","Contact: tyanchen560@gmail.com","Tsering Yangchen"
"t-359","copyright","MCR339(MCON)","Manipal Academy of Higher Education (MAHE)","Suture care- ""we- care"" app","Literary work","","","","","cr_filed","Contact: aradhanakarmakar00@gmail.com","Aradhana Karmakar"
"t-360","copyright","MCR340(MCON)","Manipal Academy of Higher Education (MAHE)","A protective barrier for suture - ""WaterX""","Literary work","","","","","cr_filed","Contact: aradhanakarmakar00@gmail.com","Aradhana Karmakar"
"t-361","copyright","MCR341(MCON)","Manipal Academy of Higher Education (MAHE)","Infrared thermography for detection of pressure ulcer","Literary work","","","","","cr_filed","Contact: aarushi.mconmpl2023@learner.manipal","Aarushi Kaushal"
"t-362","copyright","MCR342(MCON)","Manipal Academy of Higher Education (MAHE)","biodegradable plasric for medical equipment","Literary work","","","","","cr_filed","Contact: aarushi.mconmpl2023@learner.manipal","Aarushi Kaushal"
"t-363","copyright","MCR343(MCON","Manipal Academy of Higher Education (MAHE)","Kiosk for indenting medication","Literary work","","","","","cr_filed","Contact: aarushi.mconmpl2023@learner.manipal","Aarushi Kaushal"
"t-364","copyright","MCR344(MCON)","Manipal Academy of Higher Education (MAHE)","Laceatiun wound management especially among nurses and doctors","Literary work","","","","","cr_filed","Contact: gireeshadithya3@gmail.com","Adithya Gireesh"
"t-365","copyright","MCR345(MCON)","Manipal Academy of Higher Education (MAHE)","Wound Progress Detector","Literary work","","","","","cr_filed","Contact: mathewdivna@gmail.com","Divna Mathew"
"t-366","copyright","MCR346(MCON)","Manipal Academy of Higher Education (MAHE)","Virtual Reality- Based Preksha Dhyana","Literary work","","","","","cr_filed","Contact: manoj.doympl2023@kearner.manipal.edu, patil.nj@manipal.edu","Manoj Ghosh, Neetinakumar Patil"
"t-367","copyright","MCR347(MCON)","Manipal Academy of Higher Education (MAHE)","Millet hup Strudel","Literary work","","","","","cr_filed","Contact: anthuvan.raj@manipal.edu","Anthuvanraj S"
"t-368","copyright","MCR348(MCON)","Manipal Academy of Higher Education (MAHE)","Bais staining technique","Literary work","","","","","cr_filed","Contact: anniesmitha.dbmsmpl2023@learner.manipal.edu","Anniesmitha K"
"t-369","copyright","MCR349(MCON)","Manipal Academy of Higher Education (MAHE)","Learning module of a craft","Literary work","","","","","cr_filed","Contact: ann.dodmpl2024@learner.manipal.edu","Ann Thomas"
"t-370","copyright","MCR350(MCON)","Manipal Academy of Higher Education (MAHE)","Infection or contained wound and after management which can be done at home","Literary work","","","","","cr_filed","Contact: alida7978@gmail.com","Alida Mariam John"
"t-371","copyright","MCR351(MCON)","Manipal Academy of Higher Education (MAHE)","Infection Indicator","Literary work","","","","","cr_filed","Contact: tisaclare@gmail.com , Dechen10102001@gmail.com","Tisa Clare , Dechen Palmo"
"t-372","copyright","MCR352(MCON)","Manipal Academy of Higher Education (MAHE)","Multi purpose Nursing care Apron","Literary work","","","","","cr_filed","Contact: tisaclare@gmail.com , Dechen10102001@gmail.com","Tisa Clare , Dechen Palmo"
"t-373","copyright","MCR353(MCON)","Manipal Academy of Higher Education (MAHE)","ERSS Awareness Among public","Literary work","","","","","cr_filed","Contact: Shrushti.kmcmpl2025@learner.manipal.edu","Shrushti Biradar"
"t-374","copyright","MCR354(MCON)","Manipal Academy of Higher Education (MAHE)","Fingerprint Analysis: A practical laboratory manual for forensic science students","Literary work","","","","","cr_filed","Contact: anitta.joseph@manipal.edu","Anitta Joseph"
"t-375","copyright","MCR355(MCON)","Manipal Academy of Higher Education (MAHE)","Impact of pesticide exposure on calliphoridae species","Literary work","","","","","cr_filed","Contact: shruthi.kmcmpl2023@learner.manipal.edu","Shruthi S Shetty"
"t-376","copyright","MCR356(MCON)","Manipal Academy of Higher Education (MAHE)","Intelligent system for detection & correlation of missing & unidentified individuals","Literary work","","","","","cr_filed","Contact: praveena.kmcmpl2025@learner.manipal.edu","Praveena Prabhakarian"
"t-377","copyright","MCR357(MCON)","Manipal Academy of Higher Education (MAHE)","Does 'Healthcare Education and learning for tuberculosis' (HEAL- 713) among treatment supporters improve tuberculosis outcomes? An implementational research in coastal districts of karnataka","Literary work","","","","","cr_filed","Contact: rajath.rao@manipal.edu","Rajath Rao"
"t-378","copyright","MCR358(MCON)","Manipal Academy of Higher Education (MAHE)","Need assessment questionnaire for evaluation of knowledge , attitude & perception on musculoskeletal anatomy of back for health professionals","Literary work","","","","","cr_filed","Contact: nikita.dbmsmpl2023@learner.manipal.edu","Nikita Bandekar"
"t-379","copyright","MCR359(MCON)","Manipal Academy of Higher Education (MAHE)","Need assessment questionnaire for evaluation of knowledge , attitude & perception on musculoskeletal anatomy of back for health professionals","Literary work","","","","","cr_filed","Contact: anniesmitha.dbmsmpl2023@learner.manipal.edu","Anniesmitha K"
"t-380","copyright","MCR360(MCON)","Manipal Academy of Higher Education (MAHE)","Blueprint Voice-to-Chat Documentation System.","Literary work","","","","","cr_filed","Contact: konar.tathagata@gmail.com","Tathagata Konar"
"t-381","copyright","MCR361(MCON)","Manipal Academy of Higher Education (MAHE)","Transforming Emergency Nursing Documentation Through Voice To Chart Documentation System - Introduction & Objective","Literary work","LD-46133/2025-CO","2025-10-11","","","cr_registered","Contact: konar.tathagata@gmail.com","Tathagata Konar"
"t-382","copyright","MCR362(MCON)","Manipal Academy of Higher Education (MAHE)","Transforming Emergency Nursing Documentation through Voice-to Chart Documentation System.","Literary work","LD-46134/2025-CO","2025-10-11","2026-05-29","","cr_registered","Contact: konar.tathagata@gmail.com | ROC No: LD-20260188553 | ROC Date: 2026-05-29","Tathagata Konar"
"t-383","copyright","MCR363(MCON)","Manipal Academy of Higher Education (MAHE)","Transforming Emergency Nursing Documentation through Voice-to Chart Documentation System.","Literary work","LD-46135/2025-CO","2025-10-11","2026-04-05","","cr_registered","Contact: konar.tathagata@gmail.com | ROC No: LD-20260186101 | ROC Date: 2026-04-05","Tathagata Konar"
"t-384","copyright","MCR364(MCON)","Manipal Academy of Higher Education (MAHE)","NERVE-Nurse Emergency Recording via Voice Engine (VOICE TO CHART DOCUMENTATION SYSTEM FOR EMERGENCY NURSES)","Literary work","AT-46139/2025-CO","2025-10-11","","","cr_discrepancy","Contact: konar.tathagata@gmail.com","Tathagata Konar"
"t-385","copyright","MCR365","Manipal Academy of Higher Education (MAHE)","Schematic flow chart with diagram depicting the gene influence on the granule cell progenitors (GCPs) in external granular layer (EGL)","Literary work","AT-48112/2025-CO","2025-11-20","","","cr_registered","Contact: kausar.aamna@manipal.edu","Mamatha H, Shalini S Nayak, Dinesh Upadhya, Deepak Nayak, Mr. Veeresh"
"t-386","copyright","MCR366","Manipal Academy of Higher Education (MAHE)","“Bicarbonate Buffer System”","Literary work","AT-47514/2025-CO","2025-11-17","","","cr_discrepancy","Contact: shiva.baliga@manipal.edu","Shivananda Baliga B, Vijetha Shenoy Belle"
"t-387","copyright","MCR367","Manipal Academy of Higher Education (MAHE)","“Role of Kidneys in Acid-Base Balance : Excretion of ammonium ions”","Literary work","AT-46497/2025-CO","2025-11-11","2026-05-29","","cr_registered","Contact: shiva.baliga@manipal.edu | ROC No: AT-20260165492 | ROC Date: 2026-05-29","Shivananda Baliga B, Vijetha Shenoy Belle"
"t-388","copyright","MCR368","Manipal Academy of Higher Education (MAHE)","“Role of Kidneys in Acid-Base Balance : Excretion of titrable acid”","Literary work","AT-47548/2025-CO","2025-11-17","2026-05-27","","cr_registered","Contact: shiva.baliga@manipal.edu | ROC No: AT-20260165346 | ROC Date: 2026-05-27","Shivananda Baliga B, Vijetha Shenoy Belle"
"t-389","copyright","MCR369","Manipal Academy of Higher Education (MAHE)","“Role of Kidneys in Acid-Base Balance : Reabsorption of Bicarbonate”","Literary work","AT-46149/2025-CO","2025-10-11","","","cr_discrepancy","Contact: shiva.baliga@manipal.edu","Shivananda Baliga B, Vijetha Shenoy Belle"
"t-390","copyright","MCR370","Manipal Academy of Higher Education (MAHE)","“Respiratory control of Blood pH”","Literary work","AT-46148/2025-CO","2025-10-11","2026-05-29","","cr_registered","Contact: shiva.baliga@manipal.edu | ROC No: AT-20260165503 | ROC Date: 2026-05-29","Shivananda Baliga B, Vijetha Shenoy Belle"
"t-391","copyright","MCR371","Manipal Academy of Higher Education (MAHE)","Role of Kidneys in Acid-Base balance: Excretion of H+","Literary work","AT-46501/2025-CO","2025-11-11","","","cr_registered","Contact: shiva.baliga@manipal.edu","Shivananda Baliga B, Vijetha Shenoy Belle"
"t-392","copyright","MCR372","Manipal Academy of Higher Education (MAHE)","Systematic Workflow for the Design and Development of Wax-based Paper Analytical Devices (PADs) Using a Sustainable Fabrication Approach","Literary work","AT-47992/2025-CO","2025-11-19","2026-05-27","","cr_registered","Contact: daniel.mcopsmpl2022@learner.manipal.edu | ROC No: AT-20260165366 | ROC Date: 2026-05-27","Daniel Anthony Vaz, Girish Thunga, Manjunath S, Aravinda Pai, Raghu Chandrashekhar H; Revathi P Shenoy, Vasudha Devi, Jayaraj Mymbilly Balakrishnan; Sohil Khan"
"t-393","copyright","MCR373","Manipal Academy of Higher Education (MAHE)","Conceptual Framework of Antecedents of Academic Self-Handicapping in Post-Graduate Students","Literary work","LD-50576/2025-CO","2025-05-12","","","cr_examination","Contact: vaishalee.s@manipal.edu","Shuddhi Gowri G Vaishalee Saravanan Samyukta Vaidyanathan"
"t-394","copyright","MCR374","Manipal Academy of Higher Education (MAHE)","Effects of Plasmalyte, PBS and Dacie’s solution on RBC morphometrics","Literary work","LD-32550/2026-CO","2026-07-13","","","cr_filed","Contact: subalakshmi.mmmcmpl2022@learner.manipal.edu","Subalakshmi Ramprasad M G Ramesh Babu"
"t-395","copyright","MCR375","Manipal Academy of Higher Education (MAHE)","Exploring label-free RBC morphometrics using brightfield microscopy and explainable AI","Literary work","LD-32334/2026-CO","2026-07-13","","","cr_filed","Contact: subalakshmi.mmmcmpl2022@learner.manipal.edu","Subalakshmi Ramprasad M G Ramesh Babu"
"t-396","copyright","MCR376","Manipal Academy of Higher Education (MAHE)","-Effects of Temperature on In-Vitro RBC Morphometrics and Hemolysis_Implications for Microbial Study Setups","Literary work","LD-32337/2026-CO","2026-07-13","","","cr_filed","Contact: subalakshmi.mmmcmpl2022@learner.manipal.edu","Subalakshmi Ramprasad M G Ramesh Babu"
"t-397","copyright","MCR377","Manipal Academy of Higher Education (MAHE)","Library- Based Occupational Therapy Skills Manual for Adults with Autism: A 10-Session Structured Program","Literary work","LD-50732/2025-CO","","2026-06-29","","cr_registered","Contact: p.keshavaram@manipal.edu | ROC No: LD-20260190103 | ROC Date: 2026-06-29","Keshavaram P,Vaidehi Pillai"
"t-398","copyright","MCR378","Manipal Academy of Higher Education (MAHE)","IN-DEPTH INTERVIEW GUIDE: UNDERSTANDING THE GOVERNANCE AND INSTITUTIONAL RELATED BARRIERS IN IMPLEMENTING HEALTHY VILLAGE THEME FOR STAKEHOLDERS (FOR OFFICIALS OF PANCHAYATI RAJ INSTITUTIONS, INTEGRATED CHILD DEVELOPMENT SCHEME, HEALTH AND EDUCATION DEPARTMENT)","Literary work","LD-48740/2025-CO","2025-11-24","2026-06-30","","cr_registered","Contact: bhaskar.dbmsmpl2024@learner.manipal.edu | ROC No: LD-20260190383 | ROC Date: 2026-06-30","Bhaskar Tiwary Abhishek Chaturvedi Chandrika D Nayak Harini Santhanam Vijayaraghavan R"
"t-399","copyright","MCR379","Manipal Academy of Higher Education (MAHE)","SURVEY TOOL: EVALUATION OF ENGAGEMENT OF PRI MEMBERS WITH RESPECT TO SDGS LOCALIZATION AND HEALTHY VILLAGE THEME","Literary work","LD-48118/2025-CO","2025-11-20","","","cr_registered","Contact: bhaskar.dbmsmpl2024@learner.manipal.edu","Bhaskar Tiwary Abhishek Chaturvedi Chandrika D Nayak Harini Santhanam Vijayaraghavan R"
"t-400","copyright","MCR380","Manipal Academy of Higher Education (MAHE)","Untitled Copyright Work","Literary work","","","","","cr_filed","Contact: maya.varma@manipal.edu",""
"t-401","copyright","MCR381","Manipal Academy of Higher Education (MAHE)","""Navajathashishugala shavapareekshye mathu thanthragala kurithu karnataka mathu keraladallina samudhayadha jnana,varthanegalu mathu grahikegalannu nirnayesalu are-rachanathmaka sandharshana margadharshi""","Literary work","LD-48732/2025-CO","2025-11-24","2026-06-30","","cr_registered","Contact: athira.sreenivas@learner.manipal.edu | ROC No: LD-20260190328 | ROC Date: 2026-06-30","ATHIRA SREENIVAS, MARY MATHEW, LESLIE E LEWIS"
"t-402","copyright","MCR382","Manipal Academy of Higher Education (MAHE)","Navajatha shishukalude postmortavum sangethika vidhyakalum sambhandhiche karnatakayileyum keralathileyum samoohathinte arrive, manobhavanjal, dharanakalenniva vilayiruthunnathinulla abhimukha sahayi","Literary work","LD-48731/2025-CO","2025-11-24","","","cr_registered","Contact: athira.sreenivas@learner.manipal.edu","ATHIRA SREENIVAS, MARY MATHEW, LESLIE E LEWIS"
"t-403","copyright","MCR383","Manipal Academy of Higher Education (MAHE)","EARLY INTERVENTION MODULE ORAL AND SPEECH & LANGUAGE STIMULATION- kannada","Literary work","LD-49144/2025-CO","2025-11-26","","","cr_registered","Contact: nuthan.mchpmpl2023@learner.manipal.edu","Nuthan N Kamath,Veena K D, Deepa N; Dinesh M Nayak,Ashish Gupta"
"t-404","copyright","MCR384 (MCON)","Manipal Academy of Higher Education (MAHE)","Management of Multiple Trauma Wounds- work 2","Literary work","","","","","cr_filed","","Fathima Mariyam"
"t-405","copyright","MCR385(MCON)","Manipal Academy of Higher Education (MAHE)","Management of Multiple Trauma Wounds- work 2","Literary work","","","","","cr_filed","","Muhammed ameen"
"t-406","copyright","MCR386(MCON)","Manipal Academy of Higher Education (MAHE)","Surgical wounds- Work 2","Literary work","","","","","cr_filed","","Angeline Maria"
"t-407","copyright","MCR387(MCON)","Manipal Academy of Higher Education (MAHE)","Surgical wounds- Work 2","Literary work","","","","","cr_filed","","Gilu Jacob"
"t-408","copyright","MCR388(MCON)","Manipal Academy of Higher Education (MAHE)","Pictorial representation of mechanism o action of aviptadil drug in the body- work 2","Literary work","","","","","cr_filed","","Ashritha A Udupa"
"t-409","copyright","MCR389(MCON)","Manipal Academy of Higher Education (MAHE)","Schematic representation of Lung-kidney crosstalk in patients with acute respiratory distress syndrome(ARDS) - Work 2","Literary work","","","","","cr_filed","","Shruthi"
"t-410","copyright","MCR390(MCON)","Manipal Academy of Higher Education (MAHE)","Developing a alcohol dependence diagnostic kit- Work 2","Literary work","","","","","cr_filed","","Mohd Jahid Riyaz Ahmed Khan"
"t-411","copyright","MCR391(MCON)","Manipal Academy of Higher Education (MAHE)","Quesstionaire to assess the oral complictions in the patients with cancer recieving chemotherapy- Work 2","Literary work","","","","","cr_filed","","Nakshatra Shetty"
"t-412","copyright","MCR392(MCON)","Manipal Academy of Higher Education (MAHE)","Kannada translation of CBSFC-CC Scale- Work 2","Literary work","","","","","cr_filed","","Vani Verma"
"t-413","copyright","MCR393(MCON)","Manipal Academy of Higher Education (MAHE)","Semi-structured interview guide to evaluate pediatric encologist psychological experience- Work 2","Literary work","","","","","cr_filed","","Harshitha D"
"t-414","copyright","MCR394(MCON)","Manipal Academy of Higher Education (MAHE)","Schematic flow chart with diagram depicting the gene influence on the granule cell progenitors(GCPs) in external granular layer - Work 2","Literary work","","","","","cr_filed","","Aamna kausar"
"t-415","copyright","MCR395(MCON)","Manipal Academy of Higher Education (MAHE)","A Video assisted education on nutrition for women- Work 2","Literary work","","","","","cr_filed","","Thatoju Pavan Kumar"
"t-416","copyright","MCR396(MCON)","Manipal Academy of Higher Education (MAHE)","Development of a digital interface for comprehensive geriatric assessment (CGA) and multidimensional interventon- Work 2","Literary work","","","","","cr_filed","","Abel Buskutty"
"t-417","copyright","MCR397(MCON)","Manipal Academy of Higher Education (MAHE)","Cause and symptoms of the Alzheimer's disease- Work 2","Literary work","","","","","cr_filed","","Chaithra kamath , Ravindra Maradi"
"t-418","copyright","MCR398(MCON)","Manipal Academy of Higher Education (MAHE)","Risk factor for polyeystic ovary syndrome(PCOS)- Work 2","Literary work","","","","","cr_filed","","Rashmitha Shetty , Varashree B.S"
"t-419","copyright","MCR399(MCON)","Manipal Academy of Higher Education (MAHE)","Eco Debridement hit for rural areas (limited resource areas)- Work 2","Literary work","","","","","cr_filed","","Dechen Palmo , Tisa Clare"
"t-420","copyright","MCR400(MCON)","Manipal Academy of Higher Education (MAHE)","Implementing a theatre type activity to students to get better understanding about applied anatomy aspects- Work 2","Literary work","","","","","cr_filed","","Ashwini Aithal P"
"t-421","copyright","MCR401(MCON)","Manipal Academy of Higher Education (MAHE)","Application of red light via the skull to treat the Alzehmier's disease-Work 2","Literary work","","","","","cr_filed","","Sonal"
"t-422","copyright","MCR402(MCON)","Manipal Academy of Higher Education (MAHE)","To device a mobile application which uses AI to detect electronic devices which are hidden- Work 2","Literary work","","","","","cr_filed","","Ashwini Aithal P"
"t-423","copyright","MCR403(MCON)","Manipal Academy of Higher Education (MAHE)","Transcranial photobiomodulation for brain to treat cognition- Work 2","Literary work","","","","","cr_filed","","Sharanya Rao"
"t-424","copyright","MCR404(MCON)","Manipal Academy of Higher Education (MAHE)","Emergency drug box- Work 2","Literary work","","","","","cr_filed","","Rosemi Ann Reji"
"t-425","copyright","MCR405(MCON)","Manipal Academy of Higher Education (MAHE)","Mind saved Life saved- Work 2","Literary work","","","","","cr_filed","","Rosemi Ann Reji"
"t-426","copyright","MCR406(MCON)","Manipal Academy of Higher Education (MAHE)","Help always answered- Work 2","Literary work","","","","","cr_filed","","Rosemi Ann Reji"
"t-427","copyright","MCR407(MCON)","Manipal Academy of Higher Education (MAHE)","Diabetes Care Together- Work 2","Literary work","","","","","cr_filed","","Rosemi Ann Reji"
"t-428","copyright","MCR408(MCON)","Manipal Academy of Higher Education (MAHE)","Pressure Ulcer wound prevention- Work 2","Literary work","","","","","cr_filed","","Tenzin Tsetan"
"t-429","copyright","MCR409(MCON)","Manipal Academy of Higher Education (MAHE)","Aritificial intelligence in healthcare and wound care- Work 2","Literary work","","","","","cr_filed","","Irene Maria George"
"t-430","copyright","MCR410(MCON)","Manipal Academy of Higher Education (MAHE)","I V Tracker- Work 2","Literary work","","","","","cr_filed","","Neha Mariyam Sunil"
"t-431","copyright","MCR411 (MCON)","Manipal Academy of Higher Education (MAHE)","AI integrated nursing care plans- Work 2","Literary work","","","","","cr_filed","","Lis Maria Martin"
"t-432","copyright","MCR412(MCON)","Manipal Academy of Higher Education (MAHE)","Amputation wound smart bandage for remote monitoring of healing process, pH , humidity, temparature and infection status - Work 2","Literary work","","","","","cr_filed","","Jennifer Mary Joseph"
"t-433","copyright","MCR413(MCON)","Manipal Academy of Higher Education (MAHE)","A.I in healthcare and nanorobotics, bio engineering (Nirex health)- Work 2","Literary work","","","","","cr_filed","","Nithin Vinod"
"t-434","copyright","MCR414(MCON)","Manipal Academy of Higher Education (MAHE)","Water resistance cover for every wound instead of plastic- Work 2","Literary work","","","","","cr_filed","","Tsering Yangchen"
"t-435","copyright","MCR415 (MCON)","Manipal Academy of Higher Education (MAHE)","Suture care- ""we- care"" app- Work 2","Literary work","","","","","cr_filed","","Aradhana Karmakar"
"t-436","copyright","MCR416(MCON)","Manipal Academy of Higher Education (MAHE)","A protective barrier for suture - ""WaterX""- Work 2","Literary work","","","","","cr_filed","","Aradhana Karmakar"
"t-437","copyright","MCR417(MCON)","Manipal Academy of Higher Education (MAHE)","Infrared thermography for detection of pressure ulcer -Work 2","Literary work","","","","","cr_filed","","Aarushi Kaushal"
"t-438","copyright","MCR418(MCON)","Manipal Academy of Higher Education (MAHE)","biodegradable plasric for medical equipment -Work 2","Literary work","","","","","cr_filed","","Aarushi Kaushal"
"t-439","copyright","MCR419(MCON)","Manipal Academy of Higher Education (MAHE)","Kiosk for indenting medication- Work 2","Literary work","","","","","cr_filed","","Aarushi Kaushal"
"t-440","copyright","MCR420(MCON)","Manipal Academy of Higher Education (MAHE)","Laceatiun wound management especially among nurses and doctors- Work 2","Literary work","","","","","cr_filed","","Adithya Gireesh"
"t-441","copyright","MCR421(MCON)","Manipal Academy of Higher Education (MAHE)","Wound Progress Detector- Work 2","Literary work","","","","","cr_filed","","Divna Mathew"
"t-442","copyright","MCR422(MCON)","Manipal Academy of Higher Education (MAHE)","Virtual Reality- Based Preksha Dhyana - Work 2","Literary work","","","","","cr_filed","","Manoj Ghosh, Neetinakumar Patil"
"t-443","copyright","MCR423(MCON)","Manipal Academy of Higher Education (MAHE)","Millet hup Strudel- Work 2","Literary work","","","","","cr_filed","","Anthuvanraj S"
"t-444","copyright","MCR424(MCON)","Manipal Academy of Higher Education (MAHE)","Bais staining technique- Work 2","Literary work","","","","","cr_filed","","Anniesmitha K"
"t-445","copyright","MCR425(MCON)","Manipal Academy of Higher Education (MAHE)","Learning module of a craft- Work 2","Literary work","","","","","cr_filed","","Ann Thomas"
"t-446","copyright","MCR426(MCON)","Manipal Academy of Higher Education (MAHE)","Infection or contained wound and after management which can be done at home- Work 2","Literary work","","","","","cr_filed","","Alida Mariam John"
"t-447","copyright","MCR427(MCON)","Manipal Academy of Higher Education (MAHE)","Infection Indicator- Work 2","Literary work","","","","","cr_filed","","Tisa Clare , Dechen Palmo"
"t-448","copyright","MCR428 (MCON)","Manipal Academy of Higher Education (MAHE)","Multi purpose Nursing care Apron- Work 2","Literary work","","","","","cr_filed","","Tisa Clare , Dechen Palmo"
"t-449","copyright","MCR429(MCON)","Manipal Academy of Higher Education (MAHE)","ERSS Awareness Among public- Work 2","Literary work","","","","","cr_filed","","Shrushti Biradar"
"t-450","copyright","MCR430 (MCON)","Manipal Academy of Higher Education (MAHE)","Fingerprint Analysis: A practical laboratory manual for forensic science students- Work 2","Literary work","","","","","cr_filed","","Anitta Joseph"
"t-451","copyright","MCR431(MCON)","Manipal Academy of Higher Education (MAHE)","Impact of pesticide exposure on calliphoridae species- Work 2","Literary work","","","","","cr_filed","","Shruthi S Shetty"
"t-452","copyright","MCR432(MCON)","Manipal Academy of Higher Education (MAHE)","Intelligent system for detection & correlation of missing & unidentified individuals- Work 2","Literary work","","","","","cr_filed","","Praveena Prabhakarian"
"t-453","copyright","MCR433(MCON)","Manipal Academy of Higher Education (MAHE)","Does 'Healthcare Education and learning for tuberculosis' (HEAL- 713) among treatment supporters improve tuberculosis outcomes? An implementational research in coastal districts of karnataka- Work 2","Literary work","","","","","cr_filed","","Rajath Rao"
"t-454","copyright","MCR434(MCON)","Manipal Academy of Higher Education (MAHE)","Need assessment questionnaire for evaluation of knowledge , attitude & perception on musculoskeletal anatomy of back for health professionals- Work 2","Literary work","","","","","cr_filed","","Nikita Bandekar"
"t-455","copyright","MCR435(MCON)","Manipal Academy of Higher Education (MAHE)","Need assessment questionnaire for evaluation of knowledge , attitude & perception on musculoskeletal anatomy of back for health professionals- Work 2","Literary work","","","","","cr_filed","","Anniesmitha K"
"t-456","copyright","MCR436","Manipal Academy of Higher Education (MAHE)","Untitled Copyright Work","Literary work","","","","","cr_filed","Contact: pavitra.nayak@manipal.edu",""
"t-457","copyright","MCR437","Manipal Academy of Higher Education (MAHE)","Predictors of Nodal Status in Oral Squamous Cell carcinoma","Literary work","LD-8431/2026-CO","2026-02-24","2026-06-30","","cr_registered","Contact: vasantha.kmcmpl2024@learner.manipal.edu | ROC No: LD-20260190313 | ROC Date: 2026-06-30","Vasantha M N Devaraja K Satyanarayana Meena Kumari K"
"t-458","copyright","MCR438","Manipal Academy of Higher Education (MAHE)","Transesophageal Echo (TEE) Reporting format","Literary work","","","","","cr_filed","Contact: shubha.mchp@manipal.edu",""
"t-459","copyright","MCR439","Manipal Academy of Higher Education (MAHE)","Instruction Leaflet for Diagnostic Kit Intended for Paraquat Dichloride Detection","Literary work","LD-52408/2025-CO","2025-12-17","2026-06-30","","cr_registered","Contact: daniel.mcopsmpl2022@learner.manipal.edu | ROC No: LD-20260190727 | ROC Date: 2026-06-30","Daniel Anthony Vaz, Girish Thunga, Manjunath S, Aravinda Pai, Raghu Chandrashekhar H; Revathi P Shenoy, Vasudha Devi, Jayaraj Mymbilly Balakrishnan; Sohil Khan"
"t-460","copyright","MCR440","Manipal Academy of Higher Education (MAHE)","Untitled Copyright Work","Literary work","","","","","cr_filed","Contact: kandarp.psphmpl2023@learner.manipal.edu",""
"t-461","copyright","MCR441","Manipal Academy of Higher Education (MAHE)","Detection of heavy metal with nanoparticle-based biosensors","Literary work","LD-49149/2025-CO","2025-11-26","","","cr_registered","Contact: vasavi.kmcmpl2024@learner.manipal.edu","Vasavi, Dr Ravindra Maradi"
"t-462","copyright","MCR442","Manipal Academy of Higher Education (MAHE)","Untitled Copyright Work","Literary work","","","","","cr_filed","Contact: sanjay.singamsetti@gmail.com",""
"t-463","copyright","MCR443","Manipal Academy of Higher Education (MAHE)","Untitled Copyright Work","Literary work","","","","","cr_filed","Contact: ribu.mathew@manipal.edu",""
"t-464","copyright","MCR444","Manipal Academy of Higher Education (MAHE)","Untitled Copyright Work","Literary work","","","","","cr_filed","Contact: usha.wagle@manipal.edu",""
"t-465","copyright","MCR445","Manipal Academy of Higher Education (MAHE)","Summary of regulation of blood glucose level in absorptive and fasting state'","Literary work","LD-50729/2025-CO","2025-06-12","2026-07-14","","cr_registered","Contact: vasavi.kmcmpl2024@learner.manipal.edu | ROC No: LD-20260191892 | ROC Date: 2026-07-14","Vasavi, Dr Ravindra Maradi"
"t-466","copyright","MCR446","Manipal Academy of Higher Education (MAHE)","Source codes of Machine learning classifiers for Non small cell lung carcinoma classification","Literary work","SW-49880/2025-CO","2025-01-12","","","cr_registered","Contact: saikiran.p@manipal.edu","Kaushik Nayak, Saikiran Pendem,Priyanka Madhusudhan Rao; Niranjana Sampathila, Krishnaraj Chadaga; Rajagopal K V"
"t-467","copyright","MCR447","Manipal Academy of Higher Education (MAHE)","Point Of Care Ultrasound keystone protocol","Literary work","LD-51410/2025-CO","2025-09-12","2026-03-03","","cr_registered","Contact: k.akash@manipal.edu | ROC No: LD-20260183030 | ROC Date: 2026-03-03","AKASH K, JAYARAJ MYMBILLY BALAKRISHNAN, PRITHVISHREE RAVINDRA, PRIYA PS, SOUVIK CHAUDHURI, MOHAMMAD KHALID"
"t-468","copyright","MCR448","Manipal Academy of Higher Education (MAHE)","Untitled Copyright Work","Literary work","","","","","cr_filed","Contact: arun.chawla@manipal.edu",""
"t-469","copyright","MCR449","Manipal Academy of Higher Education (MAHE)","Venomous Exposures by Native Organisms of Medical Significance (VENOMS) Registry","Literary work","LD-50575/2025-CO","2025-05-12","2026-05-29","","cr_registered","Contact: usha.wagle@manipal.edu | ROC No: LD-20260188267 | ROC Date: 2026-05-29","Usha .Vennila Jaganathan; Freston Marc Sirur , Vrinda Lath"
"t-470","copyright","MCR450","Manipal Academy of Higher Education (MAHE)","Rapid Evaluation System for Pre-hospital Native Snake Envenoming (RESPONSE) Form","Literary work","LD-50730/2025-CO","2025-06-12","","","cr_discrepancy","Contact: usha.wagle@manipal.edu","Usha .Vennila Jaganathan; Freston Marc Sirur , Vrinda Lath"
"t-471","copyright","MCR451","Manipal Academy of Higher Education (MAHE)","Instructor manual for Hollandaise Sauce","Literary work","LD-51427/2025-CO","2025-10-12","2026-07-14","","cr_registered","Contact: ajith.nayak@manipal.edu | ROC No: LD-20260191989 | ROC Date: 2026-07-14","PRASENJIT SARKAR, AJITH A NAYAK"
"t-472","copyright","MCR452","Manipal Academy of Higher Education (MAHE)","Mechanism of action of Glucagon'.","Literary work","LD-50812/2025-CO","2025-06-12","2026-06-29","","cr_registered","Contact: vasavi.kmcmpl2024@learner.manipal.edu | ROC No: LD-20260190087 | ROC Date: 2026-06-29","Vasavi, Dr Ravindra Maradi"
"t-473","copyright","MCR453","Manipal Academy of Higher Education (MAHE)","Mechanism of action of insulin in blood glucose homeostasis","Literary work","LD-50809/2025-CO","2025-06-12","2026-05-27","","cr_registered","Contact: vasavi.kmcmpl2024@learner.manipal.edu | ROC No: LD-20260187449 | ROC Date: 2026-05-27","Vasavi, Dr Ravindra Maradi"
"t-474","copyright","MCR454","Manipal Academy of Higher Education (MAHE)","Mechanism of translocation of Glut-$ in peripheral tissue","Literary work","LD-50728/2025-CO","2025-06-12","2026-03-03","","cr_registered","Contact: vasavi.kmcmpl2024@learner.manipal.edu | ROC No: LD-20260182944 | ROC Date: 2026-03-03","Vasavi, Dr Ravindra Maradi"
"t-475","copyright","MCR455","Manipal Academy of Higher Education (MAHE)","Data Collection Proforma – Long-term quality of life, functional activities, and psychological status following total knee arthroplasty","Literary work","LD-50731/2025-CO","2025-06-12","2026-02-27","","cr_registered","Contact: ty2@learnsaidan.sheter.manipal.edu | ROC No: LD-20260182303 | ROC Date: 2026-02-27","Saidan Shetty Bincy M George Mohandas Rao KG Sandeep Vijayan"
"t-476","copyright","MCR456","Manipal Academy of Higher Education (MAHE)","Evaluation of post-operative quadriceps muscle recovery pattern, function, and quality of life following total knee arthroplasty","Literary work","LD-51230/2025-CO","2025-09-12","","","cr_discrepancy","Contact: saidan.shetty2@learner.manipal.edu","Saidan Shetty Bincy M George Mohandas Rao KG Sandeep Vijayan"
"t-477","copyright","MCR457","Manipal Academy of Higher Education (MAHE)","PowerPoint Presentation of Ph.D. Thesis – Evaluation of post-operative quadriceps muscle recovery pattern, function, and quality of life following total knee arthroplasty in individuals with osteoarthritis of the knee","Literary work","LD-50816/2025-CO","2025-06-12","2026-07-14","","cr_registered","Contact: saidan.shetty2@learner.manipal.edu | ROC No: LD-20260192002 | ROC Date: 2026-07-14","Saidan Shetty Bincy M George Mohandas Rao KG Sandeep Vijayan"
"t-478","copyright","MCR458","Manipal Academy of Higher Education (MAHE)","Instructor Manual for Mayonnaise Sauce","Literary work","LD-51425/2025-CO","2025-10-12","2026-08-06","","cr_registered","Contact: ajith.nayak@manipal.edu | ROC No: LD-20260189191 | ROC Date: 2026-08-06","PRASENJIT SARKAR, AJITH A NAYAK"
"t-479","copyright","MCR459","Manipal Academy of Higher Education (MAHE)","The Physical Activity Equivalent (PAE): New FOPL Idea","Literary work","LD-9581/2026-CO","2026-03-03","","","cr_filed","Contact: anusha.priyadarsini@manipal.edu","Sadichha Rupesh Yadav Chaitra Udapudi Anusha Priyadarshini Kumaresan Rachel Kandikattu Kshitij Bhagat"
"t-480","copyright","MCR460","Manipal Academy of Higher Education (MAHE)","Accreditation, Standard Guidelines, and Regulatory Bodies applicable to Medical laboratories in India","Literary work","LD-700/2026-CO","2026-06-01","2026-06-29","","cr_registered","Contact: nithin.u@manipal.edu- | ROC No: LD-20260189977 | ROC Date: 2026-06-29","SRILATHA K, NITHIN KUMAR U"
"t-481","copyright","MCR461","Manipal Academy of Higher Education (MAHE)","The Methylation matrix -Integrating Homocysteine and B-Vitamins","Literary work","AT-5851/2026-CO","2026-09-02","2026-08-31","","cr_registered","Contact: anupama.hegde@manipal.edu | ROC No: AT-20260166912 | ROC Date: 2026-08-31","Anupama Hegde Sowndarya K."
"t-482","copyright","MCR462","Manipal Academy of Higher Education (MAHE)","Questionnaire for Need Assessment of Medication Therapy Management Practices among Pharmacists for Diabetes Mellitus","Literary work","LD-52869/2025-CO","2025-12-19","","","cr_registered","Contact: zuha.mcopsmpl2023@learner.manipal.edu | ROC No: LD-20260182484","Sahana Shetty, Chythra R Rao; Zuha shyma, Sonal Sekhar M, Girish Tunga, Sreedharan"
"t-483","copyright","MCR463","Manipal Academy of Higher Education (MAHE)","Questionnaire to Assess Self-management Skills among Type 2 Diabetes Mellitus Patients","Literary work","LD-52867/2025-CO","2025-12-19","2026-06-29","","cr_registered","Contact: zuha.mcopsmpl2023@learner.manipal.edu | ROC No: LD-20260190183 | ROC Date: 2026-06-29","Sahana Shetty, Chythra R Rao; Zuha shyma, Sonal Sekhar M, Girish Tunga, Sreedharan"
"t-484","copyright","MCR464","Manipal Academy of Higher Education (MAHE)","Questionnaire for Need Assessment of Medication Therapy Management Practices among General Practitioners for Diabetes Mellitus","Literary work","LD-53407/2025-CO","2025-12-22","2026-06-30","","cr_registered","Contact: zuha.mcopsmpl2023@learner.manipal.edu | ROC No: LD-20260190790 | ROC Date: 2026-06-30","Sahana Shetty, Chythra R Rao; Zuha shyma, Sonal Sekhar M, Girish Tunga, Sreedharan"
"t-485","copyright","MCR465","Manipal Academy of Higher Education (MAHE)","MENTAL HEALTH FIRST AID (MHFA) TRAINING MODULE","Literary work","LD-51428/2025-CO","2025-10-12","","","cr_filed","Contact: saruswati28@gmail.com","PUROHIT SARASWATI; TATIYANA MANDAL; SUNEETA KALASURAMATH,"
"t-486","copyright","MCR466","Manipal Academy of Higher Education (MAHE)","Morphological and morphometric measurement images of glenoid cavity, coracoid process and acromion process","Literary work","LD-53870/2025-CO","2025-12-24","","","cr_discrepancy","Contact: mavis.kmcmpl2024@learner.manipal.edu","Mavis Cleribel Salins, Arvind Kumar Pandey"
"t-487","copyright","MCR467","Manipal Academy of Higher Education (MAHE)","The Medical Crossword puzzles as an Assessment tool for the MBBS students","Literary work","","","","","cr_filed","Contact: raghavendra.rk@manipal.edu",""
"t-488","copyright","MCR468","Manipal Academy of Higher Education (MAHE)","EARLY HIT AND LATE HIT HYPOTHESIS IN DEVELOPMENTAL ORIGIN OF FIBROIDS FROM MYOMETRIAL STEM CELLS","Literary work","AT-54464/2025-CO","2025-12-29","","","cr_filed","Contact: vidyashree.g@manipal.edu","ARSHIYA FIRDAUS, VIDYASHREE G POOJARI"
"t-489","copyright","MCR469","Manipal Academy of Higher Education (MAHE)","An Explainable Machine Learning Framework to diagnose the recurrence of thyroid cancer","Literary work","","","","","cr_filed","Contact: krishnaraj.chadaga@manipal.edu",""
"t-490","copyright","MCR470","Manipal Academy of Higher Education (MAHE)","Untitled Copyright Work","Literary work","","","","","cr_filed","Contact: shivdas.naik@manipal.edu",""
"t-491","copyright","MCR471","Manipal Academy of Higher Education (MAHE)","Untitled Copyright Work","Literary work","","","","","cr_filed","Contact: ramya.moorthy@manipal.edu",""
"t-492","copyright","MCR472","Manipal Academy of Higher Education (MAHE)","Standard Colour Scale for Semi-Quantitative Estimation of Paraquat Dichloride","Literary work","AT-1533/2026-CO","2026-12-01","2026-04-16","","cr_registered","Contact: daniel.mcopsmpl2022@learner.manipal.edu | ROC No: AT-20260164659 | ROC Date: 2026-04-16","Daniel Anthony Vaz Girish Thunga Revathi P. Shenoy Vasudha Devi Manjunath S. Aravinda Pai Jayaraj Mymbilly Balakrishnan Raghu Chandrashekhar H. Sohil Khan"
"t-493","copyright","MCR473","Manipal Academy of Higher Education (MAHE)","Evaluation of Nurses knowledge and awareness of Infection Prevention and Control Measures","Literary work","LD-117/2026-CO","2026-02-01","2026-03-03","","cr_registered","Contact: meghana.madi@manipal.edu | ROC No: LD-20260183161 | ROC Date: 2026-03-03","Suchitra Shenoy U, Meghana Deepak Madi, Isha Saxena, Chetan Singh Cheema"
"t-494","copyright","MCR474","Manipal Academy of Higher Education (MAHE)","Untitled Copyright Work","Literary work","","","","","cr_filed","Contact: som.shekar@manipal.edu",""
"t-495","copyright","MCR475","Manipal Academy of Higher Education (MAHE)","Instructor manual for Omelet Folding","Literary work","LD-53406/2025-CO","2025-12-24","2026-05-29","","cr_registered","Contact: ajith.nayak@manipal.edu | ROC No: LD-20260188123 | ROC Date: 2026-05-29","PRASENJIT SARKAR,: AJITH A NAYAK,"
"t-496","copyright","MCR476","Manipal Academy of Higher Education (MAHE)","Schematic representation of the molecular pathogenesis of Uterine fibroid development","Literary work","AT-112/2026-CO","2026-02-12","","","cr_filed","Contact: vidyashree.g@manipal.edu","ARSHIYA FIRDAUS, VIDYASHREE G POOJARI"
"t-497","copyright","MCR477","Manipal Academy of Higher Education (MAHE)","Exploring Work Practices, Ergonomic Barriers, and Prevention Strategies for Work related musculoskeletal disorders among Radiographers: Focus Group Discussion Guide (Kannada version)","Literary work","LD-1617/2026-CO","2026-12-01","2026-09-07","","cr_registered","Contact: ullas.nayak@learner.manipal.edu | ROC No: LD-20260191354 | ROC Date: 2026-09-07","BINCY M GEORGE, MOHANDAS RAO KG, ULLAS U NAYAK"
"t-498","copyright","MCR478","Manipal Academy of Higher Education (MAHE)","Untitled Copyright Work","Literary work","","","","","cr_filed","Contact: neetha.gshenoy@manipal.edu",""
"t-499","copyright","MCR479","Manipal Academy of Higher Education (MAHE)","Approach to thrombocytopenia in adult critical care","Literary work","LD-54440/2025-CO","2025-12-29","","","cr_discrepancy","Contact: ganesh.mohan@manipal.edu-","Souvik Chaudhuri, GANESH MOHAN, SHAMEE SHASTRY,SHWETHAPRIYA RAO,"
"t-500","copyright","MCR480","Manipal Academy of Higher Education (MAHE)","- Creatinine Estimation: Methods and Clinical Significance","Literary work","LD-1540/2026-CO","2026-12-01","","","cr_filed","Contact: k.srilatha@manipal.edu","NITHIN KUMAR U, SRILATHA K"
"t-501","copyright","MCR481","Manipal Academy of Higher Education (MAHE)","-SIPOC CHART FOR THE VOLUNTARY BLOOD DONATION PROCESS- A TOOL TO DEFINE ALIGN & IMPROVE","Literary work","LD-361/2026-CO","2026-03-01","2026-10-07","","cr_registered","Contact: shamee.girish@manipal.edu | ROC No: LD-20260191720 | ROC Date: 2026-10-07","Shamee Shastry, Lingesh Kumar K, Ganesh Mohan, Deepika Chenna, Deep Madkaiker"
"t-502","copyright","MCR482","Manipal Academy of Higher Education (MAHE)","E-Cell Training content ""Problem identification to pitch deck"" (A Saptah event)","Literary work","","","","","cr_filed","Contact: patil.arun@manipal.edu",""
"t-503","copyright","MCR483","Manipal Academy of Higher Education (MAHE)","3PM analysis framework","Literary work","","","","","cr_filed","Contact: patil.arun@manipal.edu",""
"t-504","copyright","MCR484","Manipal Academy of Higher Education (MAHE)","Flowchart representing the In silico methodology for lead selection Using Lipinskis rule, Molecular docking and ADMET property analysis","Literary work","LD-115/2026-CO","2026-02-01","2026-10-07","","cr_registered","Contact: akshatha.pai@manipal.edu | ROC No: LD-20260191721 | ROC Date: 2026-10-07","Chaithanya Shetty, Akshatha Ganesh Nayak"
"t-505","copyright","MCR485","Manipal Academy of Higher Education (MAHE)","Navajata shishugala shavaparikshe nirvahisuva general duty( saamaanya kartavya ) kelasagaararige sandarshana maargadarshi","Literary work","LD-655/2026-CO","2026-06-01","","","cr_filed","Contact: mary.kmcmpl2023@learner.manipal.edu","JULY MARY JOHNSON,MARY MATHEW"
"t-506","copyright","MCR486","Manipal Academy of Higher Education (MAHE)","Neuroprotective Effects of Combined Metformin and Riluzole Therapy in a Streptozotocin Induced Alzheimer’s Disease in Wistar rats","Literary work","LD-702/2026-CO","2026-06-01","2026-07-04","","cr_registered","Contact: balaji.kmcmpl2024@learner.manipal.edu | ROC No: LD-20260184704 | ROC Date: 2026-07-04","PADAKANTI BALAJI SUHRUTH,RAVINDRA MARADI"
"t-507","copyright","MCR487","Manipal Academy of Higher Education (MAHE)","Risk Stratification and Management Algorithm for Febrile Neutropenia.","Literary work","LD-701/2026-CO","2026-06-01","2026-05-03","","cr_registered","Contact: balaji.kmcmpl2024@learner.manipal.edu- | ROC No: LD-20260183257 | ROC Date: 2026-05-03","PADAKANTI BALAJI SUHRUTH, RAVINDRA MARADI, SWATHI P. M"
"t-508","copyright","MCR488","Manipal Academy of Higher Education (MAHE)","An expert-informed interview guide for optimizing antimicrobial treatment strategies in Carbapenem resistant Klebsiella pneumoniae bacteraemia","Literary work","LD-986/2026-CO","2026-08-01","2026-05-03","","cr_registered","Contact: asha.rajan@learner.manipal.edu | ROC No: LD-20260183329 | ROC Date: 2026-05-03","ASHA K RAJAN; DIVYA BHAT, VISHAL SHANBHAG, VANDANA KALWAJE ESHWARA"
"t-509","copyright","MCR489","Manipal Academy of Higher Education (MAHE)","A semi-structured interview guide to explore clinical decision-making and dosing optimization of polymyxins in renally impaired critically ill patients","Literary work","LD-988/2026-CO","2026-08-01","2026-07-04","","cr_registered","Contact: asha.rajan@learner.manipal.edu | ROC No: LD-20260184775 | ROC Date: 2026-07-04","VISHAL SHANBHAG,; GIRISH THUNGA, ASHA K RAJAN"
"t-510","copyright","MCR490","Manipal Academy of Higher Education (MAHE)","DNA Sequencing – Sanger’s Method","Literary work","AT-703/2026-CO","2026-06-01","","","cr_filed","Contact: vijetha.shenoy@manipal.edu","KRITIKA PANDEY, VIJETHA SHENOY BELLE"
"t-511","copyright","MCR491","Manipal Academy of Higher Education (MAHE)","DNA Sequencing –Maxam & Gilberts Method","Literary work","AT-840/2026-CO","2026-07-01","","","cr_filed","Contact: vijetha.shenoy@manipal.edu","KRITIKA PANDEY, VIJETHA SHENOY BELLE"
"t-512","copyright","MCR492","Manipal Academy of Higher Education (MAHE)","Illumina DNA Sequencing Method","Literary work","AT-837/2026-CO","2026-07-01","2026-07-04","","cr_registered","Contact: vijetha.shenoy@manipal.edu | ROC No: AT-20260164547 | ROC Date: 2026-07-04","KRITIKA PANDEY, VIJETHA SHENOY BELLE"
"t-513","copyright","MCR493","Manipal Academy of Higher Education (MAHE)","Pyro Sequencing","Literary work","AT-842/2026-CO","2026-07-01","2026-09-07","","cr_registered","Contact: vijetha.shenoy@manipal.edu | ROC No: AT-20260166157 | ROC Date: 2026-09-07","KRITIKA PANDEY, VIJETHA SHENOY BELLE"
"t-514","copyright","MCR494","Manipal Academy of Higher Education (MAHE)","Nanopore DNA Sequencing Method","Literary work","AT-845/2026-CO","2026-07-01","2026-06-29","","cr_registered","Contact: vijetha.shenoy@manipal.edu | ROC No: AT-20260165880 | ROC Date: 2026-06-29","KRITIKA PANDEY, VIJETHA SHENOY BELLE"
"t-515","copyright","MCR495","Manipal Academy of Higher Education (MAHE)","Single Molecule Real Time DNA Sequencing Method","Literary work","AT-847/2026-CO","2026-07-01","","","cr_filed","Contact: vijetha.shenoy@manipal.edu","KRITIKA PANDEY, VIJETHA SHENOY BELLE"
"t-516","copyright","MCR496","Manipal Academy of Higher Education (MAHE)","Ion Torrent DNA Sequencing","Literary work","AT-846/2026-CO","2026-07-01","2026-05-03","","cr_registered","Contact: vijetha.shenoy@manipal.edu | ROC No: AT-20260164167 | ROC Date: 2026-05-03","KRITIKA PANDEY, VIJETHA SHENOY BELLE"
"t-517","copyright","MCR497","Manipal Academy of Higher Education (MAHE)","Perception of second year BDS students on their understanding and experiences acquired through first year","Literary work","LD-698/2026-CO","2026-06-01","2026-10-07","","cr_registered","Contact: gayathri.bmv@manipal.edu- | ROC No: LD-20260191660 | ROC Date: 2026-10-07","GAYATHRI S PRABHU, PREETHI LAVINA CONCESSAO, RUNKI SARAN"
"t-518","copyright","MCR498","Manipal Academy of Higher Education (MAHE)","Comprehensive workflow of Cholesterol Efflux Capacity using THP-1 Derived Macrophages","Literary work","LD-1544/2026-CO","2026-12-01","","","cr_filed","Contact: anita.a@learner.manipal.edu","ANITA SHERLY A, RUKMINI M.S"
"t-519","copyright","MCR499","Manipal Academy of Higher Education (MAHE)","Crime Scene Competition","Literary work","LD-6856/2026-CO","2026-02-14","2026-04-16","","cr_registered","Contact: anitta.joseph@manipal.edu | ROC No: LD-20260185494 | ROC Date: 2026-04-16","Anitta Joseph Athul Vivek Praveena Prabhakaran Shankar M Bakkannavar"
"t-520","copyright","MCR500","Manipal Academy of Higher Education (MAHE)","Development of an AI-Enabled Standalone Disaster Dashboard for Real-Time Resource Allocation and Surge Capacity Management in Hospitals","Literary work","LD-7410/2026-CO","2026-02-17","2026-05-29","","cr_registered","Contact: somu.g@manipal.edu | ROC No: LD-20260188653 | ROC Date: 2026-05-29","MEDHA SHARMA SOMU G AISHWARYA TR JAYARAJ MYMBILLY BALAKRISHNAN MANU SUDHI"
"t-521","copyright","MCR501","Manipal Academy of Higher Education (MAHE)","Integrated Multimodal Prehabilitation Program for Overall Recovery (IMPROVER) - Head & Neck Cancer","Literary work","LD-1620/2026-CO","2026-12-01","2026-06-29","","cr_registered","Contact: vijay.kk@manipal.edu | ROC No: LD-20260189962 | ROC Date: 2026-06-29","K Vijaya Kumar, Kuldeep Deka, Kusum Ravi Dukan, Athiyamaan M.S, Dishitha Shetty, Hritika Pai"
"t-522","copyright","MCR502","Manipal Academy of Higher Education (MAHE)","Structure Of Tooth","Literary work","CF-9430/2026-CO","2026-02-03","2026-01-06","","cr_registered","Contact: singamsetti.mcodsmlr2024@learner.manipal.edu | ROC No: CF-202606226 | ROC Date: 2026-01-06","Kriti Aggarwal Zeba Firdaus Sneha Nair Sreedharane Nisha Krishnananda Nayak Ramya Shenoy Singamsetti Sanjay"
"t-523","copyright","MCR503","Manipal Academy of Higher Education (MAHE)","Exploring Work Practices, Ergonomic Barriers, and Prevention Strategies for Work-related musculoskeletal disorders among Radiographers: Focus Group Discussion Guide","Literary work","LD-1532/2026-CO","2026-12-01","2026-08-07","","cr_registered","Contact: ullas.nayak@learner.manipal.ed- | ROC No: LD-20260191317 | ROC Date: 2026-08-07","ULLAS U NAYAK, MOHANDAS RAO KG, BINCY M GEORGE, TATIYANA MANDAL"
"t-524","copyright","MCR504","Manipal Academy of Higher Education (MAHE)","Essay on Yoga for One Earth, One Health","Literary work","LD-6120/2026-CO","2026-10-02","2026-07-13","","cr_registered","Contact: saidan.shetty2@learner.manipal.edu | ROC No: LD-20260191783 | ROC Date: 2026-07-13","Saidan Shetty"
"t-525","copyright","MCR505","Manipal Academy of Higher Education (MAHE)","Scientific Poster - Comparison of Plantar Pressure Distribution, Spatiotemporal Gait Variables, and Postural Sway following Total Knee Arthroplasty in Individuals with Knee Osteoarthritis: A Pre-Post Design","Literary work","LD-6125/2026-CO","2026-10-02","2026-08-07","","cr_registered","Contact: saidan.shetty2@learner.manipal.edu | ROC No: LD-20260191271 | ROC Date: 2026-08-07","Saidan Shetty Bincy M. George Mohandas Rao K.G. Sandeep Vijayan"
"t-526","copyright","MCR506","Manipal Academy of Higher Education (MAHE)","Essay – The Third Gender","Literary work","LD-6118/2026-CO","2026-10-02","","","cr_filed","Contact: saidan.shetty2@learner.manipal.edu","Saidan Shetty"
"t-527","copyright","MCR507","Manipal Academy of Higher Education (MAHE)","Awareness Poster on Yoga for One Earth, One Health","Literary work","AT-6123/2026-CO","2026-10-02","2026-08-05","","cr_registered","Contact: saidan.shetty2@learner.manipal.edu | ROC No: AT-20260165030 | ROC Date: 2026-08-05","Saidan Shetty"
"t-528","copyright","MCR508","Manipal Academy of Higher Education (MAHE)","Essay on Dhyana (Meditation)","Literary work","LD-6111/2026-CO","2026-10-02","2026-04-16","","cr_registered","Contact: saidan.shetty2@learner.manipal.edu | ROC No: LD-20260185453 | ROC Date: 2026-04-16","Saidan Shetty"
"t-529","copyright","MCR509","Manipal Academy of Higher Education (MAHE)","Scientific Poster – Bridging the Follow-Up Gap: Patient-Informed Insights to Advance Interprofessional Education in Recovery Following Total Knee Arthroplasty","Literary work","LD-6146/2026-CO","2026-10-02","2026-08-05","","cr_registered","Contact: saidan.shetty2@learner.manipal.edu | ROC No: LD-20260186415 | ROC Date: 2026-08-05","Saidan Shetty Bincy M. George Mohandas Rao K.G. Sandeep Vijayan"
"t-530","copyright","MCR510","Manipal Academy of Higher Education (MAHE)","Visually guided Breathing Exercises (VIBE) for Children”","Literary work","AT-3762/2026-CO","2026-01-27","2026-04-20","","cr_registered","Contact: vijay.kk@manipal.edu- | ROC No: AT-20260164755 | ROC Date: 2026-04-20","Akanksha Shalini Baxla, K. Vijaya Kumar, Hritika Pai, Shreekant D Karnad, Sowmini P Kamath, Suchetha S Rao, Smitha S. D’Sa, Jayashree K"
"t-531","copyright","MCR511","Manipal Academy of Higher Education (MAHE)","Listening Experiences and Needs Assessment (LENA) Interview Guide for Hearing Aid Users","Literary work","LD-2254/2026-CO","2026-01-16","2026-03-23","","cr_registered","Contact: srishti2.mchpmpl2024@learner.manipal.edu | ROC No: LD-20260184111 | ROC Date: 2026-03-23","HARI PRAKASH PALANISWAMY, SRISHTI MUNJAL"
"t-532","copyright","MCR512","Manipal Academy of Higher Education (MAHE)","Mini menstrual health questionnaire","Literary work","LD-5661/2026-CO","2026-07-02","2026-08-05","","cr_registered","Contact: sameer.thaseen1704@gmail.com | ROC No: LD-20260186456 | ROC Date: 2026-08-05","Mohammed Sameer Ahmed Adithi Shetty"
"t-533","copyright","MCR513","Manipal Academy of Higher Education (MAHE)","Maternal-Fetal Fatty Acid Metabolism and Placental Transport Pathways]","Literary work","AT-1830/2026-CO","2026-01-13","2026-04-16","","cr_registered","Contact: ashwini.kmcmpl2023@learner.manipal.edu | ROC No: AT-20260164665 | ROC Date: 2026-04-16","ASHWINI V RAO, VIJETHA SHENOY BELLE, RENUKA"
"t-534","copyright","MCR514","Manipal Academy of Higher Education (MAHE)","BARRIERS FOR PHYSIOTHERAPY ACCESS QUESTIONNAIRE (BPAQ)","Literary work","LD-21657/2026-CO","2026-05-05","","","cr_filed","Contact: bhoomika.mhsblr2024@learner.manipal.edu","BHOOMIKA PACHAPPA PREM VENKATESAN ARUNIMA BISWAS"
"t-535","copyright","MCR515","Manipal Academy of Higher Education (MAHE)","SHAQ 5x3 – Sleep Health Assessment Questionnaire","Literary work","LD-2259/2026-CO","2026-01-16","","","cr_filed","Contact: mythri.kmcmlr2024@learner.manipal.edu","R. MYTHRI, AISHWARIYA L, SAIESH MADHUKAR MARDOLKAR, BHAGYALAKSHMI KODAVANJI, PRATIK KUMAR CHATTERJEE,"
"t-536","copyright","MCR516","Manipal Academy of Higher Education (MAHE)","Need Assessment Questionnaire for Evaluation of Knowledge, Attitude and Perception on Human Anatomy of Brain for Health Professionals","Literary work","LD-5915/2026-CO","2026-09-02","2026-04-16","","cr_registered","Contact: anniesmitha.dbmsmpl2023@learner.manipal.edu | ROC No: LD-20260185436 | ROC Date: 2026-04-16","Annie Smitha K. Bincy M. Georg, Mohandas Rao K.G., Ashwini Aithal P."
"t-537","copyright","MCR517","Manipal Academy of Higher Education (MAHE)","Untitled Copyright Work","Literary work","","","","","cr_filed","Contact: asha.rajan@learner.manipal.edu",""
"t-538","copyright","MCR518","Manipal Academy of Higher Education (MAHE)","Fones brushing technique","Literary work","","","","","cr_filed","Contact: singamsetti.mcodsmlr2024@learner.manipal.edu",""
"t-539","copyright","MCR519","Manipal Academy of Higher Education (MAHE)","Evaluation Criteria Form for Cast Gold Onlay Restorations","Literary work","LD-2925/2026-CO","2026-01-21","2026-03-23","","cr_registered","Contact: roma.m@manipal.edu | ROC No: LD-20260184314 | ROC Date: 2026-03-23","ROMA M, RAMYA SHENOY,SHARON J.R. SALDANHA"
"t-540","copyright","MCR520","Manipal Academy of Higher Education (MAHE)","DEVELOPMENT AND VALIDATION OF EDUCATIONAL VIDEO TOOL FOR THE MANAGEMENT OF HYPERTENSION USING INTERPROFESSIONAL COLLABORATIVE APPROACH","Literary work","CF-24579/2026-CO","2026-05-25","","","cr_filed","Contact: shi.sha@manipal.edu","SHIVASHAKARA K. N. SUVARNA HEBBAR VAISHALI NANDITHA R SUJIR GANESH KAMATH MULKI"
"t-541","copyright","MCR521","Manipal Academy of Higher Education (MAHE)","""ASHA-Led Community Managed Intervention Programme (CMIP) to Improve Maternal and Neonatal Outcomes in Pregnant Women with Pregnancy-Induced Hypertension-","Literary work","","","","","cr_filed","Contact: anitaserrao34@gmail.com",""
"t-542","copyright","MCR522","Manipal Academy of Higher Education (MAHE)","A Classification Framework of Artificial Intelligence Tools for Medication Adherence in Cardiovascular Diseases","Literary work","AT-4140/2026-CO","2026-01-29","2026-06-08","","cr_registered","Contact: nishit.psphmpl2024@learner.manipal.edu | ROC No: AT-20260166648 | ROC Date: 2026-06-08","NISHIT KUMAR BEBARTA, ARATHI P RAO"
"t-543","copyright","MCR523","Manipal Academy of Higher Education (MAHE)","A Framework of AI Techniques for Medication Adherence in Cardiovascular Diseases","Literary work","AT-4184/2026-CO","2026-01-29","","","cr_filed","Contact: nishit.psphmpl2024@learner.manipal.edu","NISHIT KUMAR BEBARTA, ARATHI P RAO"
"t-544","copyright","MCR524","Manipal Academy of Higher Education (MAHE)","A Hierarchy of AI Interventions Based on Medication Adherence Improvement","Literary work","AT-4142/2026-CO","2026-01-29","2026-07-22","","cr_registered","Contact: nishit.psphmpl2024@learner.manipal.edu | ROC No: AT-20260166359 | ROC Date: 2026-07-22","NISHIT KUMAR BEBARTA, ARATHI P RAO"
"t-545","copyright","MCR525","Manipal Academy of Higher Education (MAHE)","Gardening as an Occupational Therapy Intervention for People with Mental Illness: A Pilot Study in an Indian Long-Term Residential Setting.","Literary work","","","","","cr_filed","Contact: mithra.mchpmpl2024@learner.manipal.edu-",""
"t-546","copyright","MCR526","Manipal Academy of Higher Education (MAHE)","Interview guide for Exploring the Impact of an Interprofessional (IP) Ethics and Communication Session through Hermeneutics and Storytelling among Undergraduate Students of Health Sciences","Literary work","LD-3722/2026-CO","2026-01-27","","","cr_filed","Contact: sushma.rk@manipal.edu","SUSHMA PRABHATH"
"t-547","copyright","MCR527","Manipal Academy of Higher Education (MAHE)","Feedback form for the session: Humanizing Anatomy through ChatGPT-Powered Conversational Simulations","Literary work","LD-3431/2026-CO","2026-01-25","2026-07-15","","cr_registered","Contact: sushma.rk@manipal.edu | ROC No: LD-20260192158 | ROC Date: 2026-07-15","SUSHMA PRABHATH"
"t-548","copyright","MCR528","Manipal Academy of Higher Education (MAHE)","ChatGPT-Powered Conversation Prompts on the Anatomy of Upper Limb","Literary work","LD-3442/2026-CO","2026-01-25","2026-04-20","","cr_registered","Contact: sushma.rk@manipal.edu | ROC No: LD-20260185640 | ROC Date: 2026-04-20","SUSHMA PRABHATH"
"t-549","copyright","MCR529","Manipal Academy of Higher Education (MAHE)","Untitled Copyright Work","Literary work","","","","","cr_filed","Contact: rahul.clare@manipal.edu",""
"t-550","copyright","MCR530","Manipal Academy of Higher Education (MAHE)","Checklist for Area postings in hospital administration for health check lounge","Literary work","LD-3435/2026-CO","2026-01-25","2026-03-23","","cr_registered","Contact: naveen.kumar@manipal.edu | ROC No: LD-20260184346 | ROC Date: 2026-03-23","Nori Lakshmi Bhaskar; Ravibabu Koppala; Janepalli Lakshmi Prasad; Pera Naveen Kuma"
"t-551","copyright","MCR531","Manipal Academy of Higher Education (MAHE)","In-patient area postings learning checklist in hospital administration-","Literary work","LD-3433/2026-CO","2026-01-25","2026-07-15","","cr_registered","Contact: naveen.kumar@manipal.edu | ROC No: LD-20260192204 | ROC Date: 2026-07-15","Nori Lakshmi Bhaskar; Ravibabu Koppala; Janepalli Lakshmi Prasad; Pera Naveen Kuma"
"t-552","copyright","MCR532","Manipal Academy of Higher Education (MAHE)","Metabolic Reprogramming in Acute Lymphoblastic Leukemia","Literary work","AT-3951/2026-CO","2026-01-28","","","cr_filed","Contact: kritika.kmcmpl2024@learner.manipal.edu","ARJUN ASOK, KRISHNANANDA PRABHU R V, KRITIKA PANDEY"
"t-553","copyright","MCR533","Manipal Academy of Higher Education (MAHE)","Altered Fatty Acid Metabolism in Acute Lymphoblastic Leukemia","Literary work","AT-3932/2026-CO","2026-01-28","","","cr_filed","Contact: kritika.kmcmpl2024@learner.manipal.edu","ARJUN ASOK, KRISHNANANDA PRABHU R V, KRITIKA PANDEY"
"t-554","copyright","MCR534","Manipal Academy of Higher Education (MAHE)","TOOL1 DEMOGRAPHIC PROFORMA","Literary work","LD-6127/2026-CO","2026-10-02","2026-08-31","","cr_registered","Contact: konar.tathagata@gmail.com | ROC No: LD-20260194739 | ROC Date: 2026-08-31","Tathagata Konar Elsa Sanatombi Devi"
"t-555","copyright","MCR535","Manipal Academy of Higher Education (MAHE)","Cultural Competence Self-Assessment Questionnaire","Literary work","LD-6130/2026-CO","2026-10-02","2026-04-16","","cr_registered","Contact: konar.tathagata@gmail.com | ROC No: LD-20260185421 | ROC Date: 2026-04-16","Tathagata Konar Elsa Sanatombi Devi"
"t-556","copyright","MCR536","Manipal Academy of Higher Education (MAHE)","Dignity-Preserving End-of-Life Care Questionnair","Literary work","LD-6128/2026-CO","2026-10-02","2026-06-08","","cr_registered","Contact: konar.tathagata@gmail.com | ROC No: LD-20260193523 | ROC Date: 2026-06-08","Tathagata Konar Elsa Sanatombi Devi"
"t-557","copyright","MCR537","Manipal Academy of Higher Education (MAHE)","Self- Awareness Questionnaire","Literary work","LD-5855/2026-CO","2026-09-02","2026-04-16","","cr_registered","Contact: preejana.mconmpl2022@learner.manipal.edu- | ROC No: LD-20260185389 | ROC Date: 2026-04-16","Preejana Sharma Linu Sara George"
"t-558","copyright","MCR538","Manipal Academy of Higher Education (MAHE)","PERCEPTION OF ETHICS-ARTIFICIAL INTELLIGENCE IN MEDICAL EDUCATION (PE-AIME) QUESTIONNAIRE","Literary work","LD-5686/2026-CO","2026-07-02","2026-08-05","","cr_registered","Contact: rishit.kmcmlr2022@learner.manipal.edu | ROC No: LD-20260186451 | ROC Date: 2026-08-05","Rishit Anand Anand R Shradhā Poojary"
"t-559","copyright","MCR539","Manipal Academy of Higher Education (MAHE)","Digital OT Communication System: User Manual","Literary work","LD-5736/2026-CO","2026-07-02","2026-04-16","","cr_registered","Contact: dnyata.kmcmpl2023@learner.manipal.edu- | ROC No: LD-20260185347 | ROC Date: 2026-04-16","Balachandra Jessica Gonsalves Shragvi Raviraj Somu G. Dnyata Dhanajirao Pandit"
"t-560","copyright","MCR540","Manipal Academy of Higher Education (MAHE)","A Comprehensive Guide to Environmental Stewardship Education Module on Eco-Friendly Dental Waste Management","Literary work","LD-6476/2026-CO","2026-12-02","2026-06-08","","cr_registered","Contact: alice.dental@aiimskalyani.edu.in | ROC No: LD-20260193506 | ROC Date: 2026-06-08","Queen Alice Arul Nanditha Sujir Meena Anand A Arul Jeyakumar Venkatesh Raja Shunmugam"
"t-561","copyright","MCR541","Manipal Academy of Higher Education (MAHE)","Tool for Measuring Visual Abstract Reasoning in Patients with Alcohol Dependence (VisAR-AD)","Literary work","LD-34559/2026-CO","2026-07-24","","","cr_filed","Contact: anagha.deshmukh@manipal.edu","Anagha Srikant Deshmukh Sai Chandana Mukkamalla Alina Grace Cecil Suma Udupa Shweta Rai Samir Kumar Praharaj"
"t-562","copyright","MCR542","Manipal Academy of Higher Education (MAHE)","""Questionnaire for assessment of knowledge and challenges in using rehydration solution for fingerprint recovery from desiccated bodies among forensic professionals and police officers""","Literary work","LD-6056/2026-CO","2026-10-02","","","cr_filed","Contact: praveena.kmcmpl2023@learner.manipal.edu","Dr. Praveena Prabhakaran Dr. Shankar M. Bakkannavar Dr. Vinutha R. Bhat Dr. Vinod C. Nayak"
"t-563","copyright","MCR543","Manipal Academy of Higher Education (MAHE)","“Need Assessment Questionnaire for Evaluation of Knowledge, Attitude, and Perception on Musculoskeletal Anatomy of Back for Health Professionals.","Literary work","LD-5734/2026-CO","2026-07-02","2026-06-08","","cr_registered","Contact: nikita.dbmsmpl2023@learner.manipal.edu | ROC No: LD-20260193540 | ROC Date: 2026-06-08","Nikita Narendra Bandekar Bincy M. George Mohandas Rao K. G. Ashwini Aithal P."
"t-564","copyright","MCR544","Manipal Academy of Higher Education (MAHE)","Genetic Counseling Knowledge, Attitude, Awareness, Perception Scale -22 (GCKAAPS 22)","Literary work","LD-7231/2026-CO","2026-02-17","","","cr_filed","Contact: lakshmi.priya@manipal.edu","Lakshmi Priya Bhagavath Karthik S Udupa Lena Ashok Teddy Andrews J"
"t-565","copyright","MCR545","Manipal Academy of Higher Education (MAHE)","DEVELOPMENT OF QUESTIONNAIRE TO ASSESS SPEECH INTELLIGIBILITY, SPATIAL HEARING, QUALITY OF HEARING AND QUALITY OF LIFE AMONG HEARING IMPAIRED INDIVIDUALS","Literary work","LD-30941/2026-CO","2026-02-07","","","cr_filed","Contact: atina.mchpmlr2024@learner.manipal.edu","Atina Rajam Abraham Rajesh Ranjan"
"t-566","copyright","MCR546","Manipal Academy of Higher Education (MAHE)","Caregiving Burden Scale for Family Caregivers of Children with Cancer (CBSFC-CC)","Literary work","","","","","cr_filed","",""
"t-567","copyright","MCR547","Manipal Academy of Higher Education (MAHE)","High carbs diet precipitates obesity-","Literary work","","","","","cr_filed","Contact: mehul.kmcmpl2025@learner.manipal.edu",""
"t-568","copyright","MCR548","Manipal Academy of Higher Education (MAHE)","SUPPORTIVE DENTISTRY INTERVENTION FOR THE PATIENTS RECEIVING CHEMOTHERAPY","Literary work","LD-23586/2026-CO","2026-05-18","","","cr_filed","Contact: nakshatra.kmcmpl2023@learner.manipal.edu","NAKSHATRA SHETTY NAVEEN SULAKSHAN SALINS ADARSH MULKY KUDVA ANANTH PAI ARUNANGSHU GHOSHAL VINEETHA R"
"t-569","copyright","MCR549","Manipal Academy of Higher Education (MAHE)","Living Well with Your ICD","Literary work","LD-5852/2026-CO","2026-09-02","2026-08-05","","cr_registered","Contact: naik.karthik@manipal.edu | ROC No: LD-20260186450 | ROC Date: 2026-08-05","Karthik A. Naik Disha A. Shetty Shubhashree Shailaja Salian Umesh Pai M."
"t-570","copyright","MCR550","Manipal Academy of Higher Education (MAHE)","Silent Suffering: A Teenager’s Battle with severe Dysmenorrhea Unveiling a non - communicating functional Rudimentary Horn","Literary work","LD-7682/2026-CO","2026-02-19","2026-04-16","","cr_registered","Contact: vidyashree.g@manipal.edu- | ROC No: LD-20260185491 | ROC Date: 2026-04-16","Vidyashree G Poojari Anjali Suneel Mundkur Prashanth Adiga Sowjanya S B"
"t-571","copyright","MCR551","Manipal Academy of Higher Education (MAHE)","Integrated Clinical Workflow for Detection and Management of Paraquat Poisoning","Literary work","LD-25842/2026-CO","2026-01-06","","","cr_filed","Contact: daniel.mcopsmpl2022@learner.manipal.edu","Daniel Anthony Vaz Priya Shivanna Prathiksha M Shet Jayaraj Mymbilly Balakrishnan Revathi P Shenoy Girish Thunga"
"t-572","copyright","MCR552","Manipal Academy of Higher Education (MAHE)","Untitled Copyright Work","Literary work","","","","","cr_filed","Contact: arjun.rao@manipal.edu",""
"t-573","copyright","MCR553","Manipal Academy of Higher Education (MAHE)","MSOQ-30(MEDICAL SPECIALITY ORIENTATION QUESTIONNAIRE-30 item""","Literary work","LD-6113/2026-CO","2026-10-02","","","cr_registered","Contact: sameer.thaseen1704@gmail.com | ROC No: LD-20260185404","Mohammed Sameer Ahmed Chandan B.S."
"t-574","copyright","MCR554","Manipal Academy of Higher Education (MAHE)","MEDICAL SPECIALITY SELF-ASSESSMENT QUESTIONNAIRE","Literary work","LD-6114/2026-CO","2026-10-02","2026-08-05","","cr_registered","Contact: sameer.thaseen1704@gmail.com | ROC No: LD-20260186423 | ROC Date: 2026-08-05","Mohammed Sameer Ahmed Chandan B.S."
"t-575","copyright","MCR555","Manipal Academy of Higher Education (MAHE)","Paediatric Occupational Therapists Telehealth Practices and Perspectives Questionnaire","Literary work","LD-6739/2026-CO","2026-02-13","2026-05-26","","cr_registered","Contact: anntreesa.mchpmpl2024@learner.manipal.edu | ROC No: LD-20260187223 | ROC Date: 2026-05-26","Ann Treesa Sebastian Asish Das Dola Saha Sumita Rege"
"t-576","copyright","MCR556","Manipal Academy of Higher Education (MAHE)","ARTIFICIAL INTELLIGENCE DEPENDENCY IN MEDICAL EDUCATION (AID-ME) QUESTIONNAIRE-","Literary work","LD-5658/2026-CO","2026-07-02","","","cr_filed","Contact: rishit.kmcmlr2022@learner.manipal.edu","Rishit Anand Anand R Shradhā Poojary"
"t-577","copyright","MCR557","Manipal Academy of Higher Education (MAHE)","Artificial Intelligence- Mediated Academic Practices Scale (AI-MAPS) for medical students Questionnaire","Literary work","LD-5666/2026-CO","2026-07-02","2026-04-08","","cr_registered","Contact: rishit.kmcmlr2022@learner.manipal.edu | ROC No: LD-20260193458 | ROC Date: 2026-04-08","Rishit Anand Anand R Shradhā Poojary"
"t-578","copyright","MCR558","Manipal Academy of Higher Education (MAHE)","MEDICAL SPECIALITY SELECTION QUESTIONNAIRE (MSSQ): DEVELOPMENT, VALIDITY AND RELABILITY STUDY","Literary work","LD-7511/2026-CO","2026-02-18","2026-05-29","","cr_registered","Contact: rishit.kmcmlr2022@learner.manipal.edu | ROC No: LD-20260188652 | ROC Date: 2026-05-29","Rishit Anand Anand R Shradhā Poojary"
"t-579","copyright","MCR559","Manipal Academy of Higher Education (MAHE)","- Peer Influence Scale","Literary work","","","","","cr_filed","Contact: renjulal.y@manipal.edu",""
"t-580","copyright","MCR560","Manipal Academy of Higher Education (MAHE)","Young Adult Body Image Scale""","Literary work","","","","","cr_filed","Contact: renjulal.y@manipal.edu",""
"t-581","copyright","MCR561","Manipal Academy of Higher Education (MAHE)","Untitled Copyright Work","Literary work","","","","","cr_filed","Contact: satish.shenoy@manipal.edu",""
"t-582","copyright","MCR562","Manipal Academy of Higher Education (MAHE)","Untitled Copyright Work","Literary work","","","","","cr_filed","Contact: renjulal.y@manipal.edu",""
"t-583","copyright","MCR563","Manipal Academy of Higher Education (MAHE)","Knowledge Questionnaire on Sexual Assault Nurse Examination - KQSANE""","Literary work","LD-9718/2026-CO","2026-04-03","2026-06-23","","cr_registered","Contact: renjulal.y@manipal.edu | ROC No: LD-20260189625 | ROC Date: 2026-06-23","Renjulal Yesodharan Vinod C Nayak Tessy Treesa Jose"
"t-584","copyright","MCR564","Manipal Academy of Higher Education (MAHE)","Knowledge Questionnaire on Sexual Assault Forensic Examination (KQSAFE)","Literary work","","","","","cr_filed","Contact: renjulal.y@manipal.edu",""
"t-585","copyright","MCR565","Manipal Academy of Higher Education (MAHE)","renjulal.y@manipal.edu-THE CELEBRITY WORSHIP SCALE (CWS)","Literary work","","","","","cr_filed","Contact: renjulal.y@manipal.edu",""
"t-586","copyright","MCR566","Manipal Academy of Higher Education (MAHE)","""Al-enabled web platform for tracking, assessing, and predicting health literacy levels""","Literary work","SW-6858/2026-CO","2026-02-14","2026-11-08","","cr_registered","Contact: usha.rani@manipal.edu | ROC No: SW-2026023529 | ROC Date: 2026-11-08","USHA RANI MANOJ R ISHWAR BHIRADI"
"t-587","copyright","MCR567","Manipal Academy of Higher Education (MAHE)","A Questionnaire on Assessment of Faculty Perspectives on Quality Enhancement Indicators in Allied and Healthcare Education in India","Literary work","LD-8210/2026-CO","2026-02-23","2026-08-19","","cr_registered","Contact: vivek.rm@manipal.edu | ROC No: LD-20260193833 | ROC Date: 2026-08-19","Vivek Raghavan M Senthil Kumaran D G. Arun Maiya B. Reshmi"
"t-588","copyright","MCR568","Manipal Academy of Higher Education (MAHE)","Untitled Copyright Work","Literary work","","","","","cr_filed","Contact: jithin.abraham@manipal.edu",""
"t-589","copyright","MCR569","Manipal Academy of Higher Education (MAHE)","Semi-Structured In-Depth Interview Guide for Understanding Psychological Experiences of Pediatric Oncologists-","Literary work","LD-16585/2026-CO","2026-11-04","","","cr_filed","Contact: harshitha.kmcmpl2023@learner.manipal.edu","HARSHITHA D VASUDEVA BHAT K KRITHIKA S RAO NAVEEN SULAKSHAN SALINS SEEMA R RAO AMRTAVARSHINI R"
"t-590","copyright","MCR570","Manipal Academy of Higher Education (MAHE)","Strong Roots, Strong Children: A Tribal Child Feeding Comic","Literary work","LD-9658/2026-CO","2026-03-03","","","cr_filed","Contact: rithu1.psphmpl2022@learner.manipal.edu","Rithu S P Arathi Rao"
"t-591","copyright","MCR571","Manipal Academy of Higher Education (MAHE)","Veril Valimai - Kuzhandhaiyin Valarchi rithu1.psphmpl2022@learner.manipal.edu","Literary work","LD-9597/2026-CO","2026-03-03","2026-04-20","","cr_registered","Contact: rithu1.psphmpl2022@learner.manipal.edu | ROC No: LD-20260185628 | ROC Date: 2026-04-20","Rithu S P Arathi Rao"
"t-592","copyright","mcr572","Manipal Academy of Higher Education (MAHE)","End-to-End Laboratory Testing Pipeline","Literary work","AT-6740/2026-CO","2026-02-13","2026-07-09","","cr_registered","Contact: ashwini.kmcmpl2023@learner.manipal.edu | ROC No: AT-20260167032 | ROC Date: 2026-07-09","Vijetha Shenoy Belle Ashwini V Rao"
"t-593","copyright","MCR573","Manipal Academy of Higher Education (MAHE)","Human Research Study Workflow","Literary work","AT-6734/2026-CO","2026-02-13","2026-12-08","","cr_registered","Contact: ashwini.kmcmpl2023@learner.manipal.edu | ROC No: AT-20260166672 | ROC Date: 2026-12-08","Vijetha Shenoy Belle Ashwini V Rao"
"t-594","copyright","MCR574","Manipal Academy of Higher Education (MAHE)","Dual-Pathway Model of Sport-Related Risk and Protective Factors in School Sports""","Literary work","AT-6860/2026-CO","2026-02-14","","","cr_discrepancy","Contact: anjali1.psphmpl2024@learner.manipal.edu","Anjali Pradhan Usha Rani Ishwar Bhiradi Sebastian Padickaparambil"
"t-595","copyright","MCR575","Manipal Academy of Higher Education (MAHE)","Integrated Ecosystem Model Linking Sport-Specific Mental Health Literacy and Multi-Tiered Support in School Sports""","Literary work","AT-6866/2026-CO","2026-02-14","","","cr_filed","Contact: anjali1.psphmpl2024@learner.manipal.edu","Anjali Pradhan Usha Rani Ishwar Bhiradi Sebastian Padickaparambil"
"t-596","copyright","MCR576","Manipal Academy of Higher Education (MAHE)","Flow Diagram of Narrative Review Search and Study Selection Process","Literary work","AT-6861/2026-CO","2026-02-14","","","cr_filed","Contact: anjali1.psphmpl2024@learner.manipal.edu","Anjali Pradhan Usha Rani Ishwar Bhiradi Sebastian Padickaparambil"
"t-597","copyright","MCR577","Manipal Academy of Higher Education (MAHE)","Risk–Protective Factor Sankey Diagram of Adolescent Athlete Mental Health Outcomes","Literary work","AT-6868/2026-CO","2026-02-14","2026-08-31","","cr_registered","Contact: anjali1.psphmpl2024@learner.manipal.edu | ROC No: AT-20260166973 | ROC Date: 2026-08-31","Anjali Pradhan Usha Rani Ishwar Bhiradi Sebastian Padickaparambil"
"t-598","copyright","MCR578","Manipal Academy of Higher Education (MAHE)","Three-Pillar Thematic Structure for Narrative Synthesis in School Sports Mental Health","Literary work","AT-6865/2026-CO","2026-02-14","2026-05-29","","cr_registered","Contact: anjali1.psphmpl2024@learner.manipal.edu | ROC No: AT-20260165525 | ROC Date: 2026-05-29","Anjali Pradhan Usha Rani Ishwar Bhiradi Sebastian Padickaparambil"
"t-599","copyright","MCR579","Manipal Academy of Higher Education (MAHE)","-Effect of Advance Glycation End Product (AGE) modified dentin on bonding to adhesives","Literary work","AT-9437/2026-CO","2026-02-03","","","cr_filed","Contact: mayya.arun@manipal.edu","Akshatha Chatra Shashi Rashmi U Kishore Ginjupalli Arun Mayya"
"t-600","copyright","MCR580","Manipal Academy of Higher Education (MAHE)","Pathophysiology of PCOS","Literary work","LD-7495/2026-CO","2026-02-18","2026-08-13","","cr_registered","Contact: rashmitha.kmcmpl2025@learner.manipal.edu- | ROC No: LD-20260193689 | ROC Date: 2026-08-13","RASHMITHA SHETTY VARASHREE B S ARJUN ASOK VIDYASHREE G POOJARI SELIM JAHANGIR"
"t-601","copyright","MCR581","Manipal Academy of Higher Education (MAHE)","-Group Based Occupational Therapy Gardening Intervention Protocol","Literary work","LD-8218/2026-CO","2026-02-23","","","cr_filed","Contact: mithra.mchpmpl2024@learner.manipal.edu","Mithra M Shalini Quadros Vinita A Acharya Rajeshkrishna Bhandary P"
"t-602","copyright","MCR582","Manipal Academy of Higher Education (MAHE)","Audio- Video Content Analysis Checklist for Daily Living Skills Training in Children with Developmental Delays","Literary work","LD-7490/2026-CO","2026-02-18","","","cr_filed","Contact: elisheba.mchpmpl2024@learner.manipal.edu","ELISHEBA NONGBRI ASISH DAS SHALINI QUADROS SHWETHA T S"
"t-603","copyright","MCR583","Manipal Academy of Higher Education (MAHE)","“Technology Acceptance Questionnaire for Using Music Videos to Teach Daily Living Skills to Children with Autism","Literary work","LD-7501/2026-CO","2026-02-18","","","cr_filed","Contact: elisheba.mchpmpl2024@learner.manipal.edu","ELISHEBA NONGBRI ASISH DAS SHALINI QUADROS SHWETHA T S"
"t-604","copyright","MCR584","Manipal Academy of Higher Education (MAHE)","Schematic Illustration of the Gracilis Muscle, Depicting Its Origin, Insertion, and Internal and External Tendon Lengths","Literary work","AT-13161/2026-CO","2026-03-23","","","cr_filed","Contact: anushka.kmcmpl2024@learner.manipal.edu","Anushka Srivatsan Ishaan Bharadwaj Shivam Thaker Mamatha Hosapatna"
"t-605","copyright","MCR585","Manipal Academy of Higher Education (MAHE)","Neutralization of Naja Naja (N.N) venom phospholipase A2 (PLA2) activity by supplementing polyvalent anti-snake venom (ASV) with methanolic extract of Andrographis paniculata (MAP): A novel approach using a multipronged strategy to mitigate venom toxicity","Literary work","LD-11361/2026-CO","2026-03-13","2026-08-31","","cr_registered","Contact: akshatha.pai@manipal.edu- | ROC No: LD-20260194533 | ROC Date: 2026-08-31","Akshatha Ganesh Nayak Maya Roche"
"t-606","copyright","MCR586","Manipal Academy of Higher Education (MAHE)","MC-P3C FGD Guide: Menstrual Cycle Perspectives and Practices among female Para-athletes and Coaches, A Focus Group Discussion Guide","Literary work","LD-9577/2026-CO","2026-03-03","","","cr_filed","Contact: juhi.mchpmpl2024@learner.manipal.edu","Juhi Tiwari Dola Saha Chaitali Joshi Tanugatri Majumder"
"t-607","copyright","MCR587","Manipal Academy of Higher Education (MAHE)","Home Care Training module on care of elderly with frailty Syndrome","Literary work","LD-30495/2026-CO","2026-06-30","","","cr_filed","Contact: champa.s@smims.smu.edu.in","CHAMPA SHARMA ELSA SANATOMBI DEVI SAMRAT SINGH BHANDARI"
"t-608","copyright","MCR588","Manipal Academy of Higher Education (MAHE)","A GUIDE TO SAFE PRACTICE & HANDLING OF METHYL METHACRYLATE MONOMER","Literary work","","","","","cr_filed","Contact: anuradha.iyer1@learner.manipal.edu-","Anuradha Iyer"
"t-609","copyright","MCR589","Manipal Academy of Higher Education (MAHE)","Untitled Copyright Work","Literary work","","","","","cr_filed","Contact: usha.rani@manipal.edu","Usha Rani"
"t-610","copyright","MCR590","Manipal Academy of Higher Education (MAHE)","Schematic Representation of Assay Workflow and Cut off -Based Classification","Literary work","AT-9574/2026-CO","2026-03-03","2026-01-06","","cr_registered","Contact: -anupama.v@manipal.edu | ROC No: AT-20260165578 | ROC Date: 2026-01-06","Anupama V Krishnananda Prabhu R V Mathew Peter Pramod K Venkatesan V S"
"t-611","copyright","MCR591","Manipal Academy of Higher Education (MAHE)","Glucose Color Scale and Screening Classification-","Literary work","AT-9578/2026-CO","2026-03-03","","","cr_filed","Contact: -anupama.v@manipal.edu","Anupama V Krishnananda Prabhu R V Mathew Peter Pramod K Venkatesan V S"
"t-612","copyright","MCR592","Manipal Academy of Higher Education (MAHE)","Diagnostic and Classification Flowchart for Hypertensive Disorders in Pregnancy","Literary work","LD-9426/2026-CO","2026-02-03","","","cr_filed","Contact: rashmitha.kmcmpl2025@learner.manipal.edu","Geethika Yelleti Varashree B S Nihaal Maripini Rashmitha Shetty"
"t-613","copyright","MCR593","Manipal Academy of Higher Education (MAHE)","-Contrasting Uteroplacental Angiogenesis in Normal vs Preeclamptic Pregnancy","Literary work","LD-9423/2026-CO","2026-02-03","2026-09-06","","cr_registered","Contact: rashmitha.kmcmpl2025@learner.manipal.edu | ROC No: LD-20260189367 | ROC Date: 2026-09-06","Geethika Yelleti Varashree B S Nihaal Maripini Rashmitha Shetty"
"t-614","copyright","MCR594","Manipal Academy of Higher Education (MAHE)","Mindful Resuscitation-Pranayama and Dhyana Module For Healthcare Workers","Literary work","LD-16832/2026-CO","2026-04-13","","","cr_filed","Contact: lakshmi.kmcmpl2024@learner.manipal.edu","1. Lakshmi R 2. Lavya Shetty 3. Annapoorna K 4. Prithvishree Ravindra 5. Rachana 6. Manu Sudhi 7. Savan Kumar Nagesh 8. Jayaraj Mymbilly Balakrishnan 9. Sagar M. S"
"t-615","copyright","MCR595","Manipal Academy of Higher Education (MAHE)","GASTRITIS RISK ASSESSMENT QUESTIONNAIRE for MEDICAL STUDENTS (GRAQ-MS)","Literary work","LD-8828/2026-CO","2026-02-26","","","cr_filed","Contact: rishit.kmcmlr2022@learner.manipal.edu","Rishit Anand Utkarsh Pandey Dr. Sandeep Gopal"
"t-616","copyright","MCR596","Manipal Academy of Higher Education (MAHE)","ART AND MUSIC THERAPY IN HEALING","Literary work","AT-16007/2026-CO","2026-08-04","","","cr_filed","Contact: pavitra.nayak@manipal.edu","1. Saraswathi Hebbar 2. Pavitra Ashok Nayak 3. Prathvraj 4. Dhanush 5. Annette Serena 6. Savitha Talwar 7. Ashpiya 8. Namitha"
"t-617","copyright","MCR597","Manipal Academy of Higher Education (MAHE)","OH-Prevent Scale: A Health Belief Model-Based One Health Knowledge, Attitude and Practice Assessment Tool for the Prevention and Control of Communicable Diseases","Literary work","LD-9905/2026-CO","2026-05-03","2026-06-23","","cr_registered","Contact: nishikant.dbmsmpl2024@learner.manipal.edu | ROC No: LD-20260189638 | ROC Date: 2026-06-23","Nishikant Kumar Sreejith Govindan Peralam Yegneswaran Prakash"
"t-618","copyright","MCR598","Manipal Academy of Higher Education (MAHE)","Dialysis Staff Perception on Needle Orientation Technique","Literary work","LD-26297/2026-CO","2026-04-06","","","cr_filed","Contact: shashank.mchpmpl2024@learner.manipal.edu","Shashank R Nayak Veena N K Indu R Rao Shayoli Sarkar Diya S Puthran"
"t-619","copyright","MCR599","Manipal Academy of Higher Education (MAHE)","-Development of the Antithrombotic Safety Index (ASI)","Literary work","LD-9583/2026-CO","2026-03-03","","","cr_filed","Contact: sadhana.holla@manipal.edu","Sadhana N Holla Ramya Kateel Vaishnavi Yanamandra"
"t-620","copyright","MCR600","Manipal Academy of Higher Education (MAHE)","CERVICO-MAXILLOFACIAL FUNCTIONAL IMPAIRMENT (CMFI) SCALE","Literary work","LD-9587/2026-CO","2026-03-03","2026-01-06","","cr_registered","Contact: kuldeep.deka@manipal.edu | ROC No: LD-20260188855 | ROC Date: 2026-01-06","Kuldeep Deka Tarushi Tanwar Roopa Prabal Kumar Sufikar Ali A Charu Eapen Akshatha Nayak"
"t-621","copyright","MCR601","Manipal Academy of Higher Education (MAHE)","A Comprehensive Interprofessional Educational Module on Chronic Low Back Pain Management","Literary work","LD-24272/2026-CO","2026-05-22","","","cr_filed","Contact: sushmitha.karkada@manipal.edu","Smriti Sinha Sushmitha R Karkada Elsa Sanatombi Devi"
"t-622","copyright","MCR602","Manipal Academy of Higher Education (MAHE)","The Spinal Shield: Back Safety, Body Mechanics & Ergonomic Solutions","Literary work","LD-12550/2026-CO","2026-03-19","2026-10-07","","cr_registered","Contact: priyanka.kmcmpl2022@learner.manipal.edu- | ROC No: LD-20260191448 | ROC Date: 2026-10-07","Priyanka Nayak Bincy M George Mohandas Rao KG Shyamasunder Bhat Neerkaje Suba Sooria"
"t-623","copyright","MCR603","Manipal Academy of Higher Education (MAHE)","Anaesthesia Machine Safety Checklist","Literary work","LD-10323/2026-CO","2026-07-03","2026-08-25","","cr_registered","Contact: aniketh.shetty@manipal.edu | ROC No: LD-20260194154 | ROC Date: 2026-08-25","Sumesh T Rao Aniketh Kumar Shetty Sonal Bhat Rashmi R Kajal R Shetty"
"t-624","copyright","MCR604","Manipal Academy of Higher Education (MAHE)","Kannada version of GCKAAPS-22 (GCKAAPS-22Kan)","Literary work","LD-24576/2026-CO","2026-05-25","2026-08-25","","cr_registered","Contact: lakshmi.priya@manipal.edu- | ROC No: LD-20260194240 | ROC Date: 2026-08-25","LAKSHMI PRIYA BHAGAVATH KARTHIK S UDUPA LENA ASHOK TEDDY ANDREWS J J"
"t-625","copyright","MCR605","Manipal Academy of Higher Education (MAHE)","Post-joint replacement recovery scale (PJRRS)","Literary work","LD-10307/2026-CO","2026-07-03","","","cr_filed","Contact: sameer.thaseen1704@gmail.com","Mohammed Sameer Ahmed Chandan BS Vineet"
"t-626","copyright","MCR606","Manipal Academy of Higher Education (MAHE)","COMPREHENSION POST JOINT REPLACEMENT RECOVERY QUESTIONNAIRE (CPJRRQ)","Literary work","LD-10310/2026-CO","2026-07-03","","","cr_filed","Contact: sameer.thaseen1704@gmail.com","Mohammed Sameer Ahmed Chandan BS Vineet"
"t-627","copyright","MCR607","Manipal Academy of Higher Education (MAHE)",""" Comprehensive Low Back Pain Knowledge Questionnaire for Nurses (CLBPKQ-N)","Literary work","LD-12547/2026-CO","2026-03-19","","","cr_filed","Contact: priyanka.kmcmpl2022@learner.manipal.edu-","Priyanka Nayak Bincy M George Mohandas Rao KG Shyamasunder Bhat Neerkaje Suba Sooria"
"t-628","copyright","MCR608","Manipal Academy of Higher Education (MAHE)","A cinematograph film on The 5 A’s of tobacco counselling","Literary work","CF-29731/2026-CO","2026-06-24","2026-08-27","","cr_registered","Contact: mithun.pai@manipal.edu | ROC No: CF-202606283 | ROC Date: 2026-08-27","PADMASRI SRIDHAR KISHAN M R JANANI ROSHAN SACHIN ARUN DEEPTHI P SREEGANTHAN MITHUN PAI"
"t-629","copyright","MCR609","Manipal Academy of Higher Education (MAHE)","Untitled Copyright Work","Literary work","","","","","cr_filed","Contact: mithun.pai@manipal.edu",""
"t-630","copyright","MCR610","Manipal Academy of Higher Education (MAHE)","A CINEMATOGRAPH FILM ON SELF SCREENING OF ORAL CANCER","Literary work","CF-31101/2026-CO","2026-03-07","","","cr_filed","Contact: mithun.pai@manipal.edu","Aditi Sreeram Rao Reet Sahu Amulya Ellan Veetil Vaibhavi H Acharya Mithun Pai"
"t-631","copyright","MCR611","Manipal Academy of Higher Education (MAHE)","KPAP-Q (e-Physio) Knowledge, Preferences and Attitudes of People Questionnaire towards Online Physiotherapy Resources","Literary work","LD-11695/2026-CO","2026-03-14","2026-08-31","","cr_registered","Contact: mani.kandan@manipal.edu | ROC No: LD-20260194509 | ROC Date: 2026-08-31","Arnaav Chetty Kripa Mariam Mathew Shreelakshmi M Rao Natarajan Manikandan Selvam Ramachandran"
"t-632","copyright","MCR612","Manipal Academy of Higher Education (MAHE)","Integrative Bioinformatics Pipeline for Prioritizing Candidate Genes for Epigenetic Investigation in Psychiatric Disorders","Literary work","AT-11696/2026-CO","2026-03-14","2026-06-30","","cr_registered","Contact: jahid.kmcmpl2023@learner.manipal.edu | ROC No: AT-20260165971 | ROC Date: 2026-06-30","Mohd Jahid Riyaz Ahmad Khan Praveena Prabhakaran Vinod C Nayak Samir Kumar Praharaj Bobby Paul"
"t-633","copyright","MCR613","Manipal Academy of Higher Education (MAHE)","Assessing Educational Influence on Organ Donation Knowledge, Attitude and Perception""-","Literary work","","","","","cr_filed","Contact: priyanka.as@manipal.edu",""
"t-634","copyright","MCR614","Manipal Academy of Higher Education (MAHE)","Burnout Assessment Tool for Healthcare Workers-","Literary work","","","","","cr_filed","Contact: akshada.kauthankar@manipal.edu",""
"t-635","copyright","MCR615","Manipal Academy of Higher Education (MAHE)","Manipal Dental Bleeding Risk Assessment Tool for People with Haemophilia (M-DBRAT for PwH)","Literary work","LD-11079/2026-CO","2026-11-03","","","cr_filed","Contact: mathangi.kumar@manipal.edu-","Mathangi Kumar Sulochana Badagabettu Archana M V"
"t-636","copyright","MCR616","Manipal Academy of Higher Education (MAHE)","6 transformations of material body- a pictorial work","Literary work","AT-11499/2026-CO","2026-03-13","","","cr_filed","Contact: chanda.kmcmpl2024@learner.manipal.edu","Chanda Jha"
"t-637","copyright","MCR617","Manipal Academy of Higher Education (MAHE)","A template for presenting statistically calculated sample size","Literary work","LD-11438/2026-CO","2026-03-13","2026-06-23","","cr_registered","Contact: chanda.kmcmpl2024@learner.manipal.edu | ROC No: LD-20260189616 | ROC Date: 2026-06-23","Chanda Jha Shobha U Kamath"
"t-638","copyright","MCR618","Manipal Academy of Higher Education (MAHE)","-Figure illustrating the role of insects in estimating the minimum post mortem interval (mPMI) and demonstrating how pesticide exposure effects insect developmental time, which may lead to mPMI overestimation or underestimation""","Literary work","AT-11677/2026-CO","2026-03-14","","","cr_discrepancy","Contact: ""shruthi.kmcmpl2023@learner.manipal.edu","Shruthi S Shetty Shankar M Bakkannavar Vinod C Nayak Vinutha R Bhat"
"t-639","copyright","MCR620","Manipal Academy of Higher Education (MAHE)","Qualitative interview guide to understand the views and opinions of stakeholders regarding farmer's pesticide handling","Literary work","LD-15321/2026-CO","2026-04-04","2026-07-31","","cr_registered","Contact: tejashree.mcopsmpl2023@learner.manipal.edu | ROC No: LD-20260193199 | ROC Date: 2026-07-31","M U Tejashree Girish Thunga Sreedharan Sohil A Khan Vijayanarayana K Unnikrishnan B Shravya C Haritha K Rajalakshmi R"
"t-640","copyright","MCR621","Manipal Academy of Higher Education (MAHE)","Raitara keetanaashaka nirvahanege sambandhisidante madhyasthagaarara abhipraayagalannu arthamaadikollalu gunaatmaka sandarshana maargadarshi","Literary work","LD-15572/2026-CO","2026-06-04","","","cr_filed","Contact: tejashree.mcopsmpl2023@learner.manipal.edu","M U Tejashree Girish Thunga Sreedharan Sohil A Khan Vijayanarayana K Unnikrishnan B Shravya C Haritha K Rajalakshmi R"
"t-641","copyright","MCR622","Manipal Academy of Higher Education (MAHE)","Qualitative interview guide to understand the needs and perceptions of farmers regarding pesticide handling","Literary work","LD-15320/2026-CO","2026-04-04","","","cr_filed","Contact: tejashree.mcopsmpl2023@learner.manipal.edu","M U Tejashree Girish Thunga Sreedharan Sohil A Khan Vijayanarayana K Unnikrishnan B"
"t-642","copyright","MCR623","Manipal Academy of Higher Education (MAHE)","Keetanaashaka nirvahanege sambandhisidante raitara agatyategalu mattu grahikegalannu arthamaadikollalu gunaatmaka sandarshana maargadarshi","Literary work","LD-15334/2026-CO","2026-04-04","","","cr_filed","Contact: tejashree.mcopsmpl2023@learner.manipal.edu","M U Tejashree Girish Thunga Sreedharan Sohil A Khan Vijayanarayana K Unnikrishnan B"
"t-643","copyright","MCR624","Manipal Academy of Higher Education (MAHE)","Interprofessional Trauma Unified Simulation-based Educational Training Module (IP TRUST)","Literary work","LD-35457/2026-CO","2026-07-29","","","cr_filed","Contact: sanjan.faimer@gmail.com","SANJAN ASANARU KUNJU CIRAJ ALI MOHAMMED VIMAL KRISHNAN S ANIMESH JAIN B UNNIKRISHNAN HARIHARA PRAKASH RAMANATHAN M MUKHYAPRANA PRABHU"
"t-644","copyright","MCR625","Manipal Academy of Higher Education (MAHE)","VIDEO","Literary work","","","","","cr_filed","Contact: sanjan.faimer@gmail.com",""
"t-645","copyright","MCR626","Manipal Academy of Higher Education (MAHE)","Poster on Effect of Paraquat on growth and life cycle of the blow fly, Lucilia sericata","Literary work","LD-11362/2026-CO","2026-03-13","","","cr_filed","Contact: shruthi.kmcmpl2023@learner.manipal.edu","Shruthi S Shetty Shankar M Bakkannavar Vinod C Nayak Vinutha R Bhat"
"t-646","copyright","MCR627","Manipal Academy of Higher Education (MAHE)","Untitled Copyright Work","Literary work","","","","","cr_filed","Contact: sridevi.santhosh@manipal.edu",""
"t-647","copyright","MCR628","Manipal Academy of Higher Education (MAHE)","CATH STUDY REPORT: Cardiovascular Physiologist Perspectives","Literary work","LD-12363/2026-CO","2026-03-18","","","cr_filed","Contact: <naik.karthik@manipal.edu","Nihal Mohan Nayak Karthik A Naik Umesh Pai M Kanhai Rajendra Lalani"
"t-648","copyright","MCR629","Manipal Academy of Higher Education (MAHE)","Ten maxims for designing an ideal prompt framework for generating MCQs through AI-based tool","Literary work","AT-15306/2026-CO","2026-04-04","","","cr_filed","Contact: sushmitha.mg@manipal.edu","Devasrita Dash Sushmitha Malpe Gopal"
"t-649","copyright","MCR630","Manipal Academy of Higher Education (MAHE)","Sustainable restorative material - BIOREDENT","Literary work","LD-14740/2026-CO","2026-01-04","2026-07-31","","cr_registered","Contact: roma.m@manipal.edu | ROC No: LD-20260193305 | ROC Date: 2026-07-31","THARSHANA K SREEVATHSHNI KANDASWAMI JENNIFER SARA STANLEY ROMA M"
"t-650","copyright","MCR631","Manipal Academy of Higher Education (MAHE)","Classification of Acute Lymphoblastic Leukemi","Literary work","AT-13741/2026-CO","2026-03-26","","","cr_filed","Contact: kritika.kmcmpl2024@learner.manipal.edu","KRITIKA PANDEY KRISHNANANDA PRABHU R V VASUDEVA BHAT K ARJUN ASOK"
"t-651","copyright","MCR632","Manipal Academy of Higher Education (MAHE)","Metabolomics in Acute Lymphoblastic Leukemia (ALL)","Literary work","AT-14374/2026-CO","2026-03-30","","","cr_filed","Contact: kritika.kmcmpl2024@learner.manipal.edu","KRITIKA PANDEY KRISHNANANDA PRABHU R V VASUDEVA BHAT K ARJUN ASOK"
"t-652","copyright","MCR633","Manipal Academy of Higher Education (MAHE)","Method of testing in Acute Lymphoblastic Leukemia","Literary work","AT-13751/2026-CO","2026-03-26","","","cr_filed","Contact: kritika.kmcmpl2024@learner.manipal.edu","KRITIKA PANDEY KRISHNANANDA PRABHU R V VASUDEVA BHAT K ARJUN ASOK"
"t-653","copyright","MCR634","Manipal Academy of Higher Education (MAHE)","Template for recording workshops, seminars, sessions or conferences attended","Literary work","LD-12544/2026-CO","2026-03-19","2026-01-07","","cr_registered","Contact: chanda.kmcmpl2024@learner.manipal.edu- | ROC No: LD-20260190619 | ROC Date: 2026-01-07","CHANDA JHA,"
"t-654","copyright","MCR635","Manipal Academy of Higher Education (MAHE)","-Designing Sensory Friendly Classrooms in India: Occupational Therapy Guidelines for Inclusive Educational Environments","Literary work","LD-12546/2026-CO","2026-03-19","2026-10-07","","cr_registered","Contact: p.keshavaram@manipal.edu | ROC No: LD-20260191450 | ROC Date: 2026-10-07","Keshavaram P Gokul Prasath S"
"t-655","copyright","MCR636","Manipal Academy of Higher Education (MAHE)","Snake Venom Detection in India: Progress, Challenges, and Future Directions","Literary work","LD-13334/2026-CO","2026-03-24","2026-10-07","","cr_registered","Contact: nagendra.k1@learner.manipal.edu- | ROC No: LD-20260191496 | ROC Date: 2026-10-07","Nagendra K Shankar M Bakkannavar Vinutha R Bhat Freston Marc Sirur"
"t-656","copyright","MCR637","Manipal Academy of Higher Education (MAHE)","SNAKE VENOM DETECTION: ADDRESSING THE TRAP CHALLENGES FOR FUTURE DIRECTIONS","Literary work","LD-13341/2026-CO","2026-03-24","2026-01-07","","cr_registered","Contact: nagendra.k1@learner.manipal.edu- | ROC No: LD-20260190832 | ROC Date: 2026-01-07","Nagendra K Shankar M Bakkannavar Vinutha R Bhat Freston Marc Sirur"
"t-657","copyright","MCR638","Manipal Academy of Higher Education (MAHE)","COBRA FRAMEWORK FOR SNAKE VENOM DETECTION IN INDIA: ADDRESSING FUTURE DIRECTIONS- nagendra.k1@learner.manipal.edu","Literary work","LD-13336/2026-CO","2026-03-24","","","cr_filed","Contact: nagendra.k1@learner.manipal.edu-","Nagendra K Shankar M Bakkannavar Vinutha R Bhat Freston Marc Sirur"
"t-658","copyright","MCR639","Manipal Academy of Higher Education (MAHE)","Unveiling the Impact of Snake Venom Extracellular Vesicles’ on the activity of ATP and ADP","Literary work","LD-13333/2026-CO","2026-03-24","2026-01-07","","cr_registered","Contact: nagendra.k1@learner.manipal.edu- | ROC No: LD-20260190821 01-07-2026 | ROC Date: 2026-01-07","Nagendra K Shankar M Bakkannavar Vinutha R Bhat Freston Marc Sirur"
"t-659","copyright","MCR640","Manipal Academy of Higher Education (MAHE)","Untitled Copyright Work","Literary work","","","","","cr_filed","Contact: ashwini.amin@learner.manipal.edu",""
"t-660","copyright","MCR641","Manipal Academy of Higher Education (MAHE)","Develop, Implement, and Evaluate Workplace-based Resistance Training intervention for glycemic control among office workers with Type 2 Diabetes Mellitus Formative Research Process Phase (Office Workers Questionnaire)","Literary work","LD-30162/2026-CO","2026-06-28","","","cr_filed","Contact: eswaran.tpm@manipal.edu","ESWARAN T. P. M. BASKARAN CHANDRASEKARAN G. ARUN MAIYA CHYTHRA R. RAO"
"t-661","copyright","MCR642","Manipal Academy of Higher Education (MAHE)","Snake Venom Extracellular Vesicles: A tiny armoury with specialized proteins","Literary work","LD-13331/2026-CO","2026-03-24","","","cr_filed","Contact: nagendra.k1@learner.manipal.edu-","Nagendra K Shankar M Bakkannavar Vinutha R Bhat Freston Marc Sirur"
"t-662","copyright","MCR643","Manipal Academy of Higher Education (MAHE)","Grading of Disease in Acute Lymphoblastic Leukemia","Literary work","AT-13567/2026-CO","2026-03-25","","","cr_filed","Contact: kritika.kmcmpl2024@learner.manipal.edu","Kritika Pandey Krishnananda Prabhu R V Arjun Asok"
"t-663","copyright","MCR644","Manipal Academy of Higher Education (MAHE)","Prognostic Factor in Acute Lymphoblastic Leukemia","Literary work","AT-14376/2026-CO","2026-03-30","2026-07-31","","cr_registered","Contact: kritika.kmcmpl2024@learner.manipal.edu | ROC No: AT-20260166581 | ROC Date: 2026-07-31","Kritika Pandey Krishnananda Prabhu R V Arjun Asok"
"t-664","copyright","MCR645","Manipal Academy of Higher Education (MAHE)","Yogic Intervention as a Complementary Therapy for Chronic Rhinosinusitis in Children – A Randomized Controlled Trail","Literary work","LD-25466/2026-CO","2026-05-29","2026-08-25","","cr_registered","Contact: shetty.athmika@manipal.edu | ROC No: LD-20260194339 | ROC Date: 2026-08-25","Athmika Shetty Lavya Shetty Shrikiran A Suneel C Mundkur Devaraja K"
"t-665","copyright","MCR646","Manipal Academy of Higher Education (MAHE)","Concept Diagram of Pathogenesis of Diabetic Kidney Disease and the GIFT Biomarker Panel","Literary work","AT-16012/2026-CO","2026-08-04","","","cr_filed","Contact: priya1.kmcmpl2023@learner.manipal.edu","PRIYA RANI MOHAN V. BHOJARAJA SHANKAR PRASAD NAGARAJU SHOBHIT RAJ"
"t-666","copyright","MCR647","Manipal Academy of Higher Education (MAHE)","Analytical Phase of Laboratory - Methods and Errors","Literary work","LD-24271/2026-CO","2026-05-22","","","cr_filed","Contact: ashwini.kmcmpl2023@learner.manipal.edu","ASHWINI V RAO VIJETHA SHENOY BELLE"
"t-667","copyright","MCR648","Manipal Academy of Higher Education (MAHE)","Schematic Illustration of the Semitendinosus Muscle, Depicting its Origin, Insertion, and Internal and External Tendon Lengths","Literary work","AT-13164/2026-CO","2026-03-23","","","cr_filed","Contact: anushka.kmcmpl2024@learner.manipal.edu","Anushka Srivatsan Ishaan Bharadwaj Shivam Thaker Mamatha Hosapatna"
"t-668","copyright","MCR650","Manipal Academy of Higher Education (MAHE)","Probable Mechanism of Virtual Visualization to Meditation","Literary work","AT-15309/2026-CO","2026-04-04","","","cr_filed","Contact: kapila.sharma@learner.manipal.edu","KAPILA GOSWAMI SHARMA MANJULA S D SHOBHA U KAMATH M MUKHYAPRANA PRABHU M G RAMESH BABU VASANTHALAXMI K"
"t-669","copyright","MCR651","Manipal Academy of Higher Education (MAHE)","Emergency Response Support System (ERSS) Awareness","Literary work","","","","","cr_filed","Contact: shrushti.kmcmpl2025@learner.manipal.edu-",""
"t-670","copyright","MCR652","Manipal Academy of Higher Education (MAHE)","Conversion of IMP to AMP and GMP","Literary work","AT-14724/2026-CO","2026-01-04","","","cr_filed","Contact: vijetha.shenoy@manipal.edu","Shivananda Baliga Vijetha Shenoy Belle Ashwini V Rao"
"t-671","copyright","MCR653","Manipal Academy of Higher Education (MAHE)","Formation of Deoxyribonucleotides","Literary work","AT-14725/2026-CO","2026-01-04","2026-07-22","","cr_registered","Contact: vijetha.shenoy@manipal.edu | ROC No: AT-20260166362 | ROC Date: 2026-07-22","Shivananda Baliga Vijetha Shenoy Belle Ashwini V Rao"
"t-672","copyright","MCR654","Manipal Academy of Higher Education (MAHE)","Formation of Pyrimidine Nucleotides","Literary work","AT-14729/2026-CO","2026-01-04","","","cr_filed","Contact: vijetha.shenoy@manipal.edu","Shivananda Baliga Vijetha Shenoy Belle Ashwini V Rao"
"t-673","copyright","MCR655","Manipal Academy of Higher Education (MAHE)","Iron Absorption","Literary work","AT-14731/2026-CO","2026-01-04","","","cr_filed","Contact: vijetha.shenoy@manipal.edu","Shivananda Baliga Vijetha Shenoy Belle Ashwini V Rao"
"t-674","copyright","MCR656","Manipal Academy of Higher Education (MAHE)","Purine Salvage Pathway","Literary work","AT-14732/2026-CO","2026-01-04","","","cr_filed","Contact: vijetha.shenoy@manipal.edu","Shivananda Baliga Vijetha Shenoy Belle Ashwini V Rao"
"t-675","copyright","MCR657","Manipal Academy of Higher Education (MAHE)","Purine Synthesis Summary","Literary work","AT-14734/2026-CO","2026-01-04","2026-07-22","","cr_registered","Contact: vijetha.shenoy@manipal.edu | ROC No: AT-20260166363 | ROC Date: 2026-07-22","Shivananda Baliga Vijetha Shenoy Belle Ashwini V Rao"
"t-676","copyright","MCR658","Manipal Academy of Higher Education (MAHE)","Pyrimidine Synthesis","Literary work","AT-14735/2026-CO","2026-01-04","2026-10-07","","cr_registered","Contact: vijetha.shenoy@manipal.edu | ROC No: AT-20260166192 | ROC Date: 2026-10-07","Shivananda Baliga Vijetha Shenoy Belle Ashwini V Rao"
"t-677","copyright","MCR659","Manipal Academy of Higher Education (MAHE)","Regulation of Purine Synthesis","Literary work","AT-14736/2026-CO","2026-01-04","","","cr_filed","Contact: vijetha.shenoy@manipal.edu","Shivananda Baliga Vijetha Shenoy Belle Ashwini V Rao"
"t-678","copyright","MCR660","Manipal Academy of Higher Education (MAHE)","Regulation of Pyrimidine synthesis","Literary work","AT-14737/2026-CO","2026-01-04","","","cr_filed","Contact: vijetha.shenoy@manipal.edu","Shivananda Baliga Vijetha Shenoy Belle Ashwini V Rao"
"t-679","copyright","MCR661","Manipal Academy of Higher Education (MAHE)","SALVAGE PATHWAY OF PYRIMIDINE SYNTHESIS","Literary work","AT-14739/2026-CO","2026-01-04","","","cr_filed","Contact: vijetha.shenoy@manipal.edu","Shivananda Baliga Vijetha Shenoy Belle Ashwini V Rao"
"t-680","copyright","MCR662","Manipal Academy of Higher Education (MAHE)","Tool for Meta analysis of Proportion","Literary work","SW-15719/2026-CO","2026-07-04","","","cr_filed","Contact: shravya.c@learner.manipal.edu","Shravya C Girish Thunga"
"t-681","copyright","MCR663","Manipal Academy of Higher Education (MAHE)","""Interview guide for development of AI based tool for differential diagnosis of tropical fevers in Indian clinical setting-shravya.c@learner.manipal.edu""","Literary work","LD-15587/2026-CO","2026-06-04","2026-08-25","","cr_registered","Contact: shravya.c@learner.manipal.edu | ROC No: LD-20260194278 | ROC Date: 2026-08-25","Shravya C Girish Thunga Dinesh Acharya U Muralidhar Varma D Vijayanarayana K Vasudha Devi Sohil A Khan Shivashankar K. N Raviraj V. Acharya"
"t-682","copyright","MCR664","Manipal Academy of Higher Education (MAHE)","Knowledge, Attitude, and Practice (KAP) Questionnaire on Antimicrobial Stewardship among Healthcare Professionals in Oncology Settings","Literary work","LD-16035/2026-CO","2026-08-04","","","cr_filed","Contact: deepthi.kmcmpl2022@learner.manipal.edu","AVVARU DEEPTHI MURALIDHAR VARMA KARTHIK S UDUPA K.E. VANDANA CHIRANJAY MUKHOPADHYAY ANANTH PAI MAHADEV RAO BHARTI CHOGTU MAGAZINE MOHAMMED SALIM K T"
"t-683","copyright","MCR665","Manipal Academy of Higher Education (MAHE)","Causes of Errors in Laboratory","Literary work","LD-20026/2026-CO","2026-04-27","2026-02-07","","cr_registered","Contact: ashwini.kmcmpl2023@learner.manipal.edu | ROC No: LD-20260190872 | ROC Date: 2026-02-07","ASHWINI V RAO VIJETHA SHENOY BELLE"
"t-684","copyright","MCR666","Manipal Academy of Higher Education (MAHE)","Possible Errors in an Automated Laboratory Workstation","Literary work","LD-20032/2026-CO","2026-04-27","","","cr_filed","Contact: ashwini.kmcmpl2023@learner.manipal.edu","ASHWINI V RAO VIJETHA SHENOY BELLE"
"t-685","copyright","MCR667","Manipal Academy of Higher Education (MAHE)","Types of Laboratory Errors","Literary work","AT-20905/2026-CO","2026-01-05","","","cr_filed","Contact: ashwini.kmcmpl2023@learner.manipal.edu","ASHWINI V RAO VIJETHA SHENOY BELLE"
"t-686","copyright","MCR668","Manipal Academy of Higher Education (MAHE)","Chromatography - Types, Mechanism and Applications","Literary work","LD-21454/2026-CO","2026-04-05","","","cr_filed","Contact: ashwini.kmcmpl2023@learner.manipal.edu","ASHWINI V RAO VIJETHA SHENOY BELLE"
"t-687","copyright","MCR669","Manipal Academy of Higher Education (MAHE)","Functions of Stationary Phase and Mobile Phase in Chromatography","Literary work","LD-21455/2026-CO","2026-04-05","","","cr_filed","Contact: ashwini.kmcmpl2023@learner.manipal.edu","ASHWINI V RAO VIJETHA SHENOY BELLE"
"t-688","copyright","MCR670","Manipal Academy of Higher Education (MAHE)","High-Performance Liquid Chromatography and Ultra High-Performance Liquid Chromatography Differences","Literary work","LD-22638/2026-CO","2026-05-13","","","cr_filed","Contact: ashwini.kmcmpl2023@learner.manipal.edu","ASHWINI V RAO VIJETHA SHENOY BELLE"
"t-689","copyright","MCR671","Manipal Academy of Higher Education (MAHE)","Normal Phase Liquid Chromatography and Reverse Phase Liquid Chromatography","Literary work","LD-22128/2026-CO","2026-07-05","","","cr_filed","Contact: ashwini.kmcmpl2023@learner.manipal.edu","ASHWINI V RAO VIJETHA SHENOY BELLE"
"t-690","copyright","MCR672","Manipal Academy of Higher Education (MAHE)","Mechanism of a Liquid Chromatography","Literary work","AT-22119/2026-CO","2026-07-05","","","cr_filed","Contact: ashwini.kmcmpl2023@learner.manipal.edu","ASHWINI V RAO VIJETHA SHENOY BELLE"
"t-691","copyright","MCR673","Manipal Academy of Higher Education (MAHE)","Outline of the Basics of Chromatography","Literary work","AT-22126/2026-CO","2026-07-05","","","cr_filed","Contact: ashwini.kmcmpl2023@learner.manipal.edu","ASHWINI V RAO VIJETHA SHENOY BELLE"
"t-692","copyright","MCR674","Manipal Academy of Higher Education (MAHE)","Parts of a Liquid Chromatography System","Literary work","AT-22123/2026-CO","2026-07-05","","","cr_filed","Contact: ashwini.kmcmpl2023@learner.manipal.edu","ASHWINI V RAO VIJETHA SHENOY BELLE"
"t-693","copyright","MCR675","Manipal Academy of Higher Education (MAHE)","Schematic Representation of Stationary Phase and Mobile Phase","Literary work","AT-22938/2026-CO","2026-05-13","","","cr_filed","Contact: ashwini.kmcmpl2023@learner.manipal.edu","ASHWINI V RAO VIJETHA SHENOY BELLE"
"t-694","copyright","MCR676","Manipal Academy of Higher Education (MAHE)","Types of Chromatography","Literary work","AT-23578/2026-CO","2026-05-18","","","cr_filed","Contact: ashwini.kmcmpl2023@learner.manipal.edu","ASHWINI V RAO VIJETHA SHENOY BELLE"
"t-695","copyright","MCR677","Manipal Academy of Higher Education (MAHE)","Association of Cell Cycle Regulation with Inhibitors","Literary work","AT-23583/2026-CO","2026-05-18","","","cr_filed","Contact: ashwini.kmcmpl2023@learner.manipal.edu","ASHWINI V RAO VIJETHA SHENOY BELLE"
"t-696","copyright","MCR678","Manipal Academy of Higher Education (MAHE)","Cell Cycle Regulation at the Metaphase Checkpoint","Literary work","AT-22829/2026-CO","2026-05-18","","","cr_filed","Contact: ashwini.kmcmpl2023@learner.manipal.edu","ASHWINI V RAO VIJETHA SHENOY BELLE"
"t-697","copyright","MCR679","Manipal Academy of Higher Education (MAHE)","Cell cycle Regulation by Rb-E2F Complex","Literary work","AT-23577/2026-CO","2026-05-18","","","cr_filed","Contact: ashwini.kmcmpl2023@learner.manipal.edu","ASHWINI V RAO VIJETHA SHENOY BELLE"
"t-698","copyright","MCR680","Manipal Academy of Higher Education (MAHE)","Cell Cycle, Checkpoints, and Regulation","Literary work","LD-23575/2026-CO","2026-05-18","","","cr_filed","Contact: ashwini.kmcmpl2023@learner.manipal.edu","ASHWINI V RAO VIJETHA SHENOY BELLE"
"t-699","copyright","MCR681","Manipal Academy of Higher Education (MAHE)","DNA Sequencing","Literary work","LD-22834/2026-CO","2026-05-14","","","cr_filed","Contact: ashwini.kmcmpl2023@learner.manipal.edu","ASHWINI V RAO VIJETHA SHENOY BELLE"
"t-700","copyright","MCR682","Manipal Academy of Higher Education (MAHE)","Sanger Sequencing Method","Literary work","AT-23887/2026-CO","2026-05-20","","","cr_filed","Contact: ashwini.kmcmpl2023@learner.manipal.edu","ASHWINI V RAO VIJETHA SHENOY BELLE"
"t-701","copyright","MCR683","Manipal Academy of Higher Education (MAHE)","Cyclins and their associated CDKs","Literary work","LD-23891/2026-CO","2026-05-20","","","cr_filed","Contact: ashwini.kmcmpl2023@learner.manipal.edu","ASHWINI V RAO VIJETHA SHENOY BELLE"
"t-702","copyright","MCR684","Manipal Academy of Higher Education (MAHE)","Types of DNA Sequencing, Advantages and Disadvantages","Literary work","LD-23897/2026-CO","2026-05-20","","","cr_filed","Contact: ashwini.kmcmpl2023@learner.manipal.edu","ASHWINI V RAO VIJETHA SHENOY BELLE"
"t-703","copyright","MCR685","Manipal Academy of Higher Education (MAHE)","Classification of DNA Sequencing Methods","Literary work","LD-24270/2026-CO","2026-05-22","","","cr_filed","Contact: ashwini.kmcmpl2023@learner.manipal.edu","ASHWINI V RAO VIJETHA SHENOY BELLE"
"t-704","copyright","MCR686","Manipal Academy of Higher Education (MAHE)","Untitled Copyright Work","Literary work","","","","","cr_filed","Contact: ashwini.kmcmpl2023@learner.manipal.edu",""
"t-705","copyright","MCR687","Manipal Academy of Higher Education (MAHE)","Milestone Research Studies on Snake Venom Extracellular Vesicles","Literary work","LD-15805/2026-CO","2026-07-04","","","cr_filed","Contact: nagendra.k1@learner.manipal.edu-","Nagendra K Shankar M Bakkannavar Vinutha R Bhat Freston Marc Sirur"
"t-706","copyright","MCR688","Manipal Academy of Higher Education (MAHE)","Develop, Implement, and Evaluate Workplace-based Resistance Training intervention for glycemic control among office workers with Type 2 Diabetes Mellitus - Formative Research Process Phase (Expert Questionnaire)-","Literary work","LD-30159/2026-CO","2026-06-27","2026-07-31","","cr_registered","Contact: eswaran.tpm@manipal.edu | ROC No: LD-20260193085 | ROC Date: 2026-07-31","ESWARAN T.P.M. BASKARAN CHANDRASEKARAN G. ARUN MAIYA CHYTHRA R. RAO"
"t-707","copyright","MCR689","Manipal Academy of Higher Education (MAHE)","Doctoral Research Progress and Governance Assessment Questionnaire","Literary work","LD-30381/2026-CO","2026-06-30","","","cr_filed","Contact: vasudha.devi@manipal.edu","VASUDHA DEVI SHWETHA V BALAKRISHNA S MADDODI"
"t-708","copyright","MCR690","Manipal Academy of Higher Education (MAHE)","An Interprofessional Concept Framework for the Biodegradation of Rubber-Based Dental Impression Materials Using Genetically Engineered Bacterial Systems: Advancing Environmental Sustainability","Literary work","LD-15811/2026-CO","2026-07-04","","","cr_filed","Contact: alice.dental@aiimskalyani.edu.in-","Queen Alice Arul A Arul Jeyakumar Kannan Subbaram Raja Shunmugam Nanditha R Sujir Meena Anand S V Kirthanashri"
"t-709","copyright","MCR691","Manipal Academy of Higher Education (MAHE)","Effect of Spondias pinnata bark extract on the activity of intestinal ß-Arrestin 1 & 2, Toll like receptor-4 and inflammatory markers in Etoposide induced GIT mucositis rat model","Literary work","LD-30323/2026-CO","2026-06-29","","","cr_filed","Contact: aradhana.marathe@manipal.edu","GAYATHRI M RAO ARADHANA MARATHE CHAKRAPANI MAHABALA SHARADA RAI"
"t-710","copyright","MCR692","Manipal Academy of Higher Education (MAHE)","“I-SAVE” Framework: Interprofessional Structured Approach to Vital Emergency Module","Literary work","LD-17015/2026-CO","2026-04-14","","","cr_filed","Contact: tatiyana.mandal@manipal.edu","1. Prafull K 2. Vandana Daulatabad 3. John H.V. Gilbert 4. Tatiyana Mandal 5. Nitin Ashok John"
"t-711","copyright","MCR693","Manipal Academy of Higher Education (MAHE)","Inside the infection: How HvKp siderophores block HIF-1a degradation and drive bacterial spread","Literary work","LD-15315/2026-CO","2026-04-04","","","cr_filed","Contact: nagendra1.kmcmpl2022@learner.manipal.edu-","DANAVATH NAGENDRA BABU SOUVIK CHAUDHURI VANDANA K.E VINUTHA R BHAT SHWETHAPRIYA R MURALIDHAR VARMA"
"t-712","copyright","MCR694","Manipal Academy of Higher Education (MAHE)","-Differential clinical presentation: cKp vs. HvKp","Literary work","LD-15325/2026-CO","2026-04-04","","","cr_filed","Contact: nagendra1.kmcmpl2022@learner.manipal.edu\","Danavath Nagendra Babu Souvik Chaudhuri Vandana K.E Asha K Rajan Vishal Shanbhag Muralidhar Varma Ancita Lobo Neeraja R"
"t-713","copyright","MCR695","Manipal Academy of Higher Education (MAHE)","The critical role of Point of care ultrasound (POCUS) in Hypervirulent Klebsiella pneumoniae (HvKp) infections","Literary work","LD-15312/2026-CO","2026-04-04","2026-10-07","","cr_registered","Contact: nagendra1.kmcmpl2022@learner.manipal.edu- | ROC No: LD-15312/2026-CO | ROC Date: 2026-10-07","Danavath Nagendra Babu Souvik Chaudhuri Priya PS Vandana K.E"
"t-714","copyright","MCR696","Manipal Academy of Higher Education (MAHE)","Invasive Disease Cascade in HvKp Infection","Literary work","LD-15310/2026-CO","2026-04-04","2026-08-25","","cr_registered","Contact: nagendra1.kmcmpl2022@learner.manipal.edu- | ROC No: LD-20260194281 | ROC Date: 2026-08-25","Danavath Nagendra Babu Souvik Chaudhuri Asha K Rajan Vandana K.E Neeraja R Ancita Lobo Muralidhar Varma Priya PS"
"t-715","copyright","MCR697","Manipal Academy of Higher Education (MAHE)","Integrated Yoga Module for Anxiety in Adolescents","Literary work","LD-16008/2026-CO","2026-08-04","","","cr_filed","Contact: lavya.shetty@manipal.edu","LAVYA SHETTY SRIDEVI SAVITHA S KRISHNANANDA NAYAK"
"t-716","copyright","MCR698","Manipal Academy of Higher Education (MAHE)","INTRUSION, AVOIDANCE & HYPERAROUSAL QUESTIONNAIRE","Literary work","LD-23563/2026-CO","2026-05-18","2026-07-22","","cr_registered","Contact: chandraraju.kmcmpl2024@learner.manipal.edu | ROC No: LD-20260192457 | ROC Date: 2026-07-22","CHANDRARAJU LALITHA ANUHYA ASHWINI KUMAR APARNA JAYAKALA ARJUN M S SHWETHA T S"
"t-717","copyright","MCR699","Manipal Academy of Higher Education (MAHE)","Interview guide for identifying Upcyclable agricultural by-products.","Literary work","LD-25251/2026-CO","2026-05-29","","","cr_filed","Contact: rohit.bhagawath@manipal.edu","PRAVEEN KUMAR ROHITH BHAGAWATH BHAGYAJYOTHI C. K. MURALIDHAR KULAKARNI HARINI SANTHANAM PARTHESH R. SHANBHAG ELIZABETH YORKE"
"t-718","copyright","MCR700","Manipal Academy of Higher Education (MAHE)","Interview Guide for Identifying Upcyclable Agricultural By products (Kannada Version)","Literary work","LD-19258/2026-CO","2026-04-24","","","cr_filed","Contact: rohit.bhagawath@manipal.edu","Praveen Kumar Rohith Bhagawath Bhagyajyothi C. K Muralidhar Kulakarni Harini Santhanam Parthesh R. Shanbhag Elizabeth Yorke"
"t-719","copyright","MCR701","Manipal Academy of Higher Education (MAHE)","Untitled Copyright Work","Literary work","","","","","cr_filed","Contact: shreya9.mchpmpl2024@learner.manipal.edu",""
"t-720","copyright","MCR702","Manipal Academy of Higher Education (MAHE)","""A comprehensive framework bridging applications, literature, method and research gap of D.R.O.P - Droplet reconstruction and origin predictor","Literary work","LD-15812/2026-CO","2026-07-04","","","cr_filed","Contact: -vikram.palimar@manipal.edu","Nischitha C S Vikram Palimar Aparna Jayakala Arjun M S Deepika Chenna Satyanarayana"
"t-721","copyright","MCR703","Manipal Academy of Higher Education (MAHE)","Untitled Copyright Work","Literary work","","","","","cr_filed","Contact: shreya9.mchpmpl2024@learner.manipal.edu",""
"t-722","copyright","MCR704","Manipal Academy of Higher Education (MAHE)","Perfecting human existence by perfection of body and mind","Literary work","LD-15307/2026-CO","2026-04-04","","","cr_filed","Contact: chanda.kmcmpl2024@learner.manipal.edu-","CHANDA JHA"
"t-723","copyright","MCR705","Manipal Academy of Higher Education (MAHE)","Clinical Classification Framework for the Assessment of Endocrowns","Literary work","LD-15810/2026-CO","2026-07-04","","","cr_filed","Contact: shreya.hegde@manipal.edu-","Shreya Hegde Yasaswi Ponukupati"
"t-724","copyright","MCR706","Manipal Academy of Higher Education (MAHE)","Hadihareyadavaralli atanka nirvahanegagi samagra yoga chikithsa madari","Literary work","LD-24004/2026-CO","2026-05-21","","","cr_filed","Contact: sridevi.santhosh@manipal.edu","SRIDEVI LAVYA SHETTY SAVITHA S KRISHNANANDA NAYAK"
"t-725","copyright","MCR707","Manipal Academy of Higher Education (MAHE)","Untitled Copyright Work","Literary work","","","","","cr_filed","Contact: ngangom.kmcmpl2023@learner.manipal.edu",""
"t-726","copyright","MCR708","Manipal Academy of Higher Education (MAHE)","visual image created as part of our research work on the safety of anti-thrombotic drugs","Literary work","AT-16416/2026-CO","2026-10-04","","","cr_filed","Contact: sadhana.holla@manipal.edu-","SADHANA N HOLLA RAMYA KATEEL VAISHNAVI YANAMANDRA"
"t-727","copyright","MCR709","Manipal Academy of Higher Education (MAHE)","Why do wars and conflicts happen?","Literary work","LD-16199/2026-CO","2026-10-04","","","cr_filed","Contact: chanda.kmcmpl2024@learner.manipal.edu","CHANDA JHA"
"t-728","copyright","MCR710","Manipal Academy of Higher Education (MAHE)","Beyond Surgery: The New Path to Endometriosis Diagnosis","Literary work","AT-23130/2026-CO","2026-05-15","","","cr_filed","Contact: vidyashree.g@manipal.edu","SOWJANYA S B VIDYASHREE G POOJARI ANJALI SUNEEL MUNDKUR PRASHANTH ADIGA"
"t-729","copyright","MCR711","Manipal Academy of Higher Education (MAHE)","Adolescent endometriosis: Endometriosis can start early—don’t ignore the pain","Literary work","AT-23895/2026-CO","2026-05-20","2026-08-25","","cr_registered","Contact: vidyashree.g@manipal.edu | ROC No: AT-20260166820 | ROC Date: 2026-08-25","SOWJANYA S B VIDYASHREE G POOJARI ANJALI SUNEEL MUNDKUR PRASHANTH ADIGA"
"t-730","copyright","MCR712","Manipal Academy of Higher Education (MAHE)","IVF doesn’t trigger endometriosis—IVF treatment in endometriosis is safe","Literary work","AT-22936/2026-CO","2026-05-14","","","cr_filed","Contact: vidyashree.g@manipal.edu","SOWJANYA S B VIDYASHREE G POOJARI ANJALI SUNEEL MUNDKUR PRASHANTH ADIGA"
"t-731","copyright","MCR713","Manipal Academy of Higher Education (MAHE)","Endometriosis and cancer risk- stay reassured","Literary work","AT-22830/2026-CO","2026-05-14","","","cr_filed","Contact: vidyashree.g@manipal.edu","SOWJANYA S B VIDYASHREE G POOJARI ANJALI SUNEEL MUNDKUR PRASHANTH ADIGA"
"t-732","copyright","MCR714","Manipal Academy of Higher Education (MAHE)","Hysterectomy is not the final answer for endometriosis","Literary work","AT-22833/2026-CO","2026-05-14","2026-08-25","","cr_registered","Contact: vidyashree.g@manipal.edu | ROC No: AT-20260166811 | ROC Date: 2026-08-25","SOWJANYA S B VIDYASHREE G POOJARI ANJALI SUNEEL MUNDKUR PRASHANTH ADIGA"
"t-733","copyright","MCR715","Manipal Academy of Higher Education (MAHE)","Blood tests cannot diagnose endometriosis: Know the truth","Literary work","AT-26048/2026-CO","2026-03-06","","","cr_filed","Contact: vidyashree.g@manipal.edu","SOWJANYA S B VIDYASHREE G POOJARI ANJALI SUNEEL MUNDKUR PRASHANTH ADIGA"
"t-734","copyright","MCR716","Manipal Academy of Higher Education (MAHE)","Endometriosis doesn’t always end with menopause","Literary work","AT-25014/2026-CO","2026-05-27","2026-08-25","","cr_registered","Contact: vidyashree.g@manipal.edu | ROC No: AT-20260166871 | ROC Date: 2026-08-25","SOWJANYA S B VIDYASHREE G POOJARI ANJALI SUNEEL MUNDKUR PRASHANTH ADIGA"
"t-735","copyright","MCR717","Manipal Academy of Higher Education (MAHE)","Endometriosis: Stage does not equal the pain severity","Literary work","AT-25647/2026-CO","2026-01-06","","","cr_filed","Contact: vidyashree.g@manipal.edu","SOWJANYA S B VIDYASHREE G POOJARI ANJALI SUNEEL MUNDKUR PRASHANTH ADIGA"
"t-736","copyright","MCR718","Manipal Academy of Higher Education (MAHE)","Endometriosis treatment: Pregnancy does not cure endometriosis","Literary work","AT-25649/2026-CO","2026-01-06","","","cr_filed","Contact: vidyashree.g@manipal.edu","SOWJANYA S B VIDYASHREE G POOJARI ANJALI SUNEEL MUNDKUR PRASHANTH ADIGA"
"t-737","copyright","MCR719","Manipal Academy of Higher Education (MAHE)","Endometriosis- Limitations of prevention strategies","Literary work","AT-26054/2026-CO","2026-03-06","","","cr_filed","Contact: vidyashree.g@manipal.edu","SOWJANYA S B VIDYASHREE G POOJARI ANJALI SUNEEL MUNDKUR PRASHANTH ADIGA"
"t-738","copyright","MCR720","Manipal Academy of Higher Education (MAHE)","Who should not be forgiven?","Literary work","AT-16006/2026-CO","2026-08-04","","","cr_filed","Contact: chanda.kmcmpl2024@learner.manipal.edu","CHANDA JHA"
"t-739","copyright","MCR721","Manipal Academy of Higher Education (MAHE)","Symptoms of Kaliyuga","Literary work","LD-16582/2026-CO","2026-11-04","","","cr_filed","Contact: - chanda.kmcmpl2024@learner.manipal.edu","CHANDA JHA"
"t-740","copyright","MCR722","Manipal Academy of Higher Education (MAHE)","Six defects of the age we live in","Literary work","LD-16836/2026-CO","2026-04-13","","","cr_filed","Contact: chanda.kmcmpl2024@learner.manipal.edu","CHANDA JHA"
"t-741","copyright","MCR723","Manipal Academy of Higher Education (MAHE)","Interprofessional Strategies for Carbon Footprint Reduction in Oral Healthcare Systems","Literary work","LD-23557/2026-CO","2026-05-18","","","cr_filed","Contact: alice.dental@aiimskalyani.edu.- Interprofessional Strategies for Carbon Footprint Reduction in Oral Healthcare Systems","QUEEN ALICE ARUL A. ARUL JEYAKUMAR RAJA SHUNMUGAM NANDITHA R SUJIR MEENA ANAND"
"t-742","copyright","MCR724","Manipal Academy of Higher Education (MAHE)","Looped Retromandibular Vein associated with Bilateral Absence of the External Jugular Vein","Literary work","AT-17173/2026-CO","2026-04-15","","","cr_filed","Contact: rahul.shetty@manipal.edu","Rahul V Shetty Rajanigandha Vadgaonkar"
"t-743","copyright","MCR725","Manipal Academy of Higher Education (MAHE)","AdaptCal: An Adaptive Nutrition Intelligence System","Literary work","SW-20382/2026-CO","2026-04-28","","","cr_filed","Contact: manoj.r@manipal.edu","PRASHANT KUMAR RANI OOMMAN PANICKER MANOJ R"
"t-744","copyright","MCR726","Manipal Academy of Higher Education (MAHE)","MUNCHsmart","Literary work","SW-17351/2026-CO","2026-04-16","","","cr_filed","Contact: singamsetti.mcodsmlr2024@learner.manipal.edu",". Singamsetti Sanjay 2. Ramya Shenoy 3. Praveen Udupa"
"t-745","copyright","MCR727","Manipal Academy of Higher Education (MAHE)","The Seven Feminine Qualities","Literary work","LD-16999/2026-CO","2026-04-17","","","cr_filed","Contact: chanda.kmcmpl2024@learner.manipal.edu","CHANDA JHA"
"t-746","copyright","MCR728","Manipal Academy of Higher Education (MAHE)","The 8 subjects every school should teach","Literary work","LD-17001/2026-CO","2026-04-17","2026-07-22","","cr_registered","Contact: chanda.kmcmpl2024@learner.manipal.edu | ROC No: LD-20260192632 | ROC Date: 2026-07-22","CHANDA JHA"
"t-747","copyright","MCR729","Manipal Academy of Higher Education (MAHE)","Untitled Copyright Work","Literary work","","","","","cr_filed","Contact: naga.mchpmpl2023@learner.manipal.edu",""
"t-748","copyright","MCR730","Manipal Academy of Higher Education (MAHE)","Untitled Copyright Work","Literary work","","","","","cr_filed","Contact: naga.mchpmpl2023@learner.manipal.edu",""
"t-749","copyright","MCR731","Manipal Academy of Higher Education (MAHE)","Qualitative Semi-Structured Interview Guide for Individuals with Interstitial Lung Disease Receiving Telerehabilitation","Literary work","LD-18749/2026-CO","2026-04-23","","","cr_filed","Contact: naga.mchpmpl2023@learner.manipal.edu","K S Naga Padmaja Dr Vaishali Dr Aswini Kumar Mohapatra Vishak Acharya K Shivashankara Kaniyoor Nagri Dr Manu Mohan K Suresh Sukumar Revati Ravi Amin"
"t-750","copyright","MCR732","Manipal Academy of Higher Education (MAHE)","Telerehabilitation padeyuttiruva Interstitial shwasakosha kaayile iruva vyaktigalige gunaatmaka are-rachanatmaka sandarshana maargadarshi","Literary work","LD-18674/2026-CO","2026-04-23","","","cr_filed","Contact: naga.mchpmpl2023@learner.manipal.edu","K S Naga Padmaja Dr Vaishali Dr Aswini Kumar Mohapatra Vishak Acharya K Shivashankara Kaniyoor Nagri Dr Manu Mohan K Suresh Sukumar Revati Ravi Amin Shishira K B"
"t-751","copyright","MCR733","Manipal Academy of Higher Education (MAHE)","Transesophageal Echo (TEE) Reporting Format","Literary work","LD-31094/2026-CO","2026-03-07","","","cr_filed","Contact: shubha.mchp@manipal.edu","Shubha Monika P Jawanjal Tom Devasia Umesh Pai Krishnananda Nayak Sridevi"
"t-752","copyright","MCR734","Manipal Academy of Higher Education (MAHE)","Untitled Copyright Work","Literary work","","","","","cr_filed","Contact: vasavi.kumblekar@manipal.edu",""
"t-753","copyright","MCR735","Manipal Academy of Higher Education (MAHE)","Questionnaire to assess the awareness regarding ultrafiltration and related complications in individuals undergoing maintenance hemodialysis","Literary work","LD-19295/2026-CO","2026-03-24","","","cr_filed","Contact: megha.nayak@manipal.edu","Megha Nagaraj Nayak Dola Saha Akhilesh Hipparagi Ravindra Prabhu Attur Srinivas Vinayak Shenoy Vennila J"
"t-754","copyright","MCR736","Manipal Academy of Higher Education (MAHE)","Adolescent Comprehensive Tinnitus Assessment Inventory (ACTAI)","Literary work","LD-31099/2026-CO","2026-03-07","","","cr_filed","Contact: merin.benny@learner.manipal.edu","Merin Benny Archana Gundmi Hari Prakash P"
"t-755","copyright","MCR737","Manipal Academy of Higher Education (MAHE)","Attachment to the senses and the five animals","Literary work","LD-17505/2026-CO","2026-04-17","2026-07-31","","cr_registered","Contact: chanda.kmcmpl2024@learner.manipal.edu | ROC No: LD-20260193156 | ROC Date: 2026-07-31","Chanda Jha"
"t-756","copyright","mcr738","Manipal Academy of Higher Education (MAHE)","Five things to ask before correcting others”","Literary work","AT-17500/2026-CO","2026-04-17","2026-07-31","","cr_registered","Contact: chanda.kmcmpl2024@learner.manipal.edu- | ROC No: AT-20260166577 | ROC Date: 2026-07-31","Chanda Jha"
"t-757","copyright","MCR739","Manipal Academy of Higher Education (MAHE)","“Implementation Framework for Promoting Cervical Cancer Screening Among Caregivers of Cancer Patients”","Literary work","AT-29855/2026-CO","2026-06-25","","","cr_filed","Contact: anusree1.psphmpl2023@learner.manipal.edu","Anusree Prabhakaran P. Arathi Rao Shirley Lewis Salins"
"t-758","copyright","MCR740","Manipal Academy of Higher Education (MAHE)","Questionnaire on the Perception of Augmented Reality and Virtual Reality in Anaesthesia and Operation Theatre Technology Education","Literary work","LD-23892/2026-CO","2026-05-20","","","cr_filed","Contact: kajal.shetty@manipal.edu","KAJAL R SHETTY AVANCHA CHINMAYEE SAI SATHYA BORRA HEMA"
"t-759","copyright","MCR741","Manipal Academy of Higher Education (MAHE)","Strategies to Improve Ocular Delivery","Literary work","AT-23086/2026-CO","2026-05-15","2026-07-22","","cr_registered","Contact: meghana.kmcmpl2022@learner.manipal.edu | ROC No: AT-20260166376 | ROC Date: 2026-07-22","MEGHANA PRABHU SULATHA VENKATARAYA BHANDARY BHARATH RAJA GURU"
"t-760","copyright","MCR742","Manipal Academy of Higher Education (MAHE)","Cognitive Digital Guardians: An Agentic AI-Based Autonomous Security System for Cyber Defense","Literary work","LD-35733/2026-CO","2026-07-30","","","cr_filed","Contact: madhura.k@manipal.edu","Madhura K Shweta S Aladakatti"
"t-761","copyright","MCR743","Manipal Academy of Higher Education (MAHE)","Evaluating the Gender and Neuropsychological Profile of a Person by Graphological Analysis in combination with questionnaire & interview: A Preliminary Approach to Resist Forensic Exploitation","Literary work","LD-18287/2026-CO","2026-04-22","","","cr_filed","Contact: kumar.ashwini@manipal.edu","Saptarshi Mandal Ashwini Kumar Arjun M S"
"t-762","copyright","MCR744","Manipal Academy of Higher Education (MAHE)","WHAT REALLY HAPPENED: CRIME SCENE SCENARIO","Literary work","CF-22636/2026-CO","2026-05-13","","","cr_filed","Contact: praveena.kmcmpl2023@learner.manipal.edu","ATHUL VIVEK PRAVEENA PRABHAKARAN ANITTA JOSEPH CHANDRARAJU LALITHA ANUHYA SHANKAR M BAKKANNAVAR NAGENDRA K LAKSHMISHA B K MOHD JAHID RIYAZ AHMAD KHAN J TARUN RAHUL P NAYAK"
"t-763","copyright","MCR745","Manipal Academy of Higher Education (MAHE)","Digital Patriarchy Awareness Scale","Literary work","LD-24108/2026-CO","2026-05-21","","","cr_filed","Contact: navyashree.gc@manipal.edu","Navyashree GC Akanksha Mohapatra Vaishalee Saravanan"
"t-764","copyright","MCR746","Manipal Academy of Higher Education (MAHE)","Untitled Copyright Work","Literary work","","","","","cr_filed","Contact: chanda.kmcmpl2024@learner.manipal.edu",""
"t-765","copyright","MCR747","Manipal Academy of Higher Education (MAHE)","Untitled Copyright Work","Literary work","","","","","cr_filed","Contact: chanda.kmcmpl2024@learner.manipal.edu",""
"t-766","copyright","MCR748","Manipal Academy of Higher Education (MAHE)","Role of Thromboelastography: The Implantation Bridge and Maintenance Defect Hypothesis","Literary work","AT-31834/2026-CO","2026-08-07","","","cr_filed","Contact: vidyashree.g@manipal.edu","Swati Dhar Vidyashree G Poojari Anjali Suneel Mundkur Prashanth Adiga"
"t-767","copyright","MCR749","Manipal Academy of Higher Education (MAHE)","Unveiling Marine Forensics: A Multidisciplinary Approach to Protecting Aquatic Ecosystems","Literary work","LD-21653/2026-CO","2026-05-05","","","cr_filed","Contact: saptarshi.kmcmpl2023@learner.manipal.edu-","SAPTARSHI MANDAL BINDUSHREE ARJUN M S ANITTA JOSEPH"
"t-768","copyright","MCR750","Manipal Academy of Higher Education (MAHE)","Institutional Support System for Interprofessional Collaboration","Literary work","CF-29507/2026-CO","2026-06-23","","","cr_filed","Contact: alice.dental@aiimskalyani.edu.in","QUEEN ALICE ARUL THIRU SELVAKUMAR SUNEETHA KALASURAMATH ABHISHEK CHATURVEDI ABDUL AJEES ABDUL SALAM"
"t-769","copyright","MCR751","Manipal Academy of Higher Education (MAHE)","Strategic Implementation Framework for an Institutional Support System for Interprofessional Collaboration","Literary work","LD-23585/2026-CO","2026-05-18","","","cr_filed","Contact: alice.dental@aiimskalyani.edu.in","QUEEN ALICE ARUL THIRU SELVAKUMAR SUNEETHA KALASURAMATH ABHISHEK CHATURVEDI ABDUL AJEES ABDUL SALAM"
"t-770","copyright","MCR752","Manipal Academy of Higher Education (MAHE)","Strategies to promote balancing digital and offline activities","Literary work","LD-43766/2026-CO","2026-09-16","","","cr_filed","Contact: priya2.mchpmpl2024@learner.manipal.edu-Exploring the Experience of Using Self-Monitoring Strategies to Reduce Screen Time among Students of Allied and Healthcare Professions in Karnatak","PRIYA GUPTA DEENA DIMPLE DSOUZA VINITA A. ACHARYA"
"t-771","copyright","MCR753","Manipal Academy of Higher Education (MAHE)","Untitled Copyright Work","Literary work","","","","","cr_filed","Contact: alinda.mchpmpl2024@learner.manipal.edu",""
"t-772","copyright","MCR754","Manipal Academy of Higher Education (MAHE)","Nomogram-Based Prediction of Lymph Node Metastasis: A Clinical Decision Tool","Literary work","LD-22634/2026-CO","2026-05-13","","","cr_filed","Contact: vasantha.kmcmpl2024@learner.manipal.edu","VASANTHA MN DEVARAJA K SATYANARAYANA MEENA KUMARI K"
"t-773","copyright","MCR755","Manipal Academy of Higher Education (MAHE)","The 12 mellows that direct our activities","Literary work","AT-24258/2026-CO","2026-05-22","","","cr_filed","Contact: chanda.kmcmpl2024@learner.manipal.edu- The 12 mellows that direct our activities”","Chanda Jha"
"t-774","copyright","MCR756","Manipal Academy of Higher Education (MAHE)","Six pillars of successful life","Literary work","AT-24268/2026-CO","2026-05-22","2026-08-25","","cr_registered","Contact: chanda.kmcmpl2024@learner.manipal.edu | ROC No: AT-20260166847 | ROC Date: 2026-08-25","Chanda Jha"
"t-775","copyright","MCR757","Manipal Academy of Higher Education (MAHE)","Untitled Copyright Work","Literary work","","","","","cr_filed","Contact: precilla.mconmpl2022@learner.manipal.edu",""
"t-776","copyright","MCR758","Manipal Academy of Higher Education (MAHE)","Tuberculosis-Related Awareness, Communication,Engagement, and Social Media Exposure Scale (TRACESME)","Literary work","LD-21453/2026-CO","2026-04-05","","","cr_filed","Contact: rishit.kmcmlr2022@learner.manipal.edu","RISHIT ANAND ARCHITH BOLOOR"
"t-777","copyright","MCR759","Manipal Academy of Higher Education (MAHE)","Interview Guide for Identifying Upcyclable Fisheries By products","Literary work","LD-25467/2026-CO","2026-05-29","","","cr_filed","Contact: rohit.bhagawath@manipal.edu","Praveen Kumar Rohith Bhagawath Bhagyajyothi C. K. Muralidhar Kulakarni Harini Santhanam Parthesh R. Shanbhag Elizabeth Yorke"
"t-778","copyright","MCR760","Manipal Academy of Higher Education (MAHE)","Interview Guide for Identifying Upcyclable Fisheries By products (Kannada Version)","Literary work","LD-25469/2026-CO","2026-05-29","","","cr_filed","Contact: rohit.bhagawath@manipal.edu","Praveen Kumar Rohith Bhagawath Bhagyajyothi C. K. Muralidhar Kulakarni Harini Santhanam Parthesh R. Shanbhag Elizabeth Yorke"
"t-779","copyright","MCR761","Manipal Academy of Higher Education (MAHE)","Formulation of an Upcycled Banana Peduncle Soup Mix","Literary work","LD-31974/2026-CO","2026-09-07","","","cr_filed","Contact: rohit.bhagawath@manipal.edu","Praveen Kumar Bhagyajyothi C. Kotibagar Rohith Bhagawath Kshama Vishwakarma Dayananda Prabhu Muralidhar Kulakarni Harini Santhanam Parthesh R. Shanbhag Elizabeth Yorke K. Thirugnanasambantham"
"t-780","copyright","MCR762","Manipal Academy of Higher Education (MAHE)","Untitled Copyright Work","Literary work","","","","","cr_filed","Contact: anjali.suneel@manipal.edu",""
"t-781","copyright","MCR763","Manipal Academy of Higher Education (MAHE)","Untitled Copyright Work","Literary work","","","","","cr_filed","Contact: kshama.v@manipal.edu",""
"t-782","copyright","MCR764","Manipal Academy of Higher Education (MAHE)","Silent Witnesses: How Thanatomicrobiome Helps Estimate Postmortem Interval","Literary work","LD-23089/2026-CO","2026-05-15","2026-08-25","","cr_registered","Contact: saptarshi.kmcmpl2023@learner.manipal.edu | ROC No: LD-20260194088 | ROC Date: 2026-08-25","WILMA MANISHA PICARDO SAPTARSHI MANDAL ANITTA JOSEPH"
"t-783","copyright","MCR765","Manipal Academy of Higher Education (MAHE)","Knowledge, Attitude and Practice Questionnaire on Materiovigilance (Nu-KAP-MVPI-Q) among Healthcare Professionals.","Literary work","LD-23624/2026-CO","2026-05-18","","","cr_filed","Contact: ashutosh.mcopsmpl2024@learner.manipal.edu","ASHUTOSH VISHWAS BHOSALE RAJESH RADHAKRISHNAN SHIVAPRAKASH GANGACHANNAIAH GIRISH THUNGA MOHAMMED SALIM KARRATTUTHODI"
"t-784","copyright","MCR766","Manipal Academy of Higher Education (MAHE)","Classification of Antifungal Agents","Literary work","AT-23091/2026-CO","2026-05-15","","","cr_filed","Contact: meghana.kmcmpl2022@learner.manipal.edu","MEGHANA PRABHU SULATHA VENKATARAYA BHANDARY BHARATH RAJA GURU"
"t-785","copyright","MCR767","Manipal Academy of Higher Education (MAHE)","Ocular Drug Delivery: Barriers, Consequences, and Novel Drug Delivery Systems","Literary work","AT-23097/2026-CO","2026-05-15","","","cr_filed","Contact: meghana.kmcmpl2022@learner.manipal.edu","MEGHANA PRABHU SULATHA VENKATARAYA BHANDARY BHARATH RAJA GURU"
"t-786","copyright","MCR768","Manipal Academy of Higher Education (MAHE)","Properties of PLGA (Poly Lactic-co-Glycolic Acid)","Literary work","AT-23901/2026-CO","2026-05-20","2026-07-22","","cr_registered","Contact: meghana.kmcmpl2022@learner.manipal.edu- | ROC No: AT-20260166342 | ROC Date: 2026-07-22","MEGHANA PRABHU SULATHA VENKATARAYA BHANDARY BHARATH RAJA GURU"
"t-787","copyright","MCR769","Manipal Academy of Higher Education (MAHE)","Why Eye Drops Fail The Drug Loss Funnel","Literary work","AT-23902/2026-CO","2026-05-20","2026-07-22","","cr_registered","Contact: meghana.kmcmpl2022@learner.manipal.edu- | ROC No: AT-20260166340 | ROC Date: 2026-07-22","MEGHANA PRABHU SULATHA VENKATARAYA BHANDARY BHARATH RAJA GURU"
"t-788","copyright","MCR770","Manipal Academy of Higher Education (MAHE)","A Semi-Structured Interview Guide for Assessment of Awareness, Perceptions, and Factors Influencing Materiovigilance Reporting among Healthcare Professionals","Literary work","LD-23604/2026-CO","2026-05-18","","","cr_filed","Contact: ashutosh.mcopsmpl2024@learner.manipal.edu","SHUTOSH VISHWAS BHOSALE RAJESH RADHAKRISHNAN SHIVAPRAKASH GANGACHANNAIAH GIRISH THUNGA MOHAMMED SALIM KARRATTUTHODI"
"t-789","copyright","MCR771","Manipal Academy of Higher Education (MAHE)","ACTAI Professional Administration & Scoring Manual","Literary work","LD-26531/2026-CO","2026-05-06","","","cr_filed","Contact: merin.benny@learner.manipal.edu","Merin Benny Archana Gundmi Hari Prakash P"
"t-790","copyright","MCR772","Manipal Academy of Higher Education (MAHE)","Music Video Aid to Teach Tooth-Brushing Skills in Left Handed Children with Autism Spectrum Disorder","Literary work","CF-24604/2026-CO","2026-05-25","2026-08-25","","cr_registered","Contact: elisheba.mchpmpl2024@learner.manipal.edu | ROC No: CF-202606277 | ROC Date: 2026-08-25","ELISHEBA NONGBRI KAVYA KUDVA ASISH DAS SHALINI QUADROS SHWETHA T S"
"t-791","copyright","MCR773","Manipal Academy of Higher Education (MAHE)","Contingency Plan for Safe Handling and Experimental Use of Snake Venom","Literary work","LD-24252/2026-CO","2026-05-22","","","cr_filed","Contact: akshatha.pai@manipal.edu","Chaithanya Shetty Vijitha V Rajan Akshatha Ganesh Nayak"
"t-792","copyright","MCR774","Manipal Academy of Higher Education (MAHE)","Non-Alcoholic Fatty Liver Disease – Know Your Liver Health","Literary work","LD-25012/2026-CO","2026-05-27","","","cr_filed","Contact: rachel.mconmpl2025@learner.manipal.edu","RACHEL R DAISY JOSPHINE LOBO SHALINI GANESH NAYAK"
"t-793","copyright","MCR775","Manipal Academy of Higher Education (MAHE)","MSc. Respiratory Therapy Competency Manual - Adult Respiratory Care","Literary work","LD-28789/2026-CO","2026-06-19","2026-08-27","","cr_registered","Contact: rt.mchp@manipal.edu | ROC No: LD-20260194494 | ROC Date: 2026-08-27","Meghana J Sanil Pratibha Todur Madhura Anjan Padmashali Prasali Sadashiva Kulal Binoy K Kuriakose"
"t-794","copyright","MCR776","Manipal Academy of Higher Education (MAHE)","MSc. Respiratory Therapy Competency Manual – Neonatal and Pediatric Respiratory Care","Literary work","LD-29678/2026-CO","2026-06-24","2026-08-27","","cr_registered","Contact: rt.mchp@manipal.edu | ROC No: LD-20260194483 | ROC Date: 2026-08-27","MEGHANA J SANIL PRATIBHA TODUR MADHURA ANJAN PADMASHALI PRASALI SADASHIV KULAL BINOY K KURIAKOSE"
"t-795","copyright","mcr777","Manipal Academy of Higher Education (MAHE)","Hospital Acquired Infection – A Crossword","Literary work","LD-24255/2026-CO","2026-05-22","","","cr_filed","Contact: kajal.shetty@manipal.edu","Kajal R Shetty Borra Hema Avancha Chinmayee Sai Sathya"
"t-796","copyright","MCR778","Manipal Academy of Higher Education (MAHE)","Untitled Copyright Work","Literary work","","","","","cr_filed","Contact: siddhanth.kmcmpl2023@learner.manipal.edu",""
"t-797","copyright","MCR779","Manipal Academy of Higher Education (MAHE)","Acute Respiratory Distress Syndrome - A Crossword","Literary work","LD-23894/2026-CO","2026-05-20","","","cr_filed","Contact: kajal.shetty@manipal.edu-","KAJAL R SHETTY BORRA HEMA AVANCHA CHINMAYEE SAI SATHYA"
"t-798","copyright","MCR780","Manipal Academy of Higher Education (MAHE)","Untitled Copyright Work","Literary work","","","","","cr_filed","Contact: nayanatara.arun@manipal.edu",""
"t-799","copyright","MCR781","Manipal Academy of Higher Education (MAHE)","A Participant Manual for antenatal mothers on anaemia and its prevention under WHO guidelines","Literary work","LD-29705/2026-CO","2026-06-24","","","cr_filed","Contact: moirangthem.thoibi@gmail.com - ""","Moirangthem Thoibi Devi Shashidhara Y N Muralidhar V Pai"
"t-800","copyright","MCR782","Manipal Academy of Higher Education (MAHE)","Training of Maternal and Child Health Centre Staff for introduction of Multi Model Approach for Antenatal mothers with anaemia during pregnancy""","Literary work","LD-29857/2026-CO","2026-06-25","","","cr_filed","Contact: moirangthem.thoibi@gmail.com-","Moirangthem Thoibi Devi Shashidhara Y N Muralidhar V Pai"
"t-801","copyright","MCR783","Manipal Academy of Higher Education (MAHE)","Tool to assess the Haemoglobin and compliance of Iron and folic acid tablets”","Literary work","LD-30373/2026-CO","2026-06-29","","","cr_filed","Contact: moirangthem.thoibi@gmail.com-","MOIRANGTHEM THOIBI DEVI SHASHIDHARA Y N MURALIDHAR V PAI"
"t-802","copyright","MCR784","Manipal Academy of Higher Education (MAHE)","Knowledge and Perception Regarding Robotic Surgery Among Patients Attending Surgical Outpatient Departments in a Tertiary Care Hospital","Literary work","LD-28267/2026-CO","2026-06-16","","","cr_filed","Contact: megha.gokul@manipal.edu","Anmol Vats Dion Clarence Pinto Megha Gokul"
"t-803","copyright","MCR785","Manipal Academy of Higher Education (MAHE)","Music Video Aid to Teach Tooth-Brushing Skills in Right Handed Children with Autism Spectrum Disorder","Literary work","CF-24578/2026-CO","2026-05-25","2026-08-25","","cr_registered","Contact: elisheba.mchpmpl2024@learner.manipal.edu | ROC No: CF-202606278 | ROC Date: 2026-08-25","ELISHEBA NONGBRI KAVYA KUDVA ASISH DAS SHALINI QUADROS SHWETHA T S"
"t-804","copyright","MCR786","Manipal Academy of Higher Education (MAHE)","Factors influencing Anaemia with the 5 point Likert scale","Literary work","","","","","cr_filed","Contact: moirangthem.thoibi@gmail.com-",""
"t-805","copyright","MCR787","Manipal Academy of Higher Education (MAHE)","Structured Knowledge Questionnaire on Anaemia for antenatal mothers.","Literary work","","","","","cr_filed","Contact: moirangthem.thoibi@gmail.com-",""
"t-806","copyright","MCR788","Manipal Academy of Higher Education (MAHE)","Tool 4. Maternal and Neonatal outcome format for Recording","Literary work","","","","","cr_filed","Contact: moirangthem.thoibi@gmail.com-",""
"t-807","copyright","MCR789","Manipal Academy of Higher Education (MAHE)","A Prognostic Nomogram for Predicting Serious Adverse Events in Breast Cancer Patients Receiving Doxorubicin Based Chemotherapy","Literary work","LD-25644/2026-CO","2026-01-06","2026-07-22","","cr_registered","Contact: ashutosh.mcopsmpl2024@learner.manipal.edu | ROC No: LD-20260192358 | ROC Date: 2026-07-22","SIDDHANTH RANGINENI SHIVAPRAKASH GANGACHANNAIAH PALLAVI LC HARISH P ASHUTOSH VISHWAS BHOSALE RAJESH RADHAKRISHNAN VASUDEVA GUDDATTU"
"t-808","copyright","MCR790","Manipal Academy of Higher Education (MAHE)","Non-Alcoholic Fatty Liver Disease – Know your Liver Health- Kannada version","Literary work","LD-25841/2026-CO","2026-01-06","","","cr_filed","Contact: rachel.mconmpl2025@learner.manipal.edu","Rachel R Daisy Josphine Lobo Shalini Ganesh Nayak"
"t-809","copyright","MCR791","Manipal Academy of Higher Education (MAHE)","Anatomy of Tooth","Literary work","CF-25653/2026-CO","2026-01-06","","","cr_filed","Contact: singamsetti.mcodsmlr2024@learner.manipal.edu","Sanskriti Rautela Shrijal Prakash Karuna S Prabhu Aman Raj Ramya Shenoy Praveen Jodalli Singamsetti Sanjay"
"t-810","copyright","MCR792","Manipal Academy of Higher Education (MAHE)","Untitled Copyright Work","Literary work","","","","","cr_filed","Contact: singamsetti.mcodsmlr2024@learner.manipal.edu",""
"t-811","copyright","MCR793","Manipal Academy of Higher Education (MAHE)","CAUSES OF PERIODONTITIS","Literary work","CF-36747/2026-CO","2026-05-08","","","cr_filed","Contact: singamsetti.mcodsmlr2024@learner.manipal.edu","MUSLIHA BEGUM TISHA JOSHI YASHESH ABHILASH DHANDHUKIYA RAEE PARESH KOWLI RAMYA SHENOY PRAVEEN JODALLI SINGAMSETTI SANJAY"
"t-812","copyright","MCR794","Manipal Academy of Higher Education (MAHE)","PROGRESSION OF GINGIVITIS TO PERIODONTITIS AND ITS ILL EFFECTS","Literary work","CF-26922/2026-CO","2026-08-06","","","cr_filed","Contact: singamsetti.mcodsmlr2024@learner.manipal.edu","VANDANA YADAV VAISHNAVI RAO SRUSHTI SAMEER GAUNS DESAI JOSE GIBOY OOLLATTIL PREM UDAY RAO BAJEKAL SHRUTI SINGH RAMYA SHENOY PRAVEEN JODALLI SINGAMSETTI SANJAY"
"t-813","copyright","MCR75","Manipal Academy of Higher Education (MAHE)","Untitled Copyright Work","Literary work","","","","","cr_filed","Contact: singamsetti.mcodsmlr2024@learner.manipal.edu",""
"t-814","copyright","MCR796","Manipal Academy of Higher Education (MAHE)","Untitled Copyright Work","Literary work","","","","","cr_filed","Contact: singamsetti.mcodsmlr2024@learner.manipal.edu",""
"t-815","copyright","MCR797","Manipal Academy of Higher Education (MAHE)","Untitled Copyright Work","Literary work","","","","","cr_filed","Contact: singamsetti.mcodsmlr2024@learner.manipal.edu",""
"t-816","copyright","MCR798","Manipal Academy of Higher Education (MAHE)","GINGIVITIS AND ITS TREATMENT","Literary work","CF-37240/2026-CO","2026-08-08","","","cr_filed","Contact: singamsetti.mcodsmlr2024@learner.manipal.edu","VAISHNAVI M KENI KHADIJA NIDA MANEGAR TAHEERA PRAJNA VERMA KAVITHA CHANDRAN RAMYA SHENOY SINGAMSETTI SANJAY"
"t-817","copyright","MCR799","Manipal Academy of Higher Education (MAHE)","Gum Disease (Periodontitis) and it's Treatment","Literary work","CF-26925/2026-CO","2026-08-06","2026-07-31","","cr_registered","Contact: singamsetti.mcodsmlr2024@learner.manipal.edu | ROC No: CF-202606264 | ROC Date: 2026-07-31","JAYANT GARG DEWANSHI PAUL SHREYA PANDIT JANAVI SRIVASTAVA KRITIKA PRASAD SINGAMSETTI SANJAY RAMYA SHENOY"
"t-818","copyright","MCR800","Manipal Academy of Higher Education (MAHE)","Untitled Copyright Work","Literary work","","","","","cr_filed","Contact: alexe.kmcmpl2024@learner.manipal.edu",""
"t-819","copyright","MCR801","Manipal Academy of Higher Education (MAHE)","Untitled Copyright Work","Literary work","","","","","cr_filed","Contact: kriti.gupta5@learner.manipal.edu",""
"t-820","copyright","MCR802","Manipal Academy of Higher Education (MAHE)","Untitled Copyright Work","Literary work","","","","","cr_filed","Contact: kriti.gupta5@learner.manipal.edu",""
"t-821","copyright","MCR803","Manipal Academy of Higher Education (MAHE)","Untitled Copyright Work","Literary work","","","","","cr_filed","Contact: kriti.gupta5@learner.manipal.edu",""
"t-822","copyright","MCR804","Manipal Academy of Higher Education (MAHE)","Untitled Copyright Work","Literary work","","","","","cr_filed","Contact: kriti.gupta5@learner.manipal.edu",""
"t-823","copyright","MCR805","Manipal Academy of Higher Education (MAHE)","Untitled Copyright Work","Literary work","","","","","cr_filed","Contact: kriti.gupta5@learner.manipal.edu",""
"t-824","copyright","MCR806","Manipal Academy of Higher Education (MAHE)","Untitled Copyright Work","Literary work","","","","","cr_filed","Contact: anthuvan.raj@manipal.edu",""
"t-825","copyright","MCR807","Manipal Academy of Higher Education (MAHE)","Instructor Manual – Poached Egg","Literary work","LD-26298/2026-CO","2026-04-06","","","cr_filed","Contact: ajith.nayak@manipal.edu","Prasenjit Sarkar Ajith A Nayak"
"t-826","copyright","MCR808","Manipal Academy of Higher Education (MAHE)","Untitled Copyright Work","Literary work","","","","","cr_filed","Contact: ajith.nayak@manipal.edu",""
"t-827","copyright","mcr809","Manipal Academy of Higher Education (MAHE)","Syllabus Review Checklist for Cultural Humility and LGBT Health in Undergraduate Health Professions Education in India","Literary work","LD-28266/2026-CO","2026-06-16","","","cr_filed","Contact: pramod.lambor@manipal.edu","Pramod Dattaram Lambor Bhageerathy Reshmi Elsa Sanatombi Devi"
"t-828","copyright","MCR810","Manipal Academy of Higher Education (MAHE)","Kesari Phirni with Filter Coffee Reduction: A Contemporary Interpretation of a Traditional Indian Dessert","Literary work","LD-28257/2026-CO","2026-06-16","","","cr_filed","Contact: belwal.manoj@manipal.edu","Manoj Belwal Nithish Damodhar"
"t-829","copyright","MCR811","Manipal Academy of Higher Education (MAHE)","Untitled Copyright Work","Literary work","","","","","cr_filed","Contact: sudhakar.dnayak@manipal.edu",""
"t-830","copyright","MCR812","Manipal Academy of Higher Education (MAHE)","Daily Habit & Routine Assessment Questionnaire","Literary work","LD-25650/2026-CO","2026-01-06","","","cr_filed","Contact: sameer.thaseen1704@gmail.com","MOHAMMED SAMEER AHMED SAHAJANYA SRIKANTH CHANDAN BS VINEET"
"t-831","copyright","MCR813","Manipal Academy of Higher Education (MAHE)","THE CLINICAL INFECTIOUS EXANTHEM INTAKE SYSTEM (CIEIS)","Literary work","LD-26040/2026-CO","2026-03-06","","","cr_filed","Contact: sameer.thaseen1704@gmail.com","MOHAMMED SAMEER AHMED SAHAJANYA SRIKANTH CHANDAN BS VINEET"
"t-832","copyright","MCR814","Manipal Academy of Higher Education (MAHE)","Incontinence Susceptibility & Pelvic Vitality Index (ISPVI)","Literary work","LD-26059/2026-CO","2026-03-06","","","cr_filed","Contact: sameer.thaseen1704@gmail.com","MOHAMMED SAMEER AHMED SAHAJANYA SRIKANTH CHANDAN BS VINEET"
"t-833","copyright","MCR815","Manipal Academy of Higher Education (MAHE)","VAM-D Protocol: Vasculoanatomical Mechanical Dislocation Protocol","Literary work","LD-26290/2026-CO","2026-04-06","","","cr_filed","Contact: sameer.thaseen1704@gmail.com","MOHAMMED SAMEER AHMED SAHAJANYA SRIKANTH CHANDAN BS VINEET"
"t-834","copyright","MCR816","Manipal Academy of Higher Education (MAHE)","The Senior Stability and Fall Risk Assessment (SSFRA)","Literary work","LD-26529/2026-CO","2026-05-06","","","cr_filed","Contact: sameer.thaseen1704@gmail.com","Mohammed Sameer Ahmed Sahajanya Srikanth Chandan BS Vineet"
"t-835","copyright","MCR817","Manipal Academy of Higher Education (MAHE)","Quality Evaluation Framework for Scrambled Egg Preparation: Defect Identification, Causes and Corrective Measures","Literary work","LD-26927/2026-CO","2026-08-06","2026-08-25","","cr_registered","Contact: nithish.wgsha@manipal.edu | ROC No: LD-20260194366 | ROC Date: 2026-08-25","MANOJ BELWAL NITHISH DAMODHAR"
"t-836","copyright","MCR818","Manipal Academy of Higher Education (MAHE)","Stroke awareness Leaflet","Literary work","LD-31096/2026-CO","2026-03-07","","","cr_filed","Contact: leena.sequ@manipal.edu","Tresa M Dsouza Leena Sequira Raghavendra Nayak"
"t-837","copyright","MCR819","Manipal Academy of Higher Education (MAHE)","Untitled Copyright Work","Literary work","","","","","cr_filed","Contact: shyli.mel@manipal.edu",""
"t-838","copyright","MCR820","Manipal Academy of Higher Education (MAHE)","Untitled Copyright Work","Literary work","","","","","cr_filed","Contact: poornima.manjrekar@manipal.edu",""
"t-839","copyright","MCR821","Manipal Academy of Higher Education (MAHE)","Untitled Copyright Work","Literary work","","","","","cr_filed","Contact: nischal.kumar@manipal.edu",""
"t-840","copyright","MCR822","Manipal Academy of Higher Education (MAHE)","Untitled Copyright Work","Literary work","","","","","cr_filed","Contact: peter.raizii@manipal.edu",""
"t-841","copyright","MCR823","Manipal Academy of Higher Education (MAHE)","Untitled Copyright Work","Literary work","","","","","cr_filed","Contact: leena.sequ@manipal.edu",""
"t-842","copyright","MCR824","Manipal Academy of Higher Education (MAHE)","Structured stroke risk assessment tool","Literary work","LD-36542/2026-CO","2026-04-08","","","cr_filed","Contact: leena.sequ@manipal.edu","TRESA M DSOUZA LEENA SEQUIRA RAGHAVENDRA NAYAK"
"t-843","copyright","MCR825","Manipal Academy of Higher Education (MAHE)","RHINO-BLEED HEMODYNAMIC TRIAGE INTAKE","Literary work","LD-28263/2026-CO","2026-06-16","","","cr_filed","Contact: sameer.thaseen1704@gmail.com","VINEET MOHAMMED SAMEER AHMED CHANDAN BS SAHAJANYA SRIKANTH"
"t-844","copyright","MCR826","Manipal Academy of Higher Education (MAHE)","BITE-SCOPE EMERGENCY INTAKE FORM","Literary work","LD-27050/2026-CO","2026-09-06","2026-08-25","","cr_registered","Contact: sameer.thaseen1704@gmail.com | ROC No: LD-20260194364 | ROC Date: 2026-08-25","VINEET MOHAMMED SAMEER AHMED CHANDAN BS SAHAJANYA SRIKANTH"
"t-845","copyright","MCR827","Manipal Academy of Higher Education (MAHE)","S.T.A.T. Hypertension: Severe Tension Assessment & Triage Protocol","Literary work","LD-27748/2026-CO","2026-12-06","","","cr_filed","Contact: sameer.thaseen1704@gmail.com","VINEET MOHAMMED SAMEER AHMED CHANDAN BS SAHAJANYA SRIKANTH"
"t-846","copyright","MCR828","Manipal Academy of Higher Education (MAHE)","DIABETES CARE STRATIFICATION STANDARD","Literary work","LD-27446/2026-CO","2026-11-06","","","cr_filed","Contact: sameer.thaseen1704@gmail.com","VINEET MOHAMMED SAMEER AHMED CHANDAN BS SAHAJANYA SRIKANTH"
"t-847","copyright","MCR829","Manipal Academy of Higher Education (MAHE)","BURN CRISIS BLUEPRINT","Literary work","LD-27448/2026-CO","2026-11-06","","","cr_filed","Contact: sameer.thaseen1704@gmail.com","VINEET MOHAMMED SAMEER AHMED CHANDAN BS SAHAJANYA SRIKANTH"
"t-848","copyright","MCR830","Manipal Academy of Higher Education (MAHE)","CLINICAL PROTOCOL AND FEVER SYNDROME TOOLKIT","Literary work","LD-27450/2026-CO","2026-11-06","","","cr_filed","Contact: sameer.thaseen1704@gmail.com","VINEET MOHAMMED SAMEER AHMED CHANDAN BS SAHAJANYA SRIKANTH"
"t-849","copyright","MCR831","Manipal Academy of Higher Education (MAHE)","CLINICAL PROTOCOL AND CARDIOLOGY TOOLKIT","Literary work","LD-28787/2026-CO","2026-06-19","","","cr_filed","Contact: vineetgoyal11709@gmail.com","Chandan BS Mohammed Sameer Ahmed Vineet"
"t-850","copyright","MCR832","Manipal Academy of Higher Education (MAHE)","CLINICAL PROTOCOL AND HEPATOLOGY TOOLKIT","Literary work","LD-28506/2026-CO","","2026-08-27","","cr_registered","Contact: vineetgoyal11709@gmail.com | ROC No: LD-20260194469 | ROC Date: 2026-08-27","Chandan BS Mohammed Sameer Ahmed Vineet"
"t-851","copyright","MCR833","Manipal Academy of Higher Education (MAHE)","CLINICAL PROTOCOL AND INTRAPARTUM CARE TOOLKIT","Literary work","LD-28510/2026-CO","","","","cr_filed","Contact: vineetgoyal11709@gmail.com","Chandan BS Mohammed Sameer Ahmed Vineet"
"t-852","copyright","MCR834","Manipal Academy of Higher Education (MAHE)","Untitled Copyright Work","Literary work","","","","","cr_filed","Contact: nanunaga@gmail.com",""
"t-853","copyright","MCR835","Manipal Academy of Higher Education (MAHE)","Pedaling-Enhanced Accelerated Rehabilitation for Total Knee Replacement (PEDAL-TKR)","Literary work","LD-29851/2026-CO","2026-06-26","","","cr_filed","Contact: ashish.john@manipal.edu","Megha Nagaraj Nayak Dola Saha Akhilesh Hipparagi Ravindra Prabhu Attur Srinivas Vinayak Shenoy Vennila J"
"t-854","copyright","MCR836","Manipal Academy of Higher Education (MAHE)","-NGAL Synthesis and release","Literary work","LD-31100/2026-CO","2026-03-07","","","cr_filed","Contact: krishnapriya.kmcmpl2024@learner.manipal.edu","Krishnapriya P Shankar Geethika Yelleti Varashree B S"
"t-855","copyright","MCR837","Manipal Academy of Higher Education (MAHE)","Enzyme classification and factors affecting enzyme activity","Literary work","LD-36416/2026-CO","2026-03-08","","","cr_filed","Contact: krishnapriya.kmcmpl2024@learner.manipal.edu","Krishnapriya P Shankar Vijetha Shenoy Belle"
"t-856","copyright","MCR838","Manipal Academy of Higher Education (MAHE)","Phenylketonuria - case scenario","Literary work","","","","","cr_filed","Contact: krishnapriya.kmcmpl2024@learner.manipal.edu",""
"t-857","copyright","MCR839","Manipal Academy of Higher Education (MAHE)","Phenylalanine Catabolism","Literary work","LD-34326/2026-CO","2026-07-23","","","cr_filed","Contact: krishnapriya.kmcmpl2024@learner.manipal.edu","Krishnapriya P Shankar Varashree B S Rony Vincent Steffy Kurian"
"t-858","copyright","MCR840","Manipal Academy of Higher Education (MAHE)","Phenylketonuria","Literary work","LD-34325/2026-CO","2026-07-23","2026-08-27","","cr_registered","Contact: krishnapriya.kmcmpl2024@learner.manipal.edu | ROC No: LD-20260194458 | ROC Date: 2026-08-27","Krishnapriya P Shankar Varashree B S Rony Vincent Steffy Kurian"
"t-859","copyright","MCR841","Manipal Academy of Higher Education (MAHE)","Phenylalanine metabolism","Literary work","","","","","cr_filed","Contact: krishnapriya.kmcmpl2024@learner.manipal.edu",""
"t-860","copyright","MCR842","Manipal Academy of Higher Education (MAHE)","Clinical features of phenylketonuria","Literary work","LD-29848/2026-CO","2026-06-25","","","cr_filed","Contact: krishnapriya.kmcmpl2024@learner.manipal.edu","Krishnapriya P. Shankar Varashree B. S. Rony Vincent Steffy Kurian"
"t-861","copyright","MCR843","Manipal Academy of Higher Education (MAHE)","Diagnostic tests of phenylketonuria","Literary work","LD-30375/2026-CO","2026-06-29","","","cr_filed","Contact: krishnapriya.kmcmpl2024@learner.manipal.edu","KRISHNAPRIYA P SHANKAR VARASHREE B S RONY VINCENT STEFFY KURIAN"
"t-862","copyright","MCR844","Manipal Academy of Higher Education (MAHE)","Inheritance of phenylketonuria","Literary work","","","","","cr_filed","Contact: krishnapriya.kmcmpl2024@learner.manipal.edu",""
"t-863","copyright","MCR845","Manipal Academy of Higher Education (MAHE)","Van den Bergh test","Literary work","","","","","cr_filed","Contact: krishnapriya.kmcmpl2024@learner.manipal.edu",""
"t-864","copyright","MCR846","Manipal Academy of Higher Education (MAHE)","Management of phenylketonuria","Literary work","","","","","cr_filed","Contact: krishnapriya.kmcmpl2024@learner.manipal.edu",""
"t-865","copyright","MCR847","Manipal Academy of Higher Education (MAHE)","Heme degradation","Literary work","","","","","cr_filed","Contact: krishnapriya.kmcmpl2024@learner.manipal.edu",""
"t-866","copyright","MCR848","Manipal Academy of Higher Education (MAHE)","Assessing the Knowledge, Attitude, and Practice among Paediatricians and ENT Specialists regarding the Application of Yoga as a Complementary Therapy for Chronic Rhinosinusitis in the Paediatric Population","Literary work","LD-27047/2026-CO","2026-09-06","","","cr_filed","Contact: shetty.athmika@manipal.edu-","ATHMIKA SHETTY SHRIKIRAN A DEVARAJA K NAUSHA SHETTY"
"t-867","copyright","MCR849","Manipal Academy of Higher Education (MAHE)","Identifying the Barriers in Implementing Yoga-Based Interventions in Children with Chronic Rhinosinusitis (CRS)","Literary work","LD-27445/2026-CO","2026-11-06","","","cr_filed","Contact: shetty.athmika@manipal.edu-","ATHMIKA SHETTY SHRIKIRAN A DEVARAJA K NAUSHA SHETTY"
"t-868","copyright","MCR850","Manipal Academy of Higher Education (MAHE)","Development and Standardization of Natural Green Tandoori Tikka Marinade Using Moringa Leaves Powder","Literary work","LD-27045/2026-CO","2026-09-06","","","cr_filed","Contact: belwal.manoj@manipal.edu","MANOJ BELWAL NITHISH DAMODHAR"
"t-869","copyright","MCR851","Manipal Academy of Higher Education (MAHE)","IPred-S 1.0: Inhibitor Predictor for Soluble Epoxide Hydrolase (sEH)","Literary work","SW-30326/2026-CO","2026-06-29","","","cr_filed","Contact: dileep.kumar@manipal.edu","DILEEP KUMAR AJWIN JOSEPH MARTIN"
"t-870","copyright","MCR852","Manipal Academy of Higher Education (MAHE)","Development of School Environment Neurodivergent Sensory Evaluation Questionnaire (SENSE-Q)","Literary work","LD-31462/2026-CO","2026-06-07","","","cr_filed","Contact: p.keshavaram@manipal.edu","Keshavaram P Jacob Paul Samuel Tawheed Raza Haque Kimberly Barneto Abna Anish"
"t-871","copyright","MCR853","Manipal Academy of Higher Education (MAHE)","Poached Egg Competency Model – A Structured Assessment Framework for Culinary Practical Training""","Literary work","LD-27750/2026-CO","2026-12-06","","","cr_filed","Contact: nithish.wgsha@manipal.edu-","Nithish Damodhar Manoj Belwal"
"t-872","copyright","MCR854","Manipal Academy of Higher Education (MAHE)","Untitled Copyright Work","Literary work","","","","","cr_filed","Contact: anupama.v@manipal.edu",""
"t-873","copyright","MCR855","Manipal Academy of Higher Education (MAHE)","PREP Framework for Vegetable Processing– A Structured Framework for Vegetable Processing in Culinary Education.","Literary work","LD-27753/2026-CO","2026-12-06","","","cr_filed","Contact: nithish.wgsha@manipal.edu-","Nithish Damodhar Manoj Belwal"
"t-874","copyright","MCR856","Manipal Academy of Higher Education (MAHE)","Standardized Instructional and Evaluation Framework for Basmati Rice Preparation Using the Dum Absorption Cooking Technique","Literary work","LD-28258/2026-CO","2026-06-16","","","cr_filed","Contact: belwal.manoj@manipal.edu","MANOJ BELWAL NITHISH DAMODHAR"
"t-875","copyright","MCR857","Manipal Academy of Higher Education (MAHE)","Untitled Copyright Work","Literary work","","","","","cr_filed","Contact: raj.mohan@manipal.edu",""
"t-876","copyright","MCR858","Manipal Academy of Higher Education (MAHE)","ManavSense: Sensing Human Motion Scientifically- A Clinical Software Platform for Real-Time Human Motion Analysis","Literary work","SW-28260/2026-CO","2026-06-16","","","cr_filed","Contact: niranjan.db@learner.manipal.edu","Niranjan Deggenahalli Basavaraju Pramod Kesavan Namboothiri"
"t-877","copyright","MCR859","Manipal Academy of Higher Education (MAHE)","Healthy Mind, Strong Future: Protecting the Mental Health of Adolescents – A Brief Guide for Parents","Literary work","LD-30377/2026-CO","2026-06-29","","","cr_filed","Contact: vidya.p@manipal.edu","RASHMI M VIDYA VARALAKSHMI CHANDRA SEKARAN"
"t-878","copyright","MCR860","Manipal Academy of Higher Education (MAHE)","Untitled Copyright Work","Literary work","","","","","cr_filed","Contact: vidya.p@manipal.edu",""
"t-879","copyright","MCR861","Manipal Academy of Higher Education (MAHE)","ImmuniCran Elixir","Literary work","LD-29511/2026-CO","2026-06-23","","","cr_filed","Contact: simant.seth@manipal.edu","VAIBHAV BHARDWAJ SIMANT SETH"
"t-880","copyright","MCR862","Manipal Academy of Higher Education (MAHE)","Difficulty Grading System for Fractured Instrument Retrieval","Literary work","LD-33975/2026-CO","2026-07-21","","","cr_filed","Contact: karthik.shetty@manipal.edu","Karthik Shetty Mranali Shetty Roma M"
"t-881","copyright","MCR863","Manipal Academy of Higher Education (MAHE)","Untitled Copyright Work","Literary work","","","","","cr_filed","Contact: sameer.thaseen1704@gmail.com",""
"t-882","copyright","MCR864","Manipal Academy of Higher Education (MAHE)","Pediatric Occupational Therapy Evaluation and Reporting Form","Literary work","LD-29508/2026-CO","2026-06-23","","","cr_filed","Contact: -asish.das@manipal.edu","ASISH DAS"
"t-883","copyright","MCR865","Manipal Academy of Higher Education (MAHE)","Untitled Copyright Work","Literary work","","","","","cr_filed","Contact: swayam.kmcmlr2023@learner.manipal.edu",""
"t-884","copyright","MCR866","Manipal Academy of Higher Education (MAHE)","Untitled Copyright Work","Literary work","","","","","cr_filed","Contact: pooja.doc@learner.manipal.edu",""
"t-885","copyright","MCR867","Manipal Academy of Higher Education (MAHE)","Untitled Copyright Work","Literary work","","","","","cr_filed","Contact: lakshmisha.rao@manipal.edu",""
"t-886","copyright","MCR868","Manipal Academy of Higher Education (MAHE)","Hemodialysis Vascular Access Care Checklist","Literary work","LD-29710/2026-CO","2026-06-24","","","cr_filed","Contact: megha.nayak@manipal.edu-","MEGHA NAGARAJ NAYAK DOLA SAHA KARTHIK S KAMMAR RAVINDRA PRABHU ATTUR SRINIVAS VINAYAK SHENOY"
"t-887","copyright","MCR869","Manipal Academy of Higher Education (MAHE)","Untitled Copyright Work","Literary work","","","","","cr_filed","Contact: harleen.kaur6@learner.manipal.edu",""
"t-888","copyright","MCR870","Manipal Academy of Higher Education (MAHE)","The SOP for venom use in laboratory setting","Literary work","LD-32287/2026-CO","2026-11-07","","","cr_filed","Contact: akshatha.pai@manipal.edu","CHAITHANYA SHETTY AKSHATHA GANESH NAYAK"
"t-889","copyright","MCR871","Manipal Academy of Higher Education (MAHE)","schematic diagram representing the rhombic lip development"".","Literary work","AT-34835/2026-CO","2026-07-21","","","cr_filed","Contact: kausar.aamna@manipal.edu-","AAMNA KAUSAR MAMATHA H SHALINI S NAYAK SAPNA DINESH UPADHYA BINCY M GEORGE DEEPAK NAYAK VEERESH"
"t-890","copyright","MCR872","Manipal Academy of Higher Education (MAHE)","Schematic diagram depicting the migration of different cell populations during the maturation of granule cells","Literary work","AT-35042/2026-CO","2026-07-27","","","cr_filed","Contact: kausar.aamna@manipal.edu-","AAMNA KAUSAR MAMATHA H SHALINI S NAYAK SAPNA DINESH UPADHYA BINCY M GEORGE DEEPAK NAYAK VEERESH"
"t-891","copyright","MCR873","Manipal Academy of Higher Education (MAHE)","Legal Awareness, Compliance, and Conservation Gaps among Snake Rescuers in Karnataka under the Wildlife (Protection) Act, 1972","Literary work","LD-38323/2026-CO","2026-08-14","","","cr_filed","Contact: lakshmisha.bk@manipal.edu","WILMA M PICARDO VIKRAM PALIMAR LAKSHMISHA B K RANJITHA S SHETTY SNEHA D MALLYA VIJAY KUMARA"
"t-892","copyright","MCR874","Manipal Academy of Higher Education (MAHE)","Evaluation Criteria Form for prognostication of Ameloblastoma: the Histomorphological-Aggression Score (HAS)","Literary work","LD-32162/2026-CO","2026-10-07","","","cr_filed","Contact: manaktala.nidhi@manipal.edu-","NIDHI MANAKTALA SRIKANT N KAREN BOAZ NANDITA KP AMITHA LEWIS SHWETA YELIYAPURKAR"
"t-893","copyright","MCR875","Manipal Academy of Higher Education (MAHE)","Small Group Discussion - Group Dynamics Assessment Tool (SGD-GDAT)","Literary work","LD-31102/2026-CO","2026-03-07","","","cr_filed","Contact: kavita.rasalkar@manipal.edu","Sulekha Sinha Kavita Rasalkar Sunita Hota"
"t-894","copyright","MCR876","Manipal Academy of Higher Education (MAHE)","Untitled Copyright Work","Literary work","","","","","cr_filed","Contact: director.intl@manipal.edu",""
"t-895","copyright","MCR877","Manipal Academy of Higher Education (MAHE)","Untitled Copyright Work","Literary work","","","","","cr_filed","Contact: shayoli.kmcmpl2024@learner.manipal.edu",""
"t-896","copyright","MCR878","Manipal Academy of Higher Education (MAHE)","Bridging the gap: A study on legal awareness, training, and licensing among snake rescuers in Karnataka","Literary work","LD-38325/2026-CO","2026-08-14","","","cr_filed","Contact: lakshmisha.bk@manipal.edu","WILMA M PICARDO VIKRAM PALIMAR LAKSHMISHA B K"
"t-897","copyright","MCR879","Manipal Academy of Higher Education (MAHE)","Joint Mobilization Satisfaction Scale (JMSS-18)-","Literary work","LD-30371/2026-CO","2026-06-29","","","cr_filed","Contact: rishit.kmcmlr2022@learner.manipal.edu","RISHIT ANAND VIKRAM G K BHAT SAMARTH KHOSLA"
"t-898","copyright","MCR880","Manipal Academy of Higher Education (MAHE)","Wildlife Law and Snake Rescue Questionnaire: Knowledge, Practices, and Legal Awareness of Snake Rescuers in Karnataka","Literary work","LD-38328/2026-CO","2026-08-14","","","cr_filed","Contact: lakshmisha.bk@manipal.edu","WILMA M PICARDO VIKRAM PALIMAR LAKSHMISHA B K"
"t-899","copyright","MCR881","Manipal Academy of Higher Education (MAHE)","Untitled Copyright Work","Literary work","","","","","cr_filed","Contact: lakshmisha.bk@manipal.edu",""
"t-900","copyright","MCR882","Manipal Academy of Higher Education (MAHE)","Spectacle Dependence Satisfaction Scale (SDSS)","Literary work","LD-30939/2026-CO","2026-02-07","","","cr_filed","Contact: rishit.kmcmlr2022@learner.manipal.edu","Rishit Anand Keerthan Rao Janhvi Dhawan"
"t-901","copyright","MCR883","Manipal Academy of Higher Education (MAHE)","Fall Prevention Awareness Assessment Tool for Elderly","Literary work","LD-35215/2026-CO","2026-07-28","","","cr_filed","Contact: kavita.rasalkar@manipal.edu-","KAVITA RASALKAR SAMEER WOOLY"
"t-902","copyright","MCR884","Manipal Academy of Higher Education (MAHE)","Awareness Assessment Tool for Fall Prevention Strategies in Elderly for Caregivers.","Literary work","LD-35455/2026-CO","2026-07-29","","","cr_filed","Contact: kavita.rasalkar@manipal.edu","KAVITA RASALKAR SAMEER WOOLY"
"t-903","copyright","MCR885","Manipal Academy of Higher Education (MAHE)","The mind, body and soul – who needs what?","Literary work","LD-31280/2026-CO","2026-04-07","","","cr_filed","Contact: chanda.kmcmpl2024@learner.manipal.edu","CHANDA JHA"
"t-904","copyright","MCR886","Manipal Academy of Higher Education (MAHE)","Surgical Scar Satisfaction Scale (SSSS)","Literary work","LD-30368/2026-CO","2026-06-29","","","cr_filed","Contact: khadeeja.mchpmpl2024@learner.manipal.edu","RISHIT ANAND YASH ARORA SURYAKANTH S NAYAK MADHAVA SHENOY KRISHNA PRASAD SHETTY"
"t-905","copyright","MCR887","Manipal Academy of Higher Education (MAHE)","Medical Representative-Doctor Interaction","Literary work","CF-31274/2026-CO","2026-03-07","","","cr_filed","Contact: ashwin.kamath@manipal.edu","Ashwin Kamath K Anandaraya Sivapuram Madhava Sai Amit Rao"
"t-906","copyright","MCR888","Manipal Academy of Higher Education (MAHE)","Sadness Assessment Scale","Literary work","LD-36724/2026-CO","2026-05-08","","","cr_filed","Contact: sumirannepal123@gmail.com","SUMIRAN NEPAL"
"t-907","copyright","MCR889","Manipal Academy of Higher Education (MAHE)","A.C.I.D. Triage – Acute Corrosive Ingestion Diagnostic &Triage Protocol","Literary work","LD-34831/2026-CO","2026-07-25","","","cr_filed","Contact: sameer.thaseen1704@gmail.com","VINEET MOHAMMED SAMEER AHMED"
"t-908","copyright","MCR890","Manipal Academy of Higher Education (MAHE)","E.A.R. Extraction – External Auditory Removal & Extraction Guidelines","Literary work","LD-34833/2026-CO","2026-07-25","","","cr_filed","Contact: sameer.thaseen1704@gmail.com","VINEET MOHAMMED SAMEER AHMED"
"t-909","copyright","MCR891","Manipal Academy of Higher Education (MAHE)","F.A.S.C.I.A. – Fascial Assessment & Soft-tissue Cellulitis Immediate Action","Literary work","LD-35038/2026-CO","2026-07-27","","","cr_filed","Contact: sameer.thaseen1704@gmail.com","VINEET MOHAMMED SAMEER AHMED"
"t-910","copyright","MCR892","Manipal Academy of Higher Education (MAHE)","H.E.A.T. – Hyperthermia Emergency Assessment & Treatment","Literary work","LD-36150/2026-CO","2026-01-08","","","cr_filed","Contact: sameer.thaseen1704@gmail.com","VINEET MOHAMMED SAMEER AHMED"
"t-911","copyright","MCR893","Manipal Academy of Higher Education (MAHE)","Untitled Copyright Work","Literary work","","","","","cr_filed","Contact: sameer.thaseen1704@gmail.com",""
"t-912","copyright","MCR894","Manipal Academy of Higher Education (MAHE)","P.A.T.H. – Peritonsillar Abscess Triage & Handling","Literary work","LD-35462/2026-CO","2026-07-29","","","cr_filed","Contact: sameer.thaseen1704@gmail.com","VINEET MOHAMMED SAMEER AHMED"
"t-913","copyright","MCR895","Manipal Academy of Higher Education (MAHE)","D.R.U.G. – Dermatological Reaction & Urgent Guidance","Literary work","LD-35993/2026-CO","2026-07-31","","","cr_filed","Contact: sameer.thaseen1704@gmail.com","VINEET MOHAMMED SAMEER AHMED"
"t-914","copyright","MCR896","Manipal Academy of Higher Education (MAHE)","B.U.L.L.A. – Barrier failure & Urgent Lesion management Assessment","Literary work","LD-36000/2026-CO","2026-07-31","","","cr_filed","Contact: sameer.thaseen1704@gmail.com","VINEET MOHAMMED SAMEER AHMED"
"t-915","copyright","MCR897","Manipal Academy of Higher Education (MAHE)","S.T.A.B. – Scleral Trauma & Barrier Protocol","Literary work","LD-36149/2026-CO","2026-01-08","","","cr_filed","Contact: sameer.thaseen1704@gmail.com","VINEET MOHAMMED SAMEER AHMED"
"t-916","copyright","MCR898","Manipal Academy of Higher Education (MAHE)","C.L.E.A.N. – Cornea-Limbal Emergency Assessment & Neutralization","Literary work","LD-35749/2026-CO","2026-07-30","","","cr_filed","Contact: sameer.thaseen1704@gmail.com","VINEET MOHAMMED SAMEER AHMED"
"t-917","copyright","MCR899","Manipal Academy of Higher Education (MAHE)","S.T.R.I.D.O.R. Alert – Severe Tracheal Respiratory Inflammation & Dyspnea Obstruction Response Manual","Literary work","LD-35043/2026-CO","2026-07-27","","","cr_filed","Contact: sameer.thaseen1704@gmail.com","Vineet Mohammed Sameer Ahmed"
"t-918","copyright","MCR900","Manipal Academy of Higher Education (MAHE)","B.O.I.L. Care – Bacteraemia Optimization & Infection Localization Protocol","Literary work","LD-35994/2026-CO","2026-07-31","","","cr_filed","Contact: sameer.thaseen1704@gmail.com","Vineet Mohammed Sameer Ahmed"
"t-919","copyright","MCR901","Manipal Academy of Higher Education (MAHE)","F.A.S.C.I.A. – Fascial Assessment & Soft-tissue Cellulitis Immediate Action","Literary work","LD-35045/2026-CO","2026-07-25","","","cr_filed","Contact: sameer.thaseen1704@gmail.com","Vineet Mohammed Sameer Ahmed"
"t-920","copyright","MCR902","Manipal Academy of Higher Education (MAHE)","S.O.B.E.R. Care – Severe Overdose & Behavioral Ethanol Rescue Clinical Guidelines","Literary work","LD-35470/2026-CO","2026-07-28","","","cr_filed","Contact: sameer.thaseen1704@gmail.com","Vineet Mohammed Sameer Ahmed"
"t-921","copyright","MCR903","Manipal Academy of Higher Education (MAHE)","S.C.A.L.E. – Systemic Cutaneous Assessment & Life-saving Erythroderma","Literary work","LD-35998/2026-CO","2026-07-31","","","cr_filed","Contact: sameer.thaseen1704@gmail.com","Vineet Mohammed Sameer Ahmed"
"t-922","copyright","MCR904","Manipal Academy of Higher Education (MAHE)","EmotionWise: A Practical Workbook for Adolescent Self Regulation","Literary work","LD-31281/2026-CO","2026-04-07","","","cr_filed","Contact: preejana.mconmpl2022@learner.manipal.edu","Preejana Sharma Linu Sara George"
"t-923","copyright","MCR905","Manipal Academy of Higher Education (MAHE)","-Dopamine imbalance in schizophrenia: pathophysiological insights","Literary work","LD-31515/2026-CO","2026-06-07","","","cr_filed","Contact: k.srilatha@manipal.edu","Srilatha K Nithin Kumar U"
"t-924","copyright","MCR906","Manipal Academy of Higher Education (MAHE)","Intimate Partner Violence Among Young Women in Emerging Adult Relationships Within Higher Education Settings: A Mixed-Methods Study""","Literary work","LD-32156/2026-CO","2026-10-07","","","cr_filed","Contact: arya.kmcmpl2025@learner.manipal.edu","Arya Rajan S R Vinod C Nayak Soyuz John"
"t-925","copyright","mcr907","Manipal Academy of Higher Education (MAHE)","Ready Reckoner for MAHE PhD Supervisor'","Literary work","LD-31275/2026-CO","2026-04-07","","","cr_filed","Contact: vasudha.devi@manipal.edu","Shobhit Raj Vasudha Devi"
"t-926","copyright","MCR908","Manipal Academy of Higher Education (MAHE)","Comparison of CCTV Regulations in the Global Landscape vs. India","Literary work","LD-35209/2026-CO","2026-07-28","","","cr_filed","Contact: saptarshi.kmcmpl2025@learner.manipal.edu","VARSHA SURESH SANJANA C URS SAPTARSHI MANDAL ARJUN M S"
"t-927","copyright","MCR909","Manipal Academy of Higher Education (MAHE)","Musculoskeletal Rehabilitation Satisfaction Scale (MRSS-15)-","Literary work","LD-31272/2026-CO","2026-04-07","","","cr_filed","Contact: rishit.kmcmlr2022@learner.manipal.edu","Rishit Anand Atmananda S Hegde"
"t-928","copyright","MCR910","Manipal Academy of Higher Education (MAHE)","Orthopaedic Rehabilitation Adherence and Motivation Scale (ORAMS)","Literary work","LD-31512/2026-CO","2026-06-07","","","cr_filed","Contact: rishit.kmcmlr2022@learner.manipal.edu-","Rishit Anand Atmananda S Hegde"
"t-929","copyright","MCR911","Manipal Academy of Higher Education (MAHE)","Untitled Copyright Work","Literary work","","","","","cr_filed","Contact: ganesh.mohan@manipal.edu",""
"t-930","copyright","MCR912","Manipal Academy of Higher Education (MAHE)","Digital Dentistry Readiness Questionnaire-28 (DDRQ-28)","Literary work","LD-31285/2026-CO","2026-04-07","","","cr_filed","Contact: rishit.kmcmlr2022@learner.manipal.edu-","Rishit Anand Rajkumar Narkedamalli Harsh Mahawar Mahek Malhotra"
"t-931","copyright","MCR913","Manipal Academy of Higher Education (MAHE)","A cinematograph film on Nicotine Replacement Therapy","Literary work","CF-34230/2026-CO","2026-07-22","","","cr_filed","Contact: mithun.pai@manipal.edu","Riya Khanna Trisha Chatterjee Pranjali Harsh Srivastava Satyam Shivam Mithun Pai"
"t-932","copyright","MCR914","Manipal Academy of Higher Education (MAHE)","Untitled Copyright Work","Literary work","","","","","cr_filed","Contact: pk9518brahmavar@gmail.com",""
"t-933","copyright","MCR915","Manipal Academy of Higher Education (MAHE)","Effects of Temperature on In-Vitro RBC Morphometrics and Hemolysis_Implications for Microbial Study Setups","Literary work","LD-32340/2026-CO","2026-11-07","","","cr_filed","Contact: subalakshmi.mmmcmpl2022@learner.manipal.edu-","Subalakshmi Ramprasad M G Ramesh Babu"
"t-934","copyright","MCR916","Manipal Academy of Higher Education (MAHE)","A scoping review method and results for AI enabled imaging modalities for label-free red blood cells morphology analysis","Literary work","LD-32513/2026-CO","2026-07-13","","","cr_filed","Contact: subalakshmi.mmmcmpl2022@learner.manipal.edu-","Subalakshmi Ramprasad M G Ramesh Babu"
"t-935","copyright","MCR917","Manipal Academy of Higher Education (MAHE)","Basics of Digital Image Analysis – Tools & Techniques – A hands-on training for biomedical researchers","Literary work","LD-32510/2026-CO","2026-07-13","","","cr_filed","Contact: subalakshmi.mmmcmpl2022@learner.manipal.edu-","Subalakshmi Ramprasad M G Ramesh Babu"
"t-936","copyright","MCR918","Manipal Academy of Higher Education (MAHE)","RBC imaging technique decision checklist","Literary work","LD-32512/2026-CO","2026-07-13","","","cr_filed","Contact: subalakshmi.mmmcmpl2022@learner.manipal.edu-","Subalakshmi Ramprasad M G Ramesh Babu"
"t-937","copyright","MCR919","Manipal Academy of Higher Education (MAHE)","-Label‑free profiling of RBCs to identify high‑impact morphometric features under Candida albicans infection invitro.","Literary work","LD-32515/2026-CO","2026-07-13","","","cr_filed","Contact: subalakshmi.mmmcmpl2022@learner.manipal.edu","Subalakshmi Ramprasad M G Ramesh Babu"
"t-938","copyright","MCR919","Manipal Academy of Higher Education (MAHE)","-Label‑free profiling of RBCs to identify high‑impact morphometric features under Candida albicans infection invitro.","Literary work","LD-32515/2026-CO","2026-07-13","","","cr_filed","Contact: subalakshmi.mmmcmpl2022@learner.manipal.edu","Subalakshmi Ramprasad M G Ramesh Babu"
"t-939","copyright","MCR921","Manipal Academy of Higher Education (MAHE)","Multilingual System and Method for Predicting Acute Mental Health Risk from Digital Abuse Exposure - Multi Temporal Escalation Forecasting Subsystem","Literary work","LD-32158/2026-CO","2026-10-07","","","cr_filed","Contact: thamizh.mani@learner.manipal.edu","Thamizh Mani R Ngangom Karorpati Chanu Vikram Palimar Ranjitha S. Shetty Pallav Gupta Parv Aggarwal"
"t-940","copyright","MCR922","Manipal Academy of Higher Education (MAHE)","Multilingual System and Method for Predicting Acute Mental Health Risk from Digital Abuse Exposure - Multi Task Neural Network Architecture with Domain-Adversarial Training","Literary work","LD-32274/2026-CO","2026-11-07","","","cr_filed","Contact: thamizh.mani@learner.manipal.edu","THAMIZH MANI R NGANGOM KARORPATI CHANU VIKRAM PALIMAR RANJITHA S. SHETTY PALLAV GUPTA PARV AGGARWAL"
"t-941","copyright","MCR923","Manipal Academy of Higher Education (MAHE)","Multilingual System and Method for Predicting Acute Mental Health Risk from Digital Abuse Exposure - Overall System Architecture.","Literary work","LD-32013/2026-CO","2026-09-07","","","cr_filed","Contact: thamizh.mani@learner.manipal.edu","THAMIZH MANI R NGANGOM KARORPATI CHANU VIKRAM PALIMAR RANJITHA S. SHETTY PALLAV GUPTA PARV AGGARWAL"
"t-942","copyright","MCR924","Manipal Academy of Higher Education (MAHE)","Ready Reckoner for MAHE PhD Scholar","Literary work","LD-32011/2026-CO","2026-09-07","","","cr_filed","Contact: vasudha.devi@manipal.edu","VASUDHA DEVI SHOBHIT RAJ SHALINI SINGH SHRIYA NARENDRA SHET SHIRODKAR VEERESH VASANTHA MN"
"t-943","copyright","MCR925","Manipal Academy of Higher Education (MAHE)","Stroke-Prediction Models Knowledge, Attitude, Perception and Practice (STROKE-PM KAPP) Questionnaire","Literary work","LD-32331/2026-CO","2026-11-07","","","cr_filed","Contact: farah.mchpmpl2024@learner.manipal.edu","FARAH SENTHIL KUMARAN D JOHN M SOLOMON"
"t-944","copyright","MCR927","Manipal Academy of Higher Education (MAHE)","Advanced Innovations in Radiation Protection","Literary work","LD-35542/2026-CO","2026-07-29","","","cr_filed","Contact: shambo.mchpmpl2023@learner.manipal.edu","Shambo Mukherjee Abhimanyu Pradhan"
"t-945","copyright","MCR928","Manipal Academy of Higher Education (MAHE)","Untitled Copyright Work","Literary work","","","","","cr_filed","Contact: anusha.priyadarsini@manipal.edu",""
"t-946","copyright","MCR929","Manipal Academy of Higher Education (MAHE)","Environmental and Tissue-Specific Determinants of DNA Degradation in Forensic Evidence: A Systematic Literature Review of Temperature, Moisture, and pH Effects","Literary work","LD-36414/2026-CO","2026-01-08","","","cr_filed","Contact: saptarshi.kmcmpl2025@learner.manipal.edu","Aditya Suman Saptarshi Mandal"
"t-947","copyright","MCR930","Manipal Academy of Higher Education (MAHE)","The Dual-Pathway Triage Flowchart","Literary work","LD-32551/2026-CO","2026-07-13","","","cr_filed","Contact: geethika.kmcmpl2023@learner.manipal.edu","Geethika Yelleti Varashree B S"
"t-948","copyright","MCR931","Manipal Academy of Higher Education (MAHE)","The Postpartum ""Safety Runway"" Timeline","Literary work","LD-32277/2026-CO","2026-11-07","","","cr_filed","Contact: geethika.kmcmpl2023@learner.manipal.edu","Geethika Yelleti Varashree B S"
"t-949","copyright","MCR932","Manipal Academy of Higher Education (MAHE)","The Target-Organ Radial Matrix Diagram","Literary work","LD-36725/2026-CO","2026-05-08","","","cr_filed","Contact: geethika.kmcmpl2023@learner.manipal.edu","GEETHIKA YELLETI VARASHREE B S"
"t-950","copyright","MCR933","Manipal Academy of Higher Education (MAHE)","Smiling Depression Perception Scale (SDPS)","Literary work","LD-32590/2026-CO","2026-07-13","","","cr_filed","Contact: n.raghavendra@manipal.edu","Arindam Malakar Jaise Joseph Aradhana Karmakar Delna Rose Jinson Dayana Thomas Neha Maria Joe Alan S Philip Preksha Angeline Maria Raghavendra Nayak"
"t-951","copyright","MCR934","Manipal Academy of Higher Education (MAHE)","Untitled Copyright Work","Literary work","","","","","cr_filed","Contact: rajesh.mahadeva@manipal.edu",""
"t-952","copyright","mcr935","Manipal Academy of Higher Education (MAHE)","O.C.U.L.A.R. Alert – Ocular Crisis Urgent Level Angle-Relief Action Schema","Literary work","LD-34834/2026-CO","2026-07-25","","","cr_filed","Contact: vineetgoyal11709@gmail.com","Vineet Mohammed Sameer Ahmed"
"t-953","copyright","MCR936","Manipal Academy of Higher Education (MAHE)","R.A.B.I.E.S. Prevention – Rapid Anti-viral Bite Inoculation & Emergency Stabilization Guide","Literary work","LD-35466/2026-CO","2026-07-29","","","cr_filed","Contact: vineetgoyal11709@gmail.com","Vineet Mohammed Sameer Ahmed"
"t-954","copyright","mcr937","Manipal Academy of Higher Education (MAHE)","Indian Alcohol Photo Stimuli (IAPS)","Literary work","LD-34561/2026-CO","2026-07-24","","","cr_filed","Contact: anupashenoy89@gmail.com","Shenoy Anupa Arunkumar Samir Kumar Praharaj Shweta Rai Kirtana Nayak"
"t-955","copyright","MCR938","Manipal Academy of Higher Education (MAHE)","Untitled Copyright Work","Literary work","","","","","cr_filed","Contact: aswin1.kmcmpl2024@learner.manipal.edu",""
"t-956","copyright","MCR939","Manipal Academy of Higher Education (MAHE)","Untitled Copyright Work","Literary work","","","","","cr_filed","Contact: shubham.bhusari@learner.manipal.edu",""
"t-957","copyright","MCR940","Manipal Academy of Higher Education (MAHE)","The Dual-Pathway Triage Flowchart","Literary work","LD-32552/2026-CO","2026-07-13","","","cr_filed","Contact: geethika.kmcmpl2023@learner.manipal.edu","Geethika Yelleti Varashree B S"
"t-958","copyright","MCR941","Manipal Academy of Higher Education (MAHE)","Questionnaire on PhD scholars’ perceptions and experiences in the Doctoral program","Literary work","LD-34388/2026-CO","2026-07-23","","","cr_filed","Contact: vasudha.devi@manipal.edu","Vasudha Devi"
"t-959","copyright","MCR942","Manipal Academy of Higher Education (MAHE)","Arterial Blood Gas Education Reimagined: Integrating Gamification and Near-Peer Teaching","Literary work","LD-34532/2026-CO","2026-07-23","","","cr_filed","Contact: vijetha.shenoy@manipal.edu","Vijetha Shenoy Belle Shreelaxmi V Hegde Radhika Shenoy Prajna P Shetty"
"t-960","copyright","MCR943","Manipal Academy of Higher Education (MAHE)","Untitled Copyright Work","Literary work","","","","","cr_filed","Contact: chinmayi.bg@manipal.edu",""
"t-961","copyright","MCR944","Manipal Academy of Higher Education (MAHE)","IPred-G 2.0: Inhibitor Predictor for Glycogen Synthase Kinase-3ß (GSK-3ß)","Literary work","SW-34564/2026-CO","2026-07-24","","","cr_filed","Contact: dileep.kumar@manipal.edu","Dileep Kumar Ajwin Joseph Martin"
"t-962","copyright","MCR945","Manipal Academy of Higher Education (MAHE)","Untitled Copyright Work","Literary work","","","","","cr_filed","Contact: manju.shetty@manipal.edu",""
"t-963","copyright","MCR946","Manipal Academy of Higher Education (MAHE)","Untitled Copyright Work","Literary work","","","","","cr_filed","Contact: manju.shetty@manipal.edu",""
"t-964","copyright","MCR947","Manipal Academy of Higher Education (MAHE)","Score-based diagnostic algorithm for screening of Inborn Errors of Energy Metabolism (IEEM)","Literary work","LD-35739/2026-CO","2026-07-30","","","cr_filed","Contact: shambhavi.mchpmpl2022@learner.manipal.edu","Shambhavi Shetye Saritha Kamath U Ramesh Bhat Y Nalini Bhaskaranand"
"t-965","copyright","MCR948","Manipal Academy of Higher Education (MAHE)","Semi-Structured Qualitative Interview Guide for Exploring the Implementation of Home Medication Review Concept Among End-Stage Renal Disease Patients","Literary work","LD-35562/2026-CO","2026-07-29","","","cr_filed","Contact: sushanth.mcopsmpl2024@learner.manipal.edu","SUSHANTH K GIRISH THUNGA PRADEEP M MURAGUNDI SOHIL A KHAN SREEDHARAN MOHAN V BHOJARAJA UDAY KUMAR R"
"t-966","copyright","MCR949","Manipal Academy of Higher Education (MAHE)","Untitled Copyright Work","Literary work","","","","","cr_filed","Contact: joseph.plastic@manipal.edu",""
"t-967","copyright","MCR950","Manipal Academy of Higher Education (MAHE)","Study workflow for the development and validation of a nomogram predicting N-status in OSCC","Literary work","LD-35743/2026-CO","2026-07-30","","","cr_filed","Contact: vasantha.kmcmpl2024@learner.manipal.edu","Vasantha M N Devaraja K Satyanarayana Meena Kumari K"
"t-968","copyright","MCR951","Manipal Academy of Higher Education (MAHE)","Untitled Copyright Work","Literary work","","","","","cr_filed","Contact: nagaveni.psphmpl2024@learner.manipal.edu",""
"t-969","copyright","MCR952","Manipal Academy of Higher Education (MAHE)","Occupational Therapy Home Program – Stroke","Literary work","LD-35951/2026-CO","2026-07-31","","","cr_filed","Contact: nilakshi.shirodkar@manipal.edu","Sebestina Anita Dsouza Kaushika Venkataraman Nilakshi Shirodkar Nevita Saha Prerna Lal"
"t-970","copyright","MCR953","Manipal Academy of Higher Education (MAHE)","Untitled Copyright Work","Literary work","","","","","cr_filed","Contact: rishit.kmcmlr2022@learner.manipal.edu",""
"t-971","copyright","MCR954","Manipal Academy of Higher Education (MAHE)","NIKITA-CM (Nature-conscious Internet Kart-purchase Intention & Tendency Analysis – Conceptual Model)","Literary work","LD-35041/2026-CO","2026-07-27","","","cr_filed","Contact: raja.shetty@manipal.edu","Nikita Panwar Dasharathraj K Shetty Sandeep S Shenoy"
"t-972","copyright","MCR955","Manipal Academy of Higher Education (MAHE)","NIKITA- Nature-conscious Internet Kart-purchase Intention & Tendency Analysis","Literary work","LD-35118/2026-CO","2026-07-27","","","cr_filed","Contact: raja.shetty@manipal.edu","Nikita Panwar Dasharathraj K Shetty Sandeep S Shenoy"
"t-973","copyright","MCR956","Manipal Academy of Higher Education (MAHE)","Visual and Intraoperative Satisfaction Outcomes Review (VISOR-20)","Literary work","LD-35196/2026-CO","2026-07-27","","","cr_filed","Contact: rishit.kmcmlr2022@learner.manipal.edu","Rishit Anand Keerthan Rao Arjun Kumar Armaan Ranjeet Thakur"
"t-974","copyright","MCR957","Manipal Academy of Higher Education (MAHE)","Cataract Surgery Anxiety Scale (CSAS)","Literary work","LD-35986/2026-CO","2026-07-31","","","cr_filed","Contact: rishit.kmcmlr2022@learner.manipal.edu","Rishit Anand Keerthan Rao Arjun Kumar Armaan Ranjeet Thakur"
"t-975","copyright","MCR958","Manipal Academy of Higher Education (MAHE)","Untitled Copyright Work","Literary work","","","","","cr_filed","Contact: rahila.a@manipal.edu, shanta.dash@manipal.edu",""
"t-976","copyright","MCR959","Manipal Academy of Higher Education (MAHE)","Untitled Copyright Work","Literary work","","","","","cr_filed","Contact: albin.mcopsmpl2024@learner.manipal.edu",""
"t-977","copyright","MCR960","Manipal Academy of Higher Education (MAHE)","Untitled Copyright Work","Literary work","","","","","cr_filed","Contact: nithya.thomas@manipal.edu",""
"t-978","copyright","MCR961","Manipal Academy of Higher Education (MAHE)","Untitled Copyright Work","Literary work","","","","","cr_filed","Contact: Assessment and Evaluation Guidelines for Intelligent Systems in Healthcare Research- vineet.mcodsmlr2023@learner.manipal.edu",""
"t-979","copyright","MCR962","Manipal Academy of Higher Education (MAHE)","Untitled Copyright Work","Literary work","","","","","cr_filed","Contact: mavis.kmcmpl2024@learner.manipal.edu",""
"t-980","copyright","MCR963","Manipal Academy of Higher Education (MAHE)","Untitled Copyright Work","Literary work","","","","","cr_filed","Contact: mavis.kmcmpl2024@learner.manipal.edu",""
"t-981","copyright","MCR964","Manipal Academy of Higher Education (MAHE)","Untitled Copyright Work","Literary work","","","","","cr_filed","Contact: mavis.kmcmpl2024@learner.manipal.edu",""
"t-982","copyright","MCR961","Manipal Academy of Higher Education (MAHE)","Untitled Copyright Work","Literary work","","","","","cr_filed","Contact: mavis.kmcmpl2024@learner.manipal.edu",""
"t-983","copyright","MCR962","Manipal Academy of Higher Education (MAHE)","Morphological and morphometric measurement images of glenoid cavity, coracoid process and acromion process","Literary work","","","","","cr_filed","Contact: mavis.kmcmpl2024@learner.manipal.edu",""
"t-984","copyright","MCR963","Manipal Academy of Higher Education (MAHE)","Untitled Copyright Work","Literary work","","","","","cr_filed","Contact: mavis.kmcmpl2024@learner.manipal.edu",""
"t-985","copyright","MCR964","Manipal Academy of Higher Education (MAHE)","Untitled Copyright Work","Literary work","","","","","cr_filed","Contact: mavis.kmcmpl2024@learner.manipal.edu",""
"t-986","copyright","MCR965","Manipal Academy of Higher Education (MAHE)","Untitled Copyright Work","Literary work","","","","","cr_filed","Contact: mavis.kmcmpl2024@learner.manipal.edu",""
"t-987","copyright","MCR966","Manipal Academy of Higher Education (MAHE)","Untitled Copyright Work","Literary work","","","","","cr_filed","Contact: mavis.kmcmpl2024@learner.manipal.edu",""
"t-988","copyright","MCR967","Manipal Academy of Higher Education (MAHE)","Untitled Copyright Work","Literary work","","","","","cr_filed","Contact: mavis.kmcmpl2024@learner.manipal.edu",""
"t-989","copyright","MCR968","Manipal Academy of Higher Education (MAHE)","Untitled Copyright Work","Literary work","","","","","cr_filed","Contact: mavis.kmcmpl2024@learner.manipal.edu",""
"t-990","copyright","MCR969","Manipal Academy of Higher Education (MAHE)","Untitled Copyright Work","Literary work","","","","","cr_filed","Contact: mavis.kmcmpl2024@learner.manipal.edu",""
"t-991","copyright","MCR970","Manipal Academy of Higher Education (MAHE)","Untitled Copyright Work","Literary work","","","","","cr_filed","Contact: mavis.kmcmpl2024@learner.manipal.edu",""
"t-992","copyright","MCR971","Manipal Academy of Higher Education (MAHE)","Untitled Copyright Work","Literary work","","","","","cr_filed","Contact: mavis.kmcmpl2024@learner.manipal.edu",""
"t-993","copyright","MCR972","Manipal Academy of Higher Education (MAHE)","Untitled Copyright Work","Literary work","","","","","cr_filed","Contact: mavis.kmcmpl2024@learner.manipal.edu",""
"t-994","copyright","MCR973","Manipal Academy of Higher Education (MAHE)","Untitled Copyright Work","Literary work","","","","","cr_filed","Contact: mavis.kmcmpl2024@learner.manipal.edu",""
"t-995","copyright","MCR974","Manipal Academy of Higher Education (MAHE)","Untitled Copyright Work","Literary work","","","","","cr_filed","Contact: mavis.kmcmpl2024@learner.manipal.edu",""
"t-996","copyright","MCR975","Manipal Academy of Higher Education (MAHE)","Untitled Copyright Work","Literary work","","","","","cr_filed","Contact: mavis.kmcmpl2024@learner.manipal.edu",""
"t-997","copyright","MCR976","Manipal Academy of Higher Education (MAHE)","Koneya Hantada Muthrapinda Kaayileinda Balaluttiruva Rogigalige Mane Aushadi Vimarshe Karyakramavannu Karyagatagolisuva Kuritu Gunaatmaka Sandarshanada Margadarshi","Literary work","LD-35991/2026-CO","2026-07-31","","","cr_filed","Contact: sushanth.mcopsmpl2024@learner.manipal.edu","Sushanth K Girish Thunga Pradeep M Muragundi Sohil A Khan Sreedharan Mohan V Bhojaraja Uday Kumar R"
"t-998","copyright","MCR977","Manipal Academy of Higher Education (MAHE)","AUTOPSY-BASED HEAD INJURY SEVERITY SCORE (AHISS)","Literary work","LD-40166/2026-CO","2026-08-28","","","cr_filed","Contact: sameer.thaseen1704@gmail.com","MOHAMMED SAMEER AHMED B. SURESH KUMAR SHETTY VIKYATH VISHWANATH ANCHAN SUJAY V K"
"t-999","copyright","MCR978","Manipal Academy of Higher Education (MAHE)","Emergency Limb Trauma Severity Score (ELTS-SS)","Literary work","LD-39255/2026-CO","2026-08-20","","","cr_filed","Contact: sameer.thaseen1704@gmail.com","VINEET MOHAMMED SAMEER AHMED"
"t-1000","copyright","MCR979","Manipal Academy of Higher Education (MAHE)","AUTOPSY-BASED THORACIC INJURY SEVERITY SCORE (A-TISS)","Literary work","LD-39080/2026-CO","2026-08-19","","","cr_filed","Contact: sameer.thaseen1704@gmail.com","VINEET MOHAMMED SAMEER AHMED"
"t-1001","copyright","MCR980","Manipal Academy of Higher Education (MAHE)","AUTOPSY-BASED ABDOMINAL SOLID ORGAN INJURY SEVERITY SCORE (A-SOISS)","Literary work","LD-39470/2026-CO","2026-08-21","","","cr_filed","Contact: sameer.thaseen1704@gmail.com","VINEET MOHAMMED SAMEER AHMED"
"t-1002","copyright","MCR981","Manipal Academy of Higher Education (MAHE)","Emergency Chest Trauma Severity Score (ECTSS)","Literary work","LD-39291/2026-CO","2026-08-20","","","cr_filed","Contact: sameer.thaseen1704@gmail.com","VINEET MOHAMMED SAMEER AHMED"
"t-1003","copyright","MCR982","Manipal Academy of Higher Education (MAHE)","AUTOPSY-BASED FACIAL & NECK INJURY SEVERITY SCORE (A-FNISS)","Literary work","LD-39467/2026-CO","2026-08-21","","","cr_filed","Contact: sameer.thaseen1704@gmail.com","VINEET MOHAMMED SAMEER AHMED"
"t-1004","copyright","MCR983","Manipal Academy of Higher Education (MAHE)","Semi-Structured Qualitative Interview Guide for Nephrologists/ Healthcare Professionals on Exploring the Implementation of Home Medication Review Concept Among End-Stage Renal Disease Patients","Literary work","LD-36727/2026-CO","2026-05-08","","","cr_filed","Contact: sushanth.mcopsmpl2024@learner.manipal.edu","SUSHANTH K GIRISH THUNGA PRADEEP M MURAGUNDI SOHIL A KHAN SREEDHARAN MOHAN V BHOJARAJA UDAY KUMAR R"
"t-1005","copyright","MCR984","Manipal Academy of Higher Education (MAHE)","Trace Evidence Analysis in India: Scientific Advances, Forensic Applications, and Legal Challenges","Literary work","LD-36748/2026-CO","2026-05-08","","","cr_filed","Contact: saptarshi.kmcmpl2025@learner.manipal.edu-","ADITYA SUMAN SAPTARSHI MANDAL"
"t-1006","copyright","MCR985","Manipal Academy of Higher Education (MAHE)","Visual Arts: Sexual Assault","Literary work","LD-37105/2026-CO","2026-05-08","","","cr_filed","Contact: saptarshi.kmcmpl2025@learner.manipal.edu","SANJANA PATEL VEDANGI MHATRE ARJUN M S SAPTARSHI MANDAL"
"t-1007","copyright","MCR986","Manipal Academy of Higher Education (MAHE)","TRANSLATION OF JAPANES 5S CONCEPT INTO KONKANI LANGUAGE AS 5S(K)","Literary work","LD-37940/2026-CO","2026-12-08","","","cr_filed","Contact: nagaraj.kamath@manipal.edu","NAGARAJ KAMATH H"
"t-1008","copyright","MCR988","Manipal Academy of Higher Education (MAHE)","Learning through AI — Interactive Session Suite (Version 1.0)","Literary work","SW-37472/2026-CO","2026-10-08","","","cr_filed","Contact: kartikeya.bolar@manipal.edu-","KARTIKEYA BOLAR"
"t-1009","copyright","MCR989","Manipal Academy of Higher Education (MAHE)","Research Methods — Integrated Console, Text Analytics & Bibliometric Suite (Version 1.0)","Literary work","SW-37474/2026-CO","2026-10-08","","","cr_filed","Contact: kartikeya.bolar@manipal.edu-","KARTIKEYA BOLAR"
"t-1010","copyright","MCR990","Manipal Academy of Higher Education (MAHE)","Untitled Copyright Work","Literary work","","","","","cr_filed","Contact: kshama.v@manipal.edu",""
"t-1011","copyright","MCR991","Manipal Academy of Higher Education (MAHE)","Untitled Copyright Work","Literary work","","","","","cr_filed","Contact: nishad.amar@manipal.edu",""
"t-1012","copyright","MCR992","Manipal Academy of Higher Education (MAHE)","Untitled Copyright Work","Literary work","","","","","cr_filed","Contact: saidan.shetty@manipal.edu",""
"t-1013","copyright","MCR993","Manipal Academy of Higher Education (MAHE)","Untitled Copyright Work","Literary work","","","","","cr_filed","Contact: harshita.singh1@learner.manipal.edu",""
"t-1014","copyright","MCR994","Manipal Academy of Higher Education (MAHE)","Diabetes Profile and Social Support Assessment Questionnaire (DPSSAQ)","Literary work","LD-39623/2026-CO","2026-08-22","","","cr_filed","Contact: anju.muraleedharan@manipal.edu","FARSANA K ANJU M SAHANA SHETTY"
"t-1015","copyright","MCR996","Manipal Academy of Higher Education (MAHE)","PROTOCOL BOOKLET Hands-on Workshop: 3D Bioprinting for Interprofessional Research","Literary work","LD-39589/2026-CO","2026-08-22","","","cr_filed","Contact: kirthanashri.sv@manipal.edu","S V KIRTHANASHRI S VARADHARAJAN MRUNMAYI ASHISH GADRE VIDHI MATHUR PRACHI AGARWAL VINITA DSOUZA AMRUTHA HEBBAR SWATHI BORRA SWEKCHA"
"t-1016","copyright","MCR998","Manipal Academy of Higher Education (MAHE)","Untitled Copyright Work","Literary work","","","","","cr_filed","Contact: patil.nj@manipal.edu",""
"t-1017","copyright","MCR999","Manipal Academy of Higher Education (MAHE)","Visual Arts: Anti-Drug","Literary work","LD-39107/2026-CO","2026-08-19","","","cr_filed","Contact: saptarshi.kmcmpl2025@learner.manipal.edu","SANJANA PATEL VEDANGI MHATRE ARJUN M S SAPTARSHI MANDAL ASHA ALBUQUERQUE PAI"
"t-1018","copyright","MCR1000","Manipal Academy of Higher Education (MAHE)","Untitled Copyright Work","Literary work","","","","","cr_filed","Contact: rukmini.mchpmpl2022@learner.manipal.edu",""
"t-1019","copyright","MCR1001","Manipal Academy of Higher Education (MAHE)","CRAVED (Culinary quality, Restaurant servicescape, Authenticity, Visit and recommendation intention, eWOM trust, Delivery of service)","Literary work","LD-37932/2026-CO","2026-12-08","","","cr_filed","Contact: anusha.pai@manipal.edu","ANUSHA PAI DASHARATHRAJ K SHETTY SANDEEP S SHENOY"
"t-1020","copyright","MCR1002","Manipal Academy of Higher Education (MAHE)","CRAVED FRAMEWORK (Culinary quality, Restaurant servicescape, Authenticity, Visit and recommendation intention, eWOM trust, Delivery of service)","Literary work","LD-37747/2026-CO","2026-11-08","","","cr_filed","Contact: anusha.pai@manipal.edu","ANUSHA PAI DASHARATHRAJ K SHETTY SANDEEP S SHENOY"
"t-1021","copyright","MCR1003","Manipal Academy of Higher Education (MAHE)","Untitled Copyright Work","Literary work","","","","","cr_filed","Contact: precilla.mconmpl2022@learner.manipal.edu",""
"t-1022","copyright","MCR1004","Manipal Academy of Higher Education (MAHE)","Untitled Copyright Work","Literary work","","","","","cr_filed","Contact: precilla.mconmpl2022@learner.manipal.edu",""
"t-1023","copyright","MCR1005","Manipal Academy of Higher Education (MAHE)","Untitled Copyright Work","Literary work","","","","","cr_filed","Contact: precilla.mconmpl2022@learner.manipal.edu",""
"t-1024","copyright","MCR1006","Manipal Academy of Higher Education (MAHE)","Palliative Care Nursing Competency Framework – India 2026: Resource Manual and Self- Assessment Guide","Literary work","LD-41416/2026-CO","2026-09-02","","","cr_filed","Contact: soumya.mconmpl2022@learner.manipal.edu","SOUMYA LIZ JACOB. MALATHI G NAYAK LINU SARA GEORGE"
"t-1025","copyright","MCR1007","Manipal Academy of Higher Education (MAHE)","Observational Tool for Assessing Tobacco Vendor Licensing and COTPA Compliance in Urban Karnataka","Literary work","LD-38919/2026-CO","2026-08-18","","","cr_filed","Contact: rohit.bhagawath@manipal.edu","MURALIDHAR KULKARNI SNEHA MALLYA ROHITH BHAGAWATH PRAVEEN KUMAR RADHIKA"
"t-1026","copyright","MCR1008","Manipal Academy of Higher Education (MAHE)","Tobacco Vendor Licensing Qualitative Interview Guide (English Version)","Literary work","LD-39078/2026-CO","2026-08-19","","","cr_filed","Contact: rohit.bhagawath@manipal.edu","MURALIDHAR KULKARNI SNEHA MALLYA ROHITH BHAGAWATH PRAVEEN KUMAR RADHIKA"
"t-1027","copyright","MCR1009","Manipal Academy of Higher Education (MAHE)","Tobacco Vendor Licensing Qualitative Interview Guide (Kannada Version)","Literary work","LD-39077/2026-CO","2026-08-19","","","cr_filed","Contact: rohit.bhagawath@manipal.edu","MURALIDHAR KULKARNI SNEHA MALLYA ROHITH BHAGAWATH PRAVEEN KUMAR RADHIKA"
"t-1028","copyright","MCR1010","Manipal Academy of Higher Education (MAHE)","Untitled Copyright Work","Literary work","","","","","cr_filed","Contact: shashank.mehrotra@manipal.edu",""
"t-1029","copyright","MCR1011","Manipal Academy of Higher Education (MAHE)","Untitled Copyright Work","Literary work","","","","","cr_filed","Contact: shashank.mehrotra@manipal.edu",""
"t-1030","copyright","MCR1012","Manipal Academy of Higher Education (MAHE)","Untitled Copyright Work","Literary work","","","","","cr_filed","Contact: shashank.mehrotra@manipal.edu",""
"t-1031","copyright","MCR1013","Manipal Academy of Higher Education (MAHE)","Untitled Copyright Work","Literary work","","","","","cr_filed","Contact: shashank.mehrotra@manipal.edu",""
"t-1032","copyright","MCR1014","Manipal Academy of Higher Education (MAHE)","Parasocial Relationship Checklist","Literary work","LD-42581/2026-CO","2026-09-09","","","cr_filed","Contact: v.anupama@manipal.edu","KANISHKA KUNJBIHARI AGARWAL ANUPAMA VIJAYARAGHAVAN ANAGHA SRIKANT DESHMUKH"
"t-1033","copyright","MCR1015","Manipal Academy of Higher Education (MAHE)","EMERGENCY ABDOMINAL TRAUMA SEVERITY SCORE (EATSS)","Literary work","LD-39487/2026-CO","2026-08-21","","","cr_filed","Contact: sameer.thaseen1704@gmail.com","Vineet Mohammed Sameer Ahmed"
"t-1034","copyright","MCR1016","Manipal Academy of Higher Education (MAHE)","AUTOPSY-BASED PELVIC INJURY SEVERITY SCORE (A PISS)","Literary work","LD-39275/2026-CO","2026-08-20","","","cr_filed","Contact: sameer.thaseen1704@gmail.com","Vineet Mohammed Sameer Ahmed"
"t-1035","copyright","MCR1017","Manipal Academy of Higher Education (MAHE)","AUTOPSY-BASED HOLLOW VISCUS INJURY SEVERITY SCORE (A-HVISS)","Literary work","LD-39253/2026-CO","2026-08-20","","","cr_filed","Contact: sameer.thaseen1704@gmail.com-AUTOPSY-BASED HOLLOW VISCUS INJURY SEVERITY SCORE (A-HVISS)","Vineet Mohammed Sameer Ahmed"
"t-1036","copyright","MCR1018","Manipal Academy of Higher Education (MAHE)","Emergency Head Injury Severity Score (EHISS)","Literary work","LD-38916/2026-CO","2026-08-18","","","cr_filed","Contact: sameer.thaseen1704@gmail.com-Emergency Head Injury Severity Score (EHISS)","VINEET MOHAMMED SAMEER AHMED B SURESH KUMAR SHETTY VIKYATH VISHWANATH ANCHAN"
"t-1037","copyright","MCR1019","Manipal Academy of Higher Education (MAHE)","Emergency Pelvic Trauma Severity Score (EPTSS)","Literary work","LD-39252/2026-CO","2026-08-20","","","cr_filed","Contact: sameer.thaseen1704@gmail.com-Emergency Pelvic Trauma Severity Score (EPTSS)","Vineet Mohammed Sameer Ahmed"
"t-1038","copyright","MCR1020","Manipal Academy of Higher Education (MAHE)","Untitled Copyright Work","Literary work","","","","","cr_filed","Contact: harini.santhanam@manipal.edu",""
"t-1039","copyright","MCR1021","Manipal Academy of Higher Education (MAHE)","Untitled Copyright Work","Literary work","","","","","cr_filed","Contact: arjun.ms@manipal.edu",""
"t-1040","copyright","MCR1022","Manipal Academy of Higher Education (MAHE)","Untitled Copyright Work","Literary work","","","","","cr_filed","Contact: rao.sharanya@manipal.edu",""
"t-1041","copyright","MCR1023","Manipal Academy of Higher Education (MAHE)",""" Pre-operative education for patients with lower limb fracture surgery -","Literary work","CF-40036/2026-CO","2026-08-24","","","cr_filed","Contact: sonyog.mconmpl2024@learner.manipal.edu","Sonyog Maity Janet Prameela D’Souza Kusumavathi"
"t-1042","copyright","MCR1024","Manipal Academy of Higher Education (MAHE)","Pre-operative education for patients with lower limb fracture surgery - Kannada Version","Literary work","CF-40064/2026-CO","2026-08-25","","","cr_filed","Contact: sonyog.mconmpl2024@learner.manipal.edu","Sonyog Maity Janet Prameela D’Souza Kusumavathi"
"t-1043","copyright","MCR1025","Manipal Academy of Higher Education (MAHE)","SCOPE-12: A Twelve-Phase Framework for Conducting Scoping Reviews from Conceptualization to Submission","Literary work","LD-39083/2026-CO","2026-08-19","","","cr_filed","Contact: chanda.kmcmpl2024@learner.manipal.edu-","CHANDA JHA SHOBHA U KAMATH INDIRA ADIGA"
"t-1044","copyright","MCR1026","Manipal Academy of Higher Education (MAHE)","Untitled Copyright Work","Literary work","","","","","cr_filed","",""
"t-1045","copyright","MCR1027","Manipal Academy of Higher Education (MAHE)","Untitled Copyright Work","Literary work","","","","","cr_filed","Contact: nikitha.sr@learner.manipal.edu",""
"t-1046","copyright","MCR1028","Manipal Academy of Higher Education (MAHE)","Untitled Copyright Work","Literary work","","","","","cr_filed","Contact: patil.nj@manipal.edu",""
"t-1047","copyright","MCR1029","Manipal Academy of Higher Education (MAHE)","Untitled Copyright Work","Literary work","","","","","cr_filed","Contact: patil.nj@manipal.edu",""
"t-1048","copyright","MCR1030","Manipal Academy of Higher Education (MAHE)","Untitled Copyright Work","Literary work","","","","","cr_filed","Contact: mhatre.kmcmpl2025@learner.manipal.edu",""
"t-1049","copyright","MCR1031","Manipal Academy of Higher Education (MAHE)","Untitled Copyright Work","Literary work","","","","","cr_filed","Contact: mhatre.kmcmpl2025@learner.manipal.edu",""
"t-1050","copyright","MCR1032","Manipal Academy of Higher Education (MAHE)","Untitled Copyright Work","Literary work","","","","","cr_filed","Contact: mhatre.kmcmpl2025@learner.manipal.edu",""
"t-1051","copyright","MCR1033","Manipal Academy of Higher Education (MAHE)","Untitled Copyright Work","Literary work","","","","","cr_filed","Contact: patelsanjana.kmcmpl2025@learner.manipal.edu",""
"t-1052","copyright","MCR1034","Manipal Academy of Higher Education (MAHE)","Untitled Copyright Work","Literary work","","","","","cr_filed","Contact: patelsanjana.kmcmpl2025@learner.manipal.edu",""
"t-1053","copyright","MCR1035","Manipal Academy of Higher Education (MAHE)","Untitled Copyright Work","Literary work","","","","","cr_filed","Contact: patelsanjana.kmcmpl2025@learner.manipal.edu",""
"t-1054","copyright","MCR1036","Manipal Academy of Higher Education (MAHE)","CORONARY ANGIOGRAM REPORTING FORMAT: CARDIOVASCULAR PHYSIOLOGIST PERSPECTIVES-","Literary work","LD-39624/2026-CO","2026-08-22","","","cr_filed","Contact: naik.karthik@manipal.edu","KARTHIK A NAIK BHRAAMARY NIHAL MOHAN NAYAK ANEESH R"
"t-1055","copyright","MCR1037","Manipal Academy of Higher Education (MAHE)","Integrative framework linking mechanistic discovery to clinical translation in alcohol use disorder (AUD)","Literary work","AT-39862/2026-CO","2026-08-24","","","cr_filed","Contact: jahid.kmcmpl2023@learner.manipal.edu","Mohd Jahid Riyaz Ahmad Khan Vinod C Nayak Samir Kumar Praharaj Bobby Paul Shama Prasada Kabekkodu"
"t-1056","copyright","MCR1038","Manipal Academy of Higher Education (MAHE)","Epigenetic Mechanism in Pathophysiology of Alcohol Use Disorder (AUD)","Literary work","AT-39838/2026-CO","2026-08-24","","","cr_filed","Contact: jahid.kmcmpl2023@learner.manipal.edu","Mohd Jahid Riyaz Ahmad Khan Vinod C Nayak Samir Kumar Praharaj Bobby Paul Shama Prasada Kabekkodu"
"t-1057","copyright","MCR1039","Manipal Academy of Higher Education (MAHE)","Untitled Copyright Work","Literary work","","","","","cr_filed","Contact: sweety.fernandes@manipal.edu",""
"t-1058","copyright","MCR1040","Manipal Academy of Higher Education (MAHE)","Untitled Copyright Work","Literary work","","","","","cr_filed","Contact: mallurrajat278@gmail.com",""
"t-1059","copyright","MCR1041","Manipal Academy of Higher Education (MAHE)","Untitled Copyright Work","Literary work","","","","","cr_filed","Contact: sainath.p@manipal.edu",""
"t-1060","copyright","MCR1042","Manipal Academy of Higher Education (MAHE)","Untitled Copyright Work","Literary work","","","","","cr_filed","Contact: maria.v@manipal.edu",""
"t-1061","copyright","MCR1043","Manipal Academy of Higher Education (MAHE)","Untitled Copyright Work","Literary work","","","","","cr_filed","Contact: ravindra.nm@manipal.edu",""
"t-1062","copyright","MCR1044","Manipal Academy of Higher Education (MAHE)","IPred-E 1.0: Inhibitor Predictor for Epidermal Growth Factor Receptor (EGFR)","Literary work","SW-40168/2026-CO","2026-08-28","","","cr_filed","Contact: dileep.kumar@manipal.edu","DILEEP KUMAR AJWIN JOSEPH MARTIN"
"t-1063","copyright","MCR1045","Manipal Academy of Higher Education (MAHE)","Ethical perspectives and attitudes on the use of electronic health information resources in therapeutics by health care professionals in India","Literary work","LD-40210/2026-CO","2026-08-28","","","cr_filed","Contact: sowmya.p@manipal.edu","SIDDHANTH RANGINENI JEFFREY PRADEEP RAJ SOWMYA PUJARI"
"t-1064","copyright","MCR1046","Manipal Academy of Higher Education (MAHE)","Untitled Copyright Work","Literary work","","","","","cr_filed","Contact: rohit.bhagawath@manipal.edu",""
"t-1065","copyright","MCR1047","Manipal Academy of Higher Education (MAHE)","Untitled Copyright Work","Literary work","","","","","cr_filed","Contact: rohit.bhagawath@manipal.edu",""
"t-1066","copyright","MCR1048","Manipal Academy of Higher Education (MAHE)","Untitled Copyright Work","Literary work","","","","","cr_filed","Contact: rohit.bhagawath@manipal.edu",""
"t-1067","copyright","MCR1049","Manipal Academy of Higher Education (MAHE)","Untitled Copyright Work","Literary work","","","","","cr_filed","Contact: rohit.bhagawath@manipal.edu",""
"t-1068","copyright","MCR1050","Manipal Academy of Higher Education (MAHE)","Colour reactions with given Protein solution","Literary work","LD-40429/2026-CO","2026-08-29","","","cr_filed","Contact: geethika.kmcmpl2023@learner.manipal.edu-Colour reactions with given Protein solution","GEETHIKA YELLETI VARASHREE B S NIHAAL MARIPINI"
"t-1069","copyright","MCR1051","Manipal Academy of Higher Education (MAHE)","DNA isolation from Whole blood","Literary work","LD-40432/2026-CO","2026-08-29","","","cr_filed","Contact: geethika.kmcmpl2023@learner.manipal.edu-DNA isolation from Whole blood","GEETHIKA YELLETI VARASHREE B S NIHAAL MARIPINI"
"t-1070","copyright","MCR1052","Manipal Academy of Higher Education (MAHE)","Oral Glucose tolerance test (OGTT)","Literary work","LD-42445/2026-CO","2026-08-09","","","cr_filed","Contact: geethika.kmcmpl2023@learner.manipal.edu","GEETHIKA YELLETI VARASHREE B S NIHAAL MARIPINI"
"t-1071","copyright","MCR1053","Manipal Academy of Higher Education (MAHE)","Colour Reactions of Monosaccharides","Literary work","","","","","cr_filed","Contact: geethika.kmcmpl2023@learner.manipal.edu- Colour Reactions of Monosaccharides","GEETHIKA YELLETI VARASHREE B S NIHAAL MARIPINI"
"t-1072","copyright","MCR1054","Manipal Academy of Higher Education (MAHE)","Untitled Copyright Work","Literary work","","","","","cr_filed","Contact: geethika.kmcmpl2023@learner.manipal.edu",""
"t-1073","copyright","MCR1055","Manipal Academy of Higher Education (MAHE)","Analysis of normal urine","Literary work","LD-41407/2026-CO","2026-02-09","","","cr_filed","Contact: geethika.kmcmpl2023@learner.manipal.edu","GEETHIKA YELLETI VARASHREE B S NIHAAL MARIPINI"
"t-1074","copyright","MCR1056","Manipal Academy of Higher Education (MAHE)","Reactions of Non-Protein Nitrogenous (NPN) Substances","Literary work","LD-41641/2026-CO","2026-03-09","","","cr_filed","Contact: geethika.kmcmpl2023@learner.manipal.edu","GEETHIKA YELLETI VARASHREE B S NIHAAL MARIPINI"
"t-1075","copyright","MCR1057","Manipal Academy of Higher Education (MAHE)","Calorific Value of Food, Respiratory Quotient, Specific Dynamic Action, and Basal Metabolic Rate","Literary work","LD-41816/2026-CO","2026-04-09","","","cr_filed","Contact: geethika.kmcmpl2023@learner.manipal.edu","GEETHIKA YELLETI VARASHREE B S NIHAAL MARIPINI"
"t-1076","copyright","MCR1058","Manipal Academy of Higher Education (MAHE)","Reactions of abnormal constituents of urine","Literary work","LD-41817/2026-CO","2026-04-09","","","cr_filed","Contact: geethika.kmcmpl2023@learner.manipal.edu","GEETHIKA YELLETI VARASHREE B S NIHAAL MARIPINI"
"t-1077","copyright","MCR1059","Manipal Academy of Higher Education (MAHE)","Spectrophotometer","Literary work","LD-41804/2026-CO","2026-04-09","","","cr_filed","Contact: geethika.kmcmpl2023@learner.manipal.edu","GEETHIKA YELLETI VARASHREE B S NIHAAL MARIPINI"
"t-1078","copyright","MCR1060","Manipal Academy of Higher Education (MAHE)","Electrophoresis","Literary work","LD-41806/2026-CO","2026-04-09","","","cr_filed","Contact: geethika.kmcmpl2023@learner.manipal.edu","GEETHIKA YELLETI VARASHREE B S NIHAAL MARIPINI"
"t-1079","copyright","MCR1061","Manipal Academy of Higher Education (MAHE)","Quality Control","Literary work","LD-41195/2026-CO","2026-01-09","","","cr_filed","Contact: geethika.kmcmpl2023@learner.manipal.edu","GEETHIKA YELLETI VARASHREE B S NIHAAL MARIPINI"
"t-1080","copyright","MCR1062","Manipal Academy of Higher Education (MAHE)","Profiles of hyper and hypoparathyroidism","Literary work","LD-41821/2026-CO","2026-04-09","","","cr_filed","Contact: geethika.kmcmpl2023@learner.manipal.edu","GEETHIKA YELLETI VARASHREE B S NIHAAL MARIPINI"
"t-1081","copyright","MCR1063","Manipal Academy of Higher Education (MAHE)","Estimation of Aspartate Aminotransferase (AST)","Literary work","LD-40434/2026-CO","2026-08-29","","","cr_filed","Contact: geethika.kmcmpl2023@learner.manipal.edu-Estimation of Aspartate Aminotransferase (AST)","GEETHIKA YELLETI VARASHREE B S NIHAAL MARIPINI"
"t-1082","copyright","MCR1064","Manipal Academy of Higher Education (MAHE)","Estimation of bilirubin","Literary work","LD-41772/2026-CO","2026-04-09","","","cr_filed","Contact: geethika.kmcmpl2023@learner.manipal.edu","GEETHIKA YELLETI VARASHREE B S NIHAAL MARIPINI"
"t-1083","copyright","MCR1065","Manipal Academy of Higher Education (MAHE)","Estimation of Alkaline Phosphatase (ALP)","Literary work","LD-41639/2026-CO","2026-03-09","","","cr_filed","Contact: geethika.kmcmpl2023@learner.manipal.edu","GEETHIKA YELLETI VARASHREE B S NIHAAL MARIPINI"
"t-1084","copyright","MCR1066","Manipal Academy of Higher Education (MAHE)","Estimation of Alanine Aminotransferase (ALT)","Literary work","LD-41637/2026-CO","2026-03-09","","","cr_filed","Contact: geethika.kmcmpl2023@learner.manipal.edu","GEETHIKA YELLETI VARASHREE B S NIHAAL MARIPINI"
"t-1085","copyright","MCR1067","Manipal Academy of Higher Education (MAHE)","Estimation of Blood Urea","Literary work","LD-41632/2026-CO","2026-03-09","","","cr_filed","Contact: geethika.kmcmpl2023@learner.manipal.edu","GEETHIKA YELLETI VARASHREE B S NIHAAL MARIPINI"
"t-1086","copyright","MCR1068","Manipal Academy of Higher Education (MAHE)","Estimation of Calcium","Literary work","LD-41629/2026-CO","2026-03-09","","","cr_filed","Contact: geethika.kmcmpl2023@learner.manipal.edu","GEETHIKA YELLETI VARASHREE B S NIHAAL MARIPINI"
"t-1087","copyright","MCR1069","Manipal Academy of Higher Education (MAHE)","Thyroid function tests","Literary work","LD-41626/2026-CO","2026-03-09","","","cr_filed","Contact: geethika.kmcmpl2023@learner.manipal.edu","GEETHIKA YELLETI VARASHREE B S NIHAAL MARIPINI"
"t-1088","copyright","MCR1070","Manipal Academy of Higher Education (MAHE)","Smart Docking Apparatus for Automated Monitoring of Oral Hygiene Practices","Literary work","LD-42578/2026-CO","2026-09-09","","","cr_filed","Contact: p.raghavendra@manipal.edu","ANIRUDH SHRIDHAR RHITHIKA SOSA JOSEPH ASHA C S RAGHAVENDRA RAO P SANTHOSH KUMAR MAITHRI M"
"t-1089","copyright","MCR1071","Manipal Academy of Higher Education (MAHE)","Estimation of glucose","Literary work","LD-42588/2026-CO","2026-09-09","","","cr_filed","Contact: geethika.kmcmpl2023@learner.manipal.edu","GEETHIKA YELLETI VARASHREE B S NIHAAL MARIPINI"
"t-1090","copyright","MCR1072","Manipal Academy of Higher Education (MAHE)","Validated questionnaire to explore the clinical speech assessment practice patterns among speech-language pathologists (SLPs) working with patients with Head and Neck Cancer (HNC) in India","Literary work","LD-42585/2026-CO","2026-09-09","","","cr_filed","Contact: hasmithaa.mchpmpl2024@learner.manipal.edu","HASMITHAA BALAJI VENKATARAJA AITHAL U SHEELA S JANET JAISON VARGHESE"
"t-1091","copyright","MCR1073","Manipal Academy of Higher Education (MAHE)","Estimation of Phosphorus","Literary work","LD-42470/2026-CO","2026-08-09","","","cr_filed","Contact: geethika.kmcmpl2023@learner.manipal.edu","GEETHIKA YELLETI VARASHREE B S NIHAAL MARIPINI"
"t-1092","copyright","MCR1074","Manipal Academy of Higher Education (MAHE)","Estimation of Serum creatinine","Literary work","LD-42450/2026-CO","2026-08-09","","","cr_filed","Contact: geethika.kmcmpl2023@learner.manipal.edu","GEETHIKA YELLETI VARASHREE B S NIHAAL MARIPINI"
"t-1093","copyright","MCR1075","Manipal Academy of Higher Education (MAHE)","Estimation of Serum Total Cholesterol","Literary work","LD-42454/2026-CO","2026-08-09","","","cr_filed","Contact: geethika.kmcmpl2023@learner.manipal.edu","GEETHIKA YELLETI VARASHREE B S NIHAAL MARIPINI"
"t-1094","copyright","MCR1076","Manipal Academy of Higher Education (MAHE)","Estimation of Serum HDL Cholesterol","Literary work","LD-42456/2026-CO","2026-08-09","","","cr_filed","Contact: geethika.kmcmpl2023@learner.manipal.edu","GEETHIKA YELLETI VARASHREE B S NIHAAL MARIPINI"
"t-1095","copyright","MCR1077","Manipal Academy of Higher Education (MAHE)","Estimation of Total serum Protein, Albumin and A:G ratio","Literary work","LD-42587/2026-CO","2026-09-09","","","cr_filed","Contact: geethika.kmcmpl2023@learner.manipal.edu","GEETHIKA YELLETI VARASHREE B S NIHAAL MARIPINI"
"t-1096","copyright","MCR1078","Manipal Academy of Higher Education (MAHE)","Estimation of urine creatinine","Literary work","LD-42603/2026-CO","2026-09-09","","","cr_filed","Contact: geethika.kmcmpl2023@learner.manipal.edu","GEETHIKA YELLETI VARASHREE B S NIHAAL MARIPINI"
"t-1097","copyright","MCR1079","Manipal Academy of Higher Education (MAHE)","Nitrogen Balance, Essential Amino Acid, Protein Quality, Biological Value, Nutritional Value, Combination of Cereals & Pulses, Protein Requirement, Limiting Amino Acid","Literary work","LD-42464/2026-CO","2026-08-09","","","cr_filed","Contact: geethika.kmcmpl2023@learner.manipal.edu","GEETHIKA YELLETI VARASHREE B S NIHAAL MARIPINI"
"t-1098","copyright","MCR1080","Manipal Academy of Higher Education (MAHE)","Calorific value of food, respiratory quotient, specific dynamic action","Literary work","LD-42439/2026-CO","2026-08-09","","","cr_filed","Contact: geethika.kmcmpl2023@learner.manipal.edu","GEETHIKA YELLETI VARASHREE B S NIHAAL MARIPINI"
"t-1099","copyright","MCR1081","Manipal Academy of Higher Education (MAHE)","Iodine","Literary work","LD-42440/2026-CO","2026-08-09","","","cr_filed","Contact: geethika.kmcmpl2023@learner.manipal.edu","GEETHIKA YELLETI VARASHREE B S NIHAAL MARIPINI"
"t-1100","copyright","MCR1082","Manipal Academy of Higher Education (MAHE)","Oncogenes","Literary work","LD-42973/2026-CO","2026-11-09","","","cr_filed","Contact: geethika.kmcmpl2023@learner.manipal.edu","GEETHIKA YELLETI VARASHREE B S NIHAAL MARIPINI"
"t-1101","copyright","MCR1083","Manipal Academy of Higher Education (MAHE)","Analysis of abnormal constituents of urine","Literary work","LD-42974/2026-CO","2026-11-09","","","cr_filed","Contact: geethika.kmcmpl2023@learner.manipal.edu","GEETHIKA YELLETI VARASHREE B S NIHAAL MARIPINI"
"t-1102","copyright","MCR1084","Manipal Academy of Higher Education (MAHE)","Inborn Errors of Metabolism (IEM)-An Introduction","Literary work","LD-42975/2026-CO","2026-11-09","","","cr_filed","Contact: geethika.kmcmpl2023@learner.manipal.edu","GEETHIKA YELLETI VARASHREE B S NIHAAL MARIPINI"
"t-1103","copyright","MCR1085","Manipal Academy of Higher Education (MAHE)","Reactions of albumin","Literary work","LD-42979/2026-CO","2026-11-09","","","cr_filed","Contact: geethika.kmcmpl2023@learner.manipal.edu","GEETHIKA YELLETI VARASHREE B S NIHAAL MARIPINI"
"t-1104","copyright","MCR1086","Manipal Academy of Higher Education (MAHE)","Reactions of casein","Literary work","LD-43153/2026-CO","2026-12-09","","","cr_filed","Contact: geethika.kmcmpl2023@learner.manipal.edu","GEETHIKA YELLETI VARASHREE B S NIHAAL MARIPINI"
"t-1105","copyright","MCR1087","Manipal Academy of Higher Education (MAHE)","Myopia Health Literacy Survey Tool for Adults: A 48-Item Questionnaire (MHLST-48)","Literary work","LD-43155/2026-CO","2026-12-09","","","cr_filed","Contact: dhavamathi.j@manipal.edu","VIJETHA RAVINDRA PAI SALAI DHAVAMATHI J USHA RANI"
"t-1106","copyright","MCR1088","Manipal Academy of Higher Education (MAHE)","Digital Dating Attachment Behavior Scale","Literary work","LD-43157/2026-CO","2026-12-09","","","cr_filed","Contact: k.radhika@manipal.edu","ISHITA PATEL RADHIKA K"
"t-1107","copyright","MCR1089","Manipal Academy of Higher Education (MAHE)","OBSERVER CHECKLIST AND SCORING SYSTEM FOR IN- HOSPITAL DISASTER MOCK DRILL","Literary work","LD-43158/2026-CO","2026-12-09","","","cr_filed","Contact: poojitha.kmcmlr2024@learner.manipal.edu","R POOJITHA NIKHIL PAUL SANJAN ASANARU KUNJU ARCHU M.J KASHYAPA ABY THOMAS .M ANIKET MAAN VIVEK GOPINATHAN"
"t-1108","copyright","MCR1090","Manipal Academy of Higher Education (MAHE)","Untitled Copyright Work","Literary work","","","","","cr_filed","Contact: sameer.thaseen1704@gmail.com",""
"t-1109","copyright","MCR1091","Manipal Academy of Higher Education (MAHE)","Untitled Copyright Work","Literary work","","","","","cr_filed","Contact: sameer.thaseen1704@gmail.com",""
"t-1110","copyright","MCR1092","Manipal Academy of Higher Education (MAHE)","Untitled Copyright Work","Literary work","","","","","cr_filed","Contact: sameer.thaseen1704@gmail.com",""
"t-1111","copyright","MCR1093","Manipal Academy of Higher Education (MAHE)","Untitled Copyright Work","Literary work","","","","","cr_filed","Contact: sameer.thaseen1704@gmail.com",""
"t-1112","copyright","MCR1094","Manipal Academy of Higher Education (MAHE)","Untitled Copyright Work","Literary work","","","","","cr_filed","Contact: sameer.thaseen1704@gmail.com",""
"t-1113","copyright","MCR1095","Manipal Academy of Higher Education (MAHE)","Untitled Copyright Work","Literary work","","","","","cr_filed","Contact: royal.mscempl2025@learner.manipal.edu","MAHE"
"t-1114","copyright","MCR1096","Manipal Academy of Higher Education (MAHE)","Untitled Copyright Work","Literary work","","","","","cr_filed","Contact: konar.tathagata@gmail.com","MAHE"
"t-1115","copyright","MCR1097","Manipal Academy of Higher Education (MAHE)","Untitled Copyright Work","Literary work","","","","","cr_filed","Contact: rahul.kmcmpl2025@learner.manipal.edu","MAHE"
"t-1116","copyright","MCR1098","Manipal Academy of Higher Education (MAHE)","Untitled Copyright Work","Literary work","","","","","cr_filed","Contact: rahul.kmcmpl2025@learner.manipal.edu","MAHE"
"t-1117","copyright","MCR1099","Manipal Academy of Higher Education (MAHE)","Untitled Copyright Work","Literary work","","","","","cr_filed","Contact: sonal.bhat@manipal.edu","MAHE"
"t-1118","copyright","MCR1100","Manipal Academy of Higher Education (MAHE)","Untitled Copyright Work","Literary work","","","","","cr_filed","Contact: pratibha.pk@manipal.edu","mahe"
"t-1119","copyright","MCR1101","Manipal Academy of Higher Education (MAHE)","Untitled Copyright Work","Literary work","","","","","cr_filed","Contact: vasantha.kmcmpl2024@learner.manipal.edu","mahe"
"t-1120","copyright","MCR1102","Manipal Academy of Higher Education (MAHE)","Untitled Copyright Work","Literary work","","","","","cr_filed","Contact: sujatabyahatti197827@gmail.com","MAHE"
"t-1121","copyright","MCR1103","Manipal Academy of Higher Education (MAHE)","Untitled Copyright Work","Literary work","","","","","cr_filed","Contact: upadyaya.harshitha@manipal.edu","MAHE"
"t-1122","copyright","MCR1104","Manipal Academy of Higher Education (MAHE)","Untitled Copyright Work","Literary work","","","","","cr_filed","Contact: nagaveni.psphmpl2024@learner.manipal.edu","MAHE"
"t-1123","copyright","MCR1105","Manipal Academy of Higher Education (MAHE)","Untitled Copyright Work","Literary work","","","","","cr_filed","Contact: nagaveni.psphmpl2024@learner.manipal.edu","MAHE"
"t-1124","copyright","MCR1106","Manipal Academy of Higher Education (MAHE)","Untitled Copyright Work","Literary work","","","","","cr_filed","Contact: nagaveni.psphmpl2024@learner.manipal.edu","MAHE"
"t-1125","copyright","MCR1107","Manipal Academy of Higher Education (MAHE)","Untitled Copyright Work","Literary work","","","","","cr_filed","Contact: nagaveni.psphmpl2024@learner.manipal.edu","MAHE"
"t-1126","copyright","MCR1108","Manipal Academy of Higher Education (MAHE)","Untitled Copyright Work","Literary work","","","","","cr_filed","Contact: nagaveni.psphmpl2024@learner.manipal.edu","MAHE"
"t-1127","copyright","MCR1109","Manipal Academy of Higher Education (MAHE)","Untitled Copyright Work","Literary work","","","","","cr_filed","Contact: prerna.juneja@learner.manipal.edu",""
"t-1128","design","MD01","Manipal Academy of Higher Education (MAHE)","POLYMER PIPE TO POLYMER PIPE CONNECTOR FOR CASING PIPES","23-01 FLUID DISTRIBUTION EQUIPMENT","432472-001","2024-01-10","2024-01-10","2034-01-10","id_registered","Inventor: Santhosha Rao | Email: santhosha.rao@manipal.edu","Santhosha Rao"
"t-1129","design","MD02","Manipal Academy of Higher Education (MAHE)","SPOUT CAP","09-07 CLOSING MEANS AND ATTACHMENTS","432473-001","2024-01-10","2024-01-10","2034-01-10","id_registered","Inventor: Santhosha Rao | Email: santhosha.rao@manipal.edu","Santhosha Rao"
"t-1130","design","MD03","Manipal Academy of Higher Education (MAHE)","CLOSE- STACK SUBSTRATE HOLDER FOR THIN FILM DEVELOPMENT","24-02 MEDICAL INSTRUMENTS, INSTRUMENTS AND TOOLS FOR LABORATORY USE","442594-001","2024-12-31","2024-12-31","2034-12-31","id_registered","Inventor: Bhavanari Mallikarjun | Email: bhavanari.m@manipal.edu","Bhavanari Mallikarjun"
"t-1131","design","MD04","Manipal Academy of Higher Education (MAHE)","OPEN- STACK SUBSTRATE HOLDER FOR THIN FILM DEVELOPMENT","24-02 MEDICAL INSTRUMENTS, INSTRUMENTS AND TOOLS FOR LABORATORY USE","442595-001","2024-12-31","","2034-12-31","id_fer_issued","Inventor: Bhavanari Mallikarjun | Email: bhavanari.m@manipal.edu | Remark: fer","Bhavanari Mallikarjun"
"t-1132","design","MD05","Manipal Academy of Higher Education (MAHE)","CLOSE - HORIZONTAL SUBSTRATE HOLDER FOR LABORATORY THIN-FILM COATING","24-02 MEDICAL INSTRUMENTS, INSTRUMENTS AND TOOLS FOR LABORATORY USE","442596-001","2024-12-31","2024-12-31","2034-12-31","id_registered","Inventor: Bhavanari Mallikarjun | Email: bhavanari.m@manipal.edu","Bhavanari Mallikarjun"
"t-1133","design","MD06","Manipal Academy of Higher Education (MAHE)","OPEN - HORIZONTAL SUBSTRATE HOLDER FOR LABORATORY THIN-FILM COATING","24-02 MEDICAL INSTRUMENTS, INSTRUMENTS AND TOOLS FOR LABORATORY USE","442597-001","2024-12-31","","2034-12-31","id_fer_response_filed","Inventor: Bhavanari Mallikarjun | Email: bhavanari.m@manipal.edu | Remark: fer","Bhavanari Mallikarjun"
"t-1134","design","MD07","Manipal Academy of Higher Education (MAHE)","CLOSE -LABORATORY TOOL FOR THIN FILM COATING","24-02 MEDICAL INSTRUMENTS, INSTRUMENTS AND TOOLS FOR LABORATORY USE","442598-001","2024-12-31","2024-12-31","2034-12-31","id_registered","Inventor: Bhavanari Mallikarjun | Email: bhavanari.m@manipal.edu","Bhavanari Mallikarjun"
"t-1135","design","MD08","Manipal Academy of Higher Education (MAHE)","OPEN- LABORATORY TOOL FOR THIN FILM COATING","24-02 MEDICAL INSTRUMENTS, INSTRUMENTS AND TOOLS FOR LABORATORY USE","442599-001","2024-12-31","","2034-12-31","id_fer_response_filed","Inventor: Bhavanari Mallikarjun | Email: bhavanari.m@manipal.edu | Remark: fer","Bhavanari Mallikarjun"
"t-1136","design","MD09","Manipal Academy of Higher Education (MAHE)","PORTABLE PCR DEVICE FOR QUICK AND ACCURATE DIAGNOSTICS","24-02 MEDICAL INSTRUMENTS, INSTRUMENTS AND TOOLS FOR LABORATORY USE","442600-001","2024-12-31","","2034-12-31","id_fer_response_filed","Inventor: Bhavanari Mallikarjun | Email: bhavanari.m@manipal.edu | Remark: fer","Bhavanari Mallikarjun"
"t-1137","design","MD10","Manipal Academy of Higher Education (MAHE)","OPEN -LABORATORY OPTICAL SENSOR WITH CONTROLLED FLUIDIC FLOW","24-02 MEDICAL INSTRUMENTS, INSTRUMENTS AND TOOLS FOR LABORATORY USE","443947-001","2025-01-13","","2035-01-13","id_fer_response_filed","Inventor: Bhavanari Mallikarjun | Email: bhavanari.m@manipal.edu | Remark: fer","Bhavanari Mallikarjun"
"t-1138","design","MD11","Manipal Academy of Higher Education (MAHE)","CLOSE- LABORATORY OPTICAL SENSOR WITH CONTROLLED FLUIDIC FLOW","24-02 MEDICAL INSTRUMENTS, INSTRUMENTS AND TOOLS FOR LABORATORY USE","443948-001","2025-01-13","","2035-01-13","id_fer_response_filed","Inventor: Bhavanari Mallikarjun | Email: bhavanari.m@manipal.edu | Remark: fer","Bhavanari Mallikarjun"
"t-1139","design","MD12","Manipal Academy of Higher Education (MAHE)","SMART LASER SYSTEM FOR GYMNASTICS AND SPORTS EQUIPMENT","21-02 GYMNASTICS AND SPORTS APPARATUS AND EQUIPMENT","448610-001","2025-02-21","","2035-02-21","id_fer_issued","Inventor: Nirmal Mazumdar and MANIKANTH KARNATI | Email: nirmal.mazumder@manipal.edu | Remark: fer","Nirmal Mazumdar and MANIKANTH KARNATI"
"t-1140","design","MD13","Manipal Academy of Higher Education (MAHE)","DRESS","02-02 GARMENTS","448616-001","2025-02-21","","2035-02-21","id_published","Inventor: Lavanya | Email: lavanyakini1502@gmail.com","Lavanya"
"t-1141","design","MD14","Manipal Academy of Higher Education (MAHE)","SCARF","02-05 NECKTIES, SCARVES, NECKERCHIEFS AND HANDKERCHIEFS","458208-001","2025-09-05","","2035-09-05","id_filed","Inventor: Lavanya | Email: lavanyakini1502@gmail.com","Lavanya"
"t-1142","design","MD15","Manipal Academy of Higher Education (MAHE)","Scarf style 2","","","","","","id_filed","Inventor: Lavanya | Email: lavanyakini1502@gmail.com | Remark: pending views","Lavanya"
"t-1143","design","MD16","Manipal Academy of Higher Education (MAHE)","Scarf style 3","","","","","","id_filed","Inventor: Lavanya | Email: lavanyakini1502@gmail.com | Remark: pending views","Lavanya"
"t-1144","design","MD17","Manipal Academy of Higher Education (MAHE)","Functional Headpiece Cap","02-03 HEADWEAR","463123-001","2025-06-23","","2035-06-23","id_filed","Inventor: Vaishavi venkadesan, | Email: Vaishuvjb01@gmail.com, resmi.g@manipal.edu | Remark: REGISTERED","Vaishavi venkadesan,"
"t-1145","design","MD18","Manipal Academy of Higher Education (MAHE)","Head Wear","","","","","","id_filed","Inventor: AANCHAL CHANDRAN K | Email: resmiganoop@gmail.com","AANCHAL CHANDRAN K"
"t-1146","design","MD19","Manipal Academy of Higher Education (MAHE)","Earring","","","","","","id_filed","Inventor: NIKHILA RAJESH | Email: resmiganoop@gmail.com","NIKHILA RAJESH"
"t-1147","design","MD20","Manipal Academy of Higher Education (MAHE)","Dual Layer Transformative Veil","","","","","","id_filed","Inventor: ANEETTA BAIJU | Email: resmiganoop@gmail.com","ANEETTA BAIJU"
"t-1148","design","MD21","Manipal Academy of Higher Education (MAHE)","Hairpin","","","","","","id_filed","Inventor: JISMI MARIA JIMMY | Email: resmiganoop@gmail.com","JISMI MARIA JIMMY"
"t-1149","design","MD22","Manipal Academy of Higher Education (MAHE)","Slouchy Shoulder Bag","","","","","","id_filed","Inventor: POORVISHA K | Email: resmiganoop@gmail.com","POORVISHA K"
"t-1150","design","MD23","Manipal Academy of Higher Education (MAHE)","Studio Bag","","","","","","id_filed","Inventor: KATYAYNI MISHRA | Email: resmiganoop@gmail.com","KATYAYNI MISHRA"
"t-1151","design","MD24","Manipal Academy of Higher Education (MAHE)","Bag","","","","","","id_filed","Inventor: DSOUZA AMUELA ZEENA IVAN PRAKASH | Email: resmiganoop@gmail.com","DSOUZA AMUELA ZEENA IVAN PRAKASH"
"t-1152","design","MD25","Manipal Academy of Higher Education (MAHE)","Padded Bag","","","","","","id_filed","Inventor: HARINI S | Email: resmiganoop@gmail.com","HARINI S"
"t-1153","design","MD26","Manipal Academy of Higher Education (MAHE)","Sea Glass is the reverse gem- Modular Jewelry","","","","","","id_filed","Inventor: ANANYA M SHASTRY | Email: resmiganoop@gmail.com","ANANYA M SHASTRY"
"t-1154","design","MD27","Manipal Academy of Higher Education (MAHE)","A unisex black corduroy bag","","","","","","id_filed","Inventor: ANKITA ACHUTHA JOSHI | Email: resmiganoop@gmail.com","ANKITA ACHUTHA JOSHI"
"t-1155","design","MD28","Manipal Academy of Higher Education (MAHE)","Multifuctional Accessory - Covertable Hat-Bag","","","","","","id_filed","Inventor: ANANYAA S.A | Email: resmiganoop@gmail.com","ANANYAA S.A"
"t-1156","design","MD29","Manipal Academy of Higher Education (MAHE)","Comfortable Summer Cap","","","","","","id_filed","Inventor: SUMANASHREE S. | Email: resmiganoop@gmail.com","SUMANASHREE S."
"t-1157","design","MD30","Manipal Academy of Higher Education (MAHE)","Functional Cap - with key pouch","","","","","","id_filed","Inventor: VAISHAVI V J B | Email: resmiganoop@gmail.com","VAISHAVI V J B"
"t-1158","design","MD31","Manipal Academy of Higher Education (MAHE)","BANARASI POTLI-ON-THE-GO","","","","","","id_filed","Inventor: NIYATHI | Email: resmiganoop@gmail.com","NIYATHI"
"t-1159","design","MD32","Manipal Academy of Higher Education (MAHE)","Artisan fused Gloves- Fingerless gloves with detachable elements and surface ornamentation","","","","","","id_filed","Inventor: S.DHAKSHINA | Email: resmiganoop@gmail.com","S.DHAKSHINA"
"t-1160","design","MD33","Manipal Academy of Higher Education (MAHE)","Modular Elegance- detachable, customizable, and versatile Jewelry","","","","","","id_filed","Inventor: HARSHITHA. G | Email: resmiganoop@gmail.com","HARSHITHA. G"
"t-1161","design","MD34","Manipal Academy of Higher Education (MAHE)","Period Pearls - Detachable Jewelry","","","","","","id_filed","Inventor: AFIA SALIQ SHEIKH | Email: resmiganoop@gmail.com","AFIA SALIQ SHEIKH"
"t-1162","design","MD35","Manipal Academy of Higher Education (MAHE)","Buckle-Up Sewing Pouch","","","","","","id_filed","Inventor: A SATHVIKA | Email: resmiganoop@gmail.com","A SATHVIKA"
"t-1163","design","MD18","Manipal Academy of Higher Education (MAHE)","SENSOR CASING","14-02 DATA PROCESSING EQUIPMENT AS WELL AS PERIPHERAL APPARATUS AND DEVICES","462295-001","2025-06-14","","2035-06-14","id_filed","Inventor: Dr. Ramya S Moorthy Mr. Vikram Boga | Email: Ramya.moorthy@manipal.edu | Remark: registered","Dr. Ramya S Moorthy Mr. Vikram Boga"
"t-1164","design","MD19","Manipal Academy of Higher Education (MAHE)","DENTAL HANDPIECE MODULE","24-01 APPARATUS AND EQUIPMENT FOR DOCTORS,HOSPITALS AND LABORATORIES","462752-001","2025-06-19","","2035-06-19","id_filed","Inventor: Dr. Prajwal Shenoy Srikar Bharadwaj R Dr. Vaishnavi M Nayak Dr. Nayana Prabhu | Email: prajwal.shenoy@manipal.edu | Remark: REGISTERED","Dr. Prajwal Shenoy Srikar Bharadwaj R Dr. Vaishnavi M Nayak Dr. Nayana Prabhu"
"t-1165","design","MD20","Manipal Academy of Higher Education (MAHE)","SENSOR HOUSING","14-02 DATA PROCESSING EQUIPMENT AS WELL AS PERIPHERAL APPARATUS AND DEVICES.","462276-001","2025-06-14","","2035-06-14","id_filed","Inventor: Dr. Ramya S Moorthy Mr. Vikram Boga | Email: Ramya.moorthy@manipal.edu | Remark: FER","Dr. Ramya S Moorthy Mr. Vikram Boga"
"t-1166","design","MD23","Manipal Academy of Higher Education (MAHE)","Fluid Motion Stationery Holder","","","","","","id_filed","Inventor: Palaniappan | Email: palaniappan.ar@manipal.edu","Palaniappan"
"t-1167","design","MD24","Manipal Academy of Higher Education (MAHE)","Barricade System","25-02 PREFABRICATED OR PRE-ASSEMBLED BUILDING PARTS","467815-001","2025-07-30","","2035-07-30","id_published","Inventor: Raghavendra | Email: cr.kamath@manipal.edu | Remark: registered","Raghavendra"
"t-1168","design","MD25","Manipal Academy of Higher Education (MAHE)","Karakuri Flow Rack System","15-09 MACHINE TOOLS, ABRADING AND FOUNDING MACHINERY","467792-001","2025-07-30","","2035-07-30","id_fer_response_filed","Inventor: Vedansh Mittal | Email: cr.kamath@manipal.edu | Remark: FER GENERATED","Vedansh Mittal"
"t-1169","design","MD26","Manipal Academy of Higher Education (MAHE)","A SYSTEM AND METHOD FOR ENABLING A MAGNETIC SWEEPER SYSTEM","","","","","","id_filed","Inventor: Nikhileshwar | Email: nikhileshwar.dampmpl2023@learner.manipal.edu","Nikhileshwar"
"t-1170","design","MD27","Manipal Academy of Higher Education (MAHE)","Portable Cyclone Shelters for Post-Disaster Housing Relief,","","","","","","id_filed","Inventor: Shanta | Email: shanta.dash@manipal.edu","Shanta"
"t-1171","design","MD29","Manipal Academy of Higher Education (MAHE)","A SYSTEM AND METHOD FOR INTRAVENOUS (IV) TUBING WITH UNIDIRECTIONAL VALVE","","","","","","id_filed","Inventor: Biju | Email: bijusoman8@gmail.com","Biju"
"t-1172","design","MD30","Manipal Academy of Higher Education (MAHE)","Graphical User Interface for Medical Device Adverse Event Reporting","","","","","","id_filed","Inventor: Ashutosh | Email: ashutosh.mcopsmpl2024@learner.manipal.edu","Ashutosh"
"t-1173","design","MD31","Manipal Academy of Higher Education (MAHE)","OSTEOTOMY REALIGNMENT DISTRACTOR LATCH-LOCK MECHANISM (CLOSED)","Class No 24-02- MEDICAL INSTRUMENTS, INSTRUMENTS AND TOOLS FOR LABORATORY USE","475800-001","2025-04-10","","2035-04-10","id_fer_response_filed","Inventor: Shivam Thaker Deepthi Paraj Anil K Bhat | Email: sthaker09@gmail.com | Remark: REGISTERED IN JULY","Shivam Thaker Deepthi Paraj Anil K Bhat"
"t-1174","design","MD33","Manipal Academy of Higher Education (MAHE)","BILIRUBIN DETECTION DEVICE","24-01 APPARATUS AND EQUIPMENT FOR DOCTORS,HOSPITALS AND LABORATORIES","477117-001","2025-10-17","2025-10-17","2035-10-17","id_registered","Inventor: Nirmal Mazumder Tusar Kanti Mishra Ajeetkumar Patil Shounak De Maryam Abdul Ajees Pawas Kumar Vibha Vyasraj G Bhat Palak Bhardwaj | Email: nirmal.mazumder@manipal.edu","Nirmal Mazumder Tusar Kanti Mishra Ajeetkumar Patil Shounak De Maryam Abdul Ajees Pawas Kumar Vibha Vyasraj G Bhat Palak Bhardwaj"
"t-1175","design","MD34","Manipal Academy of Higher Education (MAHE)","OSTEOTOMY REALIGNMENT DISTRACTOR LATCH-LOCK MECHANISM (OPEN)","Class No 24-02- MEDICAL INSTRUMENTS, INSTRUMENTS AND TOOLS FOR LABORATORY USE","475799-001","2025-04-10","","2035-04-10","id_fer_response_filed","Inventor: Shivam Thaker Deepthi Paraj Anil K Bhat | Email: sthaker09@gmail.com-open","Shivam Thaker Deepthi Paraj Anil K Bhat"
"t-1176","design","MD35","Manipal Academy of Higher Education (MAHE)","OSTEOTOMY REALIGNMENT DISTRACTOR SCREW-JACK MECHANISM (CLOSED)","Class No 24-02- MEDICAL INSTRUMENTS, INSTRUMENTS AND TOOLS FOR LABORATORY USE","475798-001","2025-04-10","","2035-04-10","id_filed","Inventor: Shivam Thaker Deepthi Paraj Anil K Bhat | Email: sthaker09@gmail.com-open | Remark: REGISTERED ON 17/06/2026","Shivam Thaker Deepthi Paraj Anil K Bhat"
"t-1177","design","MD36","Manipal Academy of Higher Education (MAHE)","OSTEOTOMY REALIGNMENT DISTRACTOR SCREW-JACK MECHANISM (OPEN),","Class No 24-02- MEDICAL INSTRUMENTS, INSTRUMENTS AND TOOLS FOR LABORATORY USE","475809-001","2025-04-10","","2035-04-10","id_fer_issued","Inventor: Shivam Thaker Deepthi Paraj Anil K Bhat | Email: sthaker09@gmail.com-open | Remark: fer","Shivam Thaker Deepthi Paraj Anil K Bhat"
"t-1178","design","MD37 (MCHP)","Manipal Academy of Higher Education (MAHE)","Module & life training","","","","","","id_filed","Inventor: Emarson | Email: emarson.vp@manipal.edu","Emarson"
"t-1179","design","MD41(LT)","Manipal Academy of Higher Education (MAHE)","Anesthesia-Associated Pressure Injury Prevention Team","","","","","","id_filed","Inventor: Saraswathi | Email: sarawathi.kulkarni@manipal.edu","Saraswathi"
"t-1180","design","MD43","Manipal Academy of Higher Education (MAHE)","V-shaped electrode-based lab-on-a-chip","Class No 24-01 APPARATUS AND EQUIPMENT FOR DOCTORS, HOSPITALS AND LABORATORIES","479853-001","2025-12-11","","2035-12-11","id_fer_response_filed","Inventor: Writtick Pakhira Rituraj Bhattacharjee | Email: rituraj.b@manipal.edu | Remark: REGISTERED ON 11/08/2026","Writtick Pakhira Rituraj Bhattacharjee"
"t-1181","design","MD44","Manipal Academy of Higher Education (MAHE)","Technology: Underwater Robotic Arm with Gripper","","","","","","id_filed","Email: balbir.s@manipal.edu",""
"t-1182","design","MD46","Manipal Academy of Higher Education (MAHE)","STABILIZED TWO-AXIS PITCH AND ROLL GIMBAL ASSEMBLY FOR UAV PLATFORMS.","","","","","","id_filed","Inventor: RAMYA | Email: Ramya.moorthy@manipal.edu","RAMYA"
"t-1183","design","MD47","Manipal Academy of Higher Education (MAHE)","MODULAR, VENTILATED ESC GUARD AND MOUNTING STRUCTURE FOR FPV/UAV PLATFORMS","","","","","","id_filed","Inventor: RAMYA | Email: Ramya.moorthy@manipal.edu","RAMYA"
"t-1184","design","MD48","Manipal Academy of Higher Education (MAHE)","MODULAR AND MULTI-ACCESSIBLE DRONE FRAME STRUCTURE FOR CUSTOMIZABLE UAV DEVELOPMENT","","","","","","id_filed","Inventor: RAMYA | Email: Ramya.moorthy@manipal.edu","RAMYA"
"t-1185","design","MD49","Manipal Academy of Higher Education (MAHE)","ANGULATION WATCH MODULE","CLASS N0- 10-04 OTHER MEASURING INSTRUMENTS, APPARATUS AND DEVICES","483123-001","2025-09-12","2025-09-12","2035-09-12","id_registered","Inventor: Dr. Prajwal Shenoy Srikar Bharadwaj R Dr. Vaishnavi M Nayak Dr. Nayana Prabhu | Email: prajwal.shenoy@manipal.edu","Dr. Prajwal Shenoy Srikar Bharadwaj R Dr. Vaishnavi M Nayak Dr. Nayana Prabhu"
"t-1186","design","MD52","Manipal Academy of Higher Education (MAHE)","AUTOMATED LITHOTOMY STIRRUP","Class No 24-01 APPARATUS AND EQUIPMENT FOR DOCTORS, HOSPITALS AND LABORATORIES","491197-001","2026-02-16","2026-02-16","2036-02-16","id_registered","Inventor: Govind P. Suchit Nishan Dr. Vikas Singh Panwar Dr. Pawan Kumar | Email: vikas.panwar@manipal.edu","Govind P. Suchit Nishan Dr. Vikas Singh Panwar Dr. Pawan Kumar"
"t-1187","design","MD53","Manipal Academy of Higher Education (MAHE)","INTEGRATED MICROFLUIDIC DRUG ENCAPSULATION CHIP","""Class No 24-01 APPARATUS AND EQUIPMENT FOR DOCTORS, HOSPITALS AND LABORATORIES""","488799-001","2026-01-29","","2036-01-29","id_filed","Inventor: Writtick Pakhira Rituraj Bhattacharjee | Email: rituraj.b@manipal.edu | Remark: REGISTERED IN JULY 09/07/2026","Writtick Pakhira Rituraj Bhattacharjee"
"t-1188","design","MD54","Manipal Academy of Higher Education (MAHE)","SPECTRA: CLASS BATTELBOT","Class No. 15-99 MISCELLANEOUS","491196-001","2026-02-16","","2036-02-16","id_fer_issued","Inventor: Rithvik C Ishan Arora Harry Kavalakat Jainil Pandya Christiano Donald Suares | Email: tcr.mit@manipal.edu","Rithvik C Ishan Arora Harry Kavalakat Jainil Pandya Christiano Donald Suares"
"t-1189","design","MD55","Manipal Academy of Higher Education (MAHE)","Vertical Spinner Battlebot","Class No. 15-99 MISCELLANEOUS","494102-001","2026-10-03","2026-10-03","2036-10-03","id_registered","Inventor: ""Rithvik C Ishan Arora Harry Kavalakat Jainil Pandya Christiano Donald Suares"" | Email: tcr.mit@manipal.edu-","""Rithvik C Ishan Arora Harry Kavalakat Jainil Pandya Christiano Donald Suares"""
"t-1190","design","MD56","Manipal Academy of Higher Education (MAHE)","Vertical Spinner Battlebot","Class No. 15-99 MISCELLANEOUS","493967-001","2026-09-03","","2036-09-03","id_filed","Inventor: Jainil Pandya Gaurav Thakur Christiano Suares Aadit Nadkarni Parv Goel | Email: tcr.mit@manipal.edu-","Jainil Pandya Gaurav Thakur Christiano Suares Aadit Nadkarni Parv Goel"
"t-1191","design","MD57","Manipal Academy of Higher Education (MAHE)","Vertical Spinner BATTLEBOT","Class No. 15-99 MISCELLANEOUS","494150-001","2026-10-03","2026-10-03","2036-10-03","id_registered","Inventor: Christiano Donald Suares | Email: tcr.mit@manipal.edu-","Christiano Donald Suares"
"t-1192","design","MD58","Manipal Academy of Higher Education (MAHE)","HORIZONTAL-SPINNER BATTLEBOT","Class No. 15-99 MISCELLANEOUS","494149-001","2026-10-03","","2036-10-03","id_fer_issued","Inventor: Anish Chandra | Email: tcr.mit@manipal.edu-","Anish Chandra"
"t-1193","design","MD59","Manipal Academy of Higher Education (MAHE)","Flipper Bot","Class No. 15-99 MISCELLANEOUS","494424-001","2026-12-03","","2036-12-03","id_filed","Inventor: Lionel Jackson, Vijay Mithran | Email: tcr.mit@manipal.edu-","Lionel Jackson, Vijay Mithran"
"t-1194","design","MD60","Manipal Academy of Higher Education (MAHE)","BAT-SHAPED BATTLEBOT","Class No. 15-99 MISCELLANEOUS","494426-001","2026-12-03","","2036-12-03","id_filed","Inventor: K. Anish Chandra | Email: tcr.mit@manipal.edu-","K. Anish Chandra"
"t-1195","design","MD61","Manipal Academy of Higher Education (MAHE)","WEARABLE PRESENTER RING DEVICE","CLASS 14-03 COMMUNICATIONS EQUIPMENT, WIRELESS REMOTE CONTROLS AND RADIO AMPLIFIERS","495160-001","2026-03-18","2026-03-18","2036-03-18","id_registered","Inventor: Tathagata Konar | Email: konar.tathagata@gmail.com","Tathagata Konar"
"t-1196","design","MD62","Manipal Academy of Higher Education (MAHE)","MEDICAL DEVICE SCANNER","24-01 APPARATUS AND EQUIPMENT FOR DOCTORS, HOSPITALS AND LABORATORIES","497558-001","2026-07-04","2026-07-04","2036-07-04","id_registered","Inventor: Mr. Ashutosh Vishwas Bhosale Dr. Rajesh R Dr. Mohammed Salim K T Dr. Shivaprakash Gangachannaiah Dr. Girish Thunga P | Email: ashutosh.mcopsmpl2024@learner.manipal.edu","Mr. Ashutosh Vishwas Bhosale Dr. Rajesh R Dr. Mohammed Salim K T Dr. Shivaprakash Gangachannaiah Dr. Girish Thunga P"
"t-1197","design","MD63","Manipal Academy of Higher Education (MAHE)","“ERGONOMIC STEERING WHEEL","Class No 12-16 PARTS, EQUIPMENT AND ACCESSORIES FOR VEHICLES, NOT INCLUDED IN OTHER CLASSES OR SUBCLASSES","495788-001","2026-03-23","2026-03-23","2036-03-23","id_registered","Inventor: Shauryajeet Tushar Jadhav | Email: shauryajeetjadhav12@gmail.com","Shauryajeet Tushar Jadhav"
"t-1198","design","MD64","Manipal Academy of Higher Education (MAHE)","SUSPENSION BUSH","Class No 12-16 PARTS, EQUIPMENT AND ACCESSORIES FOR VEHICLES, NOT INCLUDED IN OTHER CLASSES OR SUBCLASSES","497556-001","2026-07-04","","2036-07-04","id_filed","Inventor: RAHUL | Email: rahulmmanipal26@gmail.com","RAHUL"
"t-1199","design","MD65","Manipal Academy of Higher Education (MAHE)","BRAKE CALLIPER","Class No 12-16 PARTS, EQUIPMENT AND ACCESSORIES FOR VEHICLES, NOT INCLUDED IN OTHER CLASSES OR SUBCLASSES","497788-001","2026-08-04","2026-08-04","2036-08-04","id_registered","Inventor: Yashvardhan M | Email: yashvardhan1.mitmpl2024@learner.manipal.edu","Yashvardhan M"
"t-1200","design","MD71","Manipal Academy of Higher Education (MAHE)","MULTI-ZONE AQUATIC BEHAVIORAL ASSAY TANK","Class No 30-02 PENS, CAGES, KENNELS AND SIMILAR SHELTERS","504047-001","2026-01-06","","2036-01-06","id_filed","Inventor: Megh Pravin Vithalkar Sandra K S Dr Yogendra Nayak | Email: megh.mcopsmpl2022@learner.manipal.edu","Megh Pravin Vithalkar Sandra K S Dr Yogendra Nayak"
"t-1201","design","MD72","Manipal Academy of Higher Education (MAHE)","Tobacco Cessation Watch","10-02-WATCHES AND WRIST WATCHES","514886-001","2026-08-22","","2036-08-22","id_filed","Inventor: CHHAVI CHETAK NAWALE RUPREKHA GHOSH DR. VATHSALA | Email: chhavi.nawale@gmail.com","CHHAVI CHETAK NAWALE RUPREKHA GHOSH DR. VATHSALA"
"t-1202","design","MD73","Manipal Academy of Higher Education (MAHE)","TABLE LAMP","CLASS 26-05 LAMPS, STANDARD LAMPS, CHANDELIERS, WALL AND CEILING FIXTURES, LAMPSHADES, REFLECTORS, PHOTOGRAPHIC AND CINEMATOGRAPHIC PROJECTOR LAMPS","508343-001","2026-06-07","2026-06-07","2036-06-07","id_registered","Inventor: Haseen Shiraz K Rahila K Abdulla Jesna Jephy Roopika Rajesh Abia Adeeb | Email: rahila.a@manipal.edu","Haseen Shiraz K Rahila K Abdulla Jesna Jephy Roopika Rajesh Abia Adeeb"
"t-1203","design","MD74","Manipal Academy of Higher Education (MAHE)","Smart Coronary Stent","Class No: 24-01 APPARATUS AND EQUIPMENT FOR DOCTORS, HOSPITALS AND LABORATORIES","510684-001","2026-07-24","2026-07-24","2036-07-24","id_registered","Inventor: Ashutosh Vishwas Bhosale Rajesh R Shivaprakash Gangachannaiah Padmakumar Ramachandran Mohammed Salim K T Girish Thunga P Pallavi L C Chandini Y Rao | Email: ashutosh.mcopsmpl2024@learner.manipal.edu","Ashutosh Vishwas Bhosale Rajesh R Shivaprakash Gangachannaiah Padmakumar Ramachandran Mohammed Salim K T Girish Thunga P Pallavi L C Chandini Y Rao"
"t-1204","trademark","MTM01","Manipal Academy of Higher Education (MAHE)","EDDY- Electronic Diabetes Diary","44","7062259","2025-06-14","","2035-06-14","formalities_pass","Contact: geena.skaria@manipal.edu",""
"t-1205","trademark","TR03-TR06","Ravinarayana M.","MAITHRI","35","6281301","","","","hearing_fixed","Original Status: HEARING 16/09/2026",""
"t-1206","trademark","TR03-TR06","Ravinarayana M.","Maithri","35","5764731","","","","filed","",""
"t-1207","trademark","TR03-TR06","Ravinarayana M.","MAITHRI","35","6270738","","","","hearing_fixed","Original Status: GEARING 01/09/2026",""
"t-1208","trademark","TR44","Ravinarayana M.","MINCH - the luminaries","11","6822953","2025-01-25","","2035-01-25","filed","",""
"t-1209","trademark","TR45","Ravinarayana M.","MINCH - the luminaries","11","6822954","2025-01-25","","2035-01-25","filed","",""
"t-1210","trademark","TR04","Chithra","CASK","10","6281276","2024-01-31","","2034-01-31","filed","",""
"t-1211","trademark","EXT-TM-07","Valyou Products Private Limited","AMRITH NONI D Plus Logo","5","6014887","","","","filed","",""
"t-1212","trademark","TR63","Ambujakshi A.S.","Amrith Noni","99","2669353","2009-10-12","","2019-10-12","filed","",""
"t-1213","trademark","TR69","Ambujakshi A.S.","MS VALYOU PRODUCTS","5","2620782","2013-10-29","","2023-10-29","filed","",""
"t-1214","trademark","TR66","Fracktal Works Pvt. Ltd.","FRACKTAL","42","3580100","2017-06-28","","2027-06-28","filed","",""
"t-1215","trademark","TR67","Ambujakshi A.S.","ValYou Products","5","3938163","2018-09-07","","2028-09-07","filed","",""
"t-1216","trademark","TR68","Ambujakshi A.S.","VALYOUPRODUCTS","3","3938162","2018-09-07","","2028-09-07","filed","",""
"t-1217","trademark","TR48","Ambujakshi A.S.","Amrith Noni Artho Plus","3","4031241","2018-12-19","","2028-12-19","filed","",""
"t-1218","trademark","TR61","Ambujakshi A.S.","Amrith Noni Sthree Sanjeevini","3","4031239","2018-12-19","","2028-12-19","filed","",""
"t-1219","trademark","TR62","Ambujakshi A.S.","Amrith Noni Sthree Sanjeevini","5","4031240","2018-12-19","","2028-12-19","filed","",""
"t-1220","trademark","TR51","Valyou Products Private Limited","Amrith Noni Artho Plus","5","5525600","2022-07-11","","2032-07-11","filed","",""
"t-1221","trademark","TR53","Valyou Products Private Limited","Amrith Noni AYUCARE","5","5525599","2022-07-11","","2032-07-11","filed","",""
"t-1222","trademark","TR54","Valyou Products Private Limited","Amrith Noni Ayucare","5","5525601","2022-07-11","","2032-07-11","filed","",""
"t-1223","trademark","TR56","Valyou Products Private Limited","Amrith Noni Koff Clear","5","5525602","2022-07-11","","2032-07-11","filed","",""
"t-1224","trademark","TR47","Valyou Products Private Limited","AMRITH NONI Artho Plus Logo","5","6014889","2023-07-10","","2033-07-10","filed","",""
"t-1225","trademark","TR57","Valyou Products Private Limited","AMRITH NONI Power Plus Logo","5","6014888","2023-07-10","","2033-07-10","filed","",""
"t-1226","trademark","TR60","Valyou Products Private Limited","Amrith Noni STHREE SANJEEVINI - logo","35","6100270","2023-09-07","","2033-09-07","filed","",""
"t-1227","trademark","TR52","Valyou Products Private Limited","Amrith Noni ARTHO PLUS - logo","35","6100269","2023-09-07","","2033-09-07","filed","",""
"t-1228","trademark","TR55","Valyou Products Private Limited","AMRITH NONI GASTRINE","5","5558583","2022-08-04","","2032-08-04","filed","",""
"t-1229","trademark","TR58","Valyou Products Private Limited","AMRITH NONI REACH ROOT - logo","3","6133338","2023-10-03","","2033-10-03","filed","",""
"t-1230","trademark","TR59","Valyou Products Private Limited","AMRITH NONI REACH ROOT - logo","5","6133339","2023-10-03","","2033-10-03","filed","",""
"t-1231","trademark","TR73","Chopperla Siva Kumara Sai Krishna Dattatreya Sita Ram","ORTHORAM","44","7017614","2025-05-20","","2035-05-20","filed","",""
"t-1232","trademark","TR01","Rachit Bhandari","ULUK","18","6233818","2023-12-25","","2033-12-25","filed","",""
"t-1233","trademark","TR02","Rachit Bhandari","ULUK","22","6233819","2023-12-25","","2033-12-25","filed","",""
"t-1234","trademark","TR02","Rachit Bhandari","ULUK","22","1574600","2023-12-26","","2033-12-26","filed","",""
"t-1235","trademark","TR08","Divkin Pharmaceuticals Private Limited","DIVKIN","5","6327135","2024-02-29","","2034-02-28","filed","",""
"t-1236","trademark","LSPTR06","Lightspeed Photonics Private Limited","Bringing light to the computing world","35","5483466","2024-03-20","","2034-03-20","filed","",""
"t-1237","trademark","LSPTR07","Lightspeed Photonics Private Limited","Bringing light to the computing world","42","5483467","2024-03-20","","2034-03-20","filed","",""
"t-1238","trademark","LSPTR09","Lightspeed Photonics Private Limited","LightspeedNIC","9","5445001","2024-03-29","","2034-03-29","filed","",""
"t-1239","trademark","LSPTR11","Lightspeed Photonics Private Limited","LightSiP","9","5445002","2024-03-29","","2034-03-29","filed","",""
"t-1240","trademark","LSPTR02","Lightspeed Photonics Private Limited","Untitled Mark","9","4982899","2024-03-29","","2034-03-29","filed","",""
"t-1241","trademark","LTR05","Lightspeed Photonics Private Limited","LightSpeed AI","35","5334595","2022-02-18","","2032-02-18","filed","",""
"t-1242","trademark","EXT-TM-38","Lightspeed Photonics Private Limited","LIGHTSPEEDAI","42","5334596","2024-06-20","","2034-06-20","filed","",""
"t-1243","trademark","LSPTR16","Lightspeed Photonics Private Limited","LITE FIBER","9","6383215","2024-04-11","","2034-04-11","filed","",""
"t-1244","trademark","TR09","Divkin Pharmaceuticals Private Limited","PANELOZ","5","6390350","2024-04-16","","2034-04-16","filed","",""
"t-1245","trademark","TR10","Divkin Pharmaceuticals Private Limited","PANELOZ DSR","5","6390351","2024-04-16","","2034-04-16","filed","",""
"t-1246","trademark","EXT-TM-42","Divkin Pharmaceuticals Private Limited","DIVKIN","5","6651105","2024-01-10","","2034-01-10","accepted_advertised","Original Status: ACCEPTED",""
"t-1247","trademark","EXT-TM-43","Divkin Pharmaceuticals Private Limited","DIVKIN","35","6651106","2024-01-10","","2034-01-10","formalities_pass","Original Status: Formalities Chk Pass",""
"t-1248","trademark","TR11","Divkin Pharmaceuticals Private Limited","VITOVAN B","5","6390352","2024-04-16","","2034-04-16","filed","",""
"t-1249","trademark","TR12","Divkin Pharmaceuticals Private Limited","VITOVAN D3","5","6390353","2024-04-16","","2034-04-16","filed","",""
"t-1250","trademark","TR13","Divkin Pharmaceuticals Private Limited","DIVKIN","35","6418260","2024-05-04","","2034-05-04","filed","",""
"t-1251","trademark","TR14","Garima Patwal","BHITOI","25","6444496","2024-05-22","","2034-05-22","filed","",""
"t-1252","trademark","TR15","Girish Malla","SANTRUPTHI","43","6461376","2024-06-01","","2034-06-01","filed","",""
"t-1253","trademark","TR16","Health Meter Services Private Limited","ASTRIA LABS","35","6518437","2024-07-09","","2034-07-09","filed","",""
"t-1254","trademark","TR17","Health Meter Services Private Limited","ASTRIA LABS","35","6518438","2024-07-09","","2034-07-09","filed","",""
"t-1255","trademark","TR18","Bhumi Gear Private Limited","ULUK OUTDOORS","18","6559205","2024-08-04","","2034-08-04","accepted_advertised","Original Status: ACCEPTED",""
"t-1256","trademark","TR18","Bhumi Gear Private Limited","PAHARDY","18","6881024","2025-02-27","","2035-02-27","filed","",""
"t-1257","trademark","TR19","Bhumi Gear Private Limited","ULUK OUTDOORS","22","6569066","2024-08-09","","2034-08-09","accepted_advertised","Original Status: ACCEPTED",""
"t-1258","trademark","TR","Dashapatmaja Solutions Private Limited","RAW RADICLES","35","6884101","2025-01-03","","2035-01-03","filed","",""
"t-1259","trademark","TR20","Dashapatmaja Solutions Private Limited","YDIYA","35","6575730","2024-08-14","","2034-08-14","filed","",""
"t-1260","trademark","TR21","Dasharathraj Kodu Shetty, Jayaraj Mymbilly Balakrishnan","TORSOSCOPE","10","6579389","2024-08-17","","2034-08-17","filed","",""
"t-1261","trademark","TR22","Divkin Pharmaceuticals Private Limited","DIVQ10","5","6599167","2024-08-30","","2034-08-30","hearing_fixed","Original Status: HEARING",""
"t-1262","trademark","TR23","Divkin Pharmaceuticals Private Limited","VITOVAN GOLD","5","6599168","2024-08-30","","2034-08-30","accepted_advertised","Original Status: accepted",""
"t-1263","trademark","TR24","Divkin Pharmaceuticals Private Limited","DIVROSE","5","6599169","2024-08-30","","2034-08-30","filed","",""
"t-1264","trademark","TR25","Divkin Pharmaceuticals Private Limited","DIVROSE GOLD","5","6599170","2024-08-30","","2034-08-30","filed","",""
"t-1265","trademark","TR26","Divkin Pharmaceuticals Private Limited","DIVROSE A","5","6599171","2024-08-30","","2034-08-30","hearing_fixed","Original Status: HEARING",""
"t-1266","trademark","TR27","Divkin Pharmaceuticals Private Limited","GABADESK","5","6599172","2024-08-30","","2034-08-30","filed","",""
"t-1267","trademark","TR28","Divkin Pharmaceuticals Private Limited","GABADESK NT","5","6599173","2024-08-30","","2034-08-30","filed","",""
"t-1268","trademark","TR29","Nachiket Gurudatta Jadhav","MECHI CO. DESIGN","35","6641509","2024-09-25","","2034-09-25","filed","",""
"t-1269","trademark","TR30","Nachiket Gurudatta Jadhav","MECHI CO. DESIGN","35","6641510","2024-09-25","","2034-09-25","filed","",""
"t-1270","trademark","TR31","Nachiket Gurudatta Jadhav","MECHI CO. DESIGN","27","6641511","2024-09-25","","2034-09-25","accepted_advertised","Original Status: advertised",""
"t-1271","trademark","TR32","Nachiket Gurudatta Jadhav","MECHI CO. DESIGN","25","6641512","2024-09-25","","2034-09-25","hearing_fixed","Original Status: hearing",""
"t-1272","trademark","TR33","Mattar Srinivas Kini","AIKYA -FINE JEWELLERY","35","6638938","2024-09-24","","2034-09-24","filed","",""
"t-1273","trademark","TR34","Divkin Pharmaceuticals Private Limited","DIVKIN","5","6651103","2024-10-01","","2034-10-01","objected","Original Status: fer",""
"t-1274","trademark","TR35","Divkin Pharmaceuticals Private Limited","DIVKIN","35","6651104","2024-10-01","","2034-10-01","objected","Original Status: fer",""
"t-1275","trademark","TR36","Divkin Pharmaceuticals Private Limited","DIVKIN","5","6651105","2024-10-01","","2034-10-01","filed","",""
"t-1276","trademark","TR37","Divkin Pharmaceuticals Private Limited","DIVKIN","35","6651106","2024-10-01","","2034-10-01","accepted_advertised","Original Status: ACCEPTED",""
"t-1277","trademark","TR37","Divkin Pharmaceuticals Private Limited","EMPADIV","5","6881952","2025-02-28","","2035-02-28","filed","",""
"t-1278","trademark","TR71","RV University","BOSS Y - A GEN Z MENTORING TOOL","41","6602895","2024-09-01","","2034-09-01","filed","",""
"t-1279","trademark","TR156","Santhosh Kumar Kalmanje","BROWN WOOD","20","6658470","2024-10-07","","2034-10-07","filed","",""
"t-1280","trademark","TR157","Santhosh Kumar Kalmanje","BROWN WOOD","35","6658471","2024-10-07","","2034-10-07","filed","",""
"t-1281","trademark","TR64","Santhosh Kumar Kalmanje","BROWN WOOD","20","6658472","2024-10-07","2024-10-07","2034-10-07","registered","Original Status: registered",""
"t-1282","trademark","TR65","Santhosh Kumar Kalmanje","BROWN WOOD","35","6658473","2024-10-07","","2034-10-07","filed","",""
"t-1283","trademark","EXT-TM-79","Vignesh Balaji E","PUBLICATIONS EASY - BIG SCIENCE PUBLISHERS GROUP","41","6869666","2025-02-21","","2035-02-21","objected","Original Status: fer",""
"t-1284","trademark","TR38","Vignesh Balaji E","BIG SCIENCE PUBLISHERS - SERVING TOWARDS SCIENCE","41","6761467","2024-12-17","","2034-12-17","objected","Original Status: fer",""
"t-1285","trademark","TR39","Vignesh Balaji E","BIG SCIENCE PUBLISHERS - SERVING TOWARDS SCIENCE","41","6761468","2024-12-17","","2034-12-17","objected","Original Status: fer",""
"t-1286","trademark","TR40","Uttam Basics LLP","ASSASSA","18","6811876","2025-01-19","","2035-01-19","objected","Original Status: fer",""
"t-1287","trademark","TR41","Ramachandra Kurdekar","R K ABHARANA JEWELERS","35","6814092","1998-05-01","","2008-05-01","objected","Original Status: fer",""
"t-1288","trademark","TR42","Circlechess India Private Limited","CASSIA SCHOOL OF CHESS","41","6822948","2025-01-25","","2035-01-25","objected","Original Status: fer",""
"t-1289","trademark","TR43","Circlechess India Private Limited","CIRCLECHESS","41","6822949","2025-01-25","","2035-01-25","objected","Original Status: fer",""
"t-1290","trademark","TR75","Gaurishankar Food Industries.","JAWARI DELICACY OF NORTH KARNATAKA","43","6876859","2025-02-25","","2035-02-25","objected","Original Status: fer",""
"t-1291","trademark","TR76","Lathashekhar","PAINKLEAR","5","6989840","2025-03-05","","2035-03-05","filed","",""
"t-1292","trademark","TR77","Krishnan R Nambiar","VGo","38","7052103","2025-09-06","","2035-09-06","filed","Contact: 7022254378",""
"t-1293","trademark","TR79","Pharmit Services Private Limited","PHARMIT","35","6906868","2025-03-17","","2035-03-17","accepted_advertised","Original Status: accepted",""
"t-1294","trademark","TR79","Pharmit Services Private Limited","PHARMIT","35","6906869","2025-03-17","","2035-03-17","filed","",""
"t-1295","trademark","TR83","Metrounited Healthcare LLP","""Metro United Health Care Hospital for Life","44","5632076","2025-04-23","","2035-04-23","filed","Original Status: C.S",""
"t-1296","trademark","TR80","An Astraea Innovative Solutions","LEXTRIA RESEARCH","45","6904979","2025-03-14","","2035-03-14","filed","",""
"t-1297","trademark","TR81","Bommireddy Chinarasu","KROCODILE AI","42","6998584","2025-09-05","","2035-09-05","filed","",""
"t-1298","trademark","TR89","Responsible Eco Toys LLP","TUMBI TOYS","28","7063476","2025-06-16","","2035-06-16","filed","",""
"t-1299","trademark","TR91","Responsible Eco Toys LLP","TUMBI TOYS","28","7063477","2025-06-16","","2035-06-16","filed","Original Status: 16/01/2026 -Expedited examination filing",""
"t-1300","trademark","TR90","Advita Shrivastava","NOVA LUME","9","7058758","2025-12-06","","2035-12-06","filed","",""
"t-1301","trademark","TR90","Advita Shrivastava","NOVA LUME","42","7058759","2025-12-06","","2035-12-06","filed","",""
"t-1302","trademark","TR90","Advita Shrivastava","NOVA LUME","35","7058760","2025-12-06","","2035-12-06","filed","",""
"t-1303","trademark","TR96","Zinan Ashraf","FURLOOM","18","7176259","2025-08-14","","2035-08-14","filed","",""
"t-1304","trademark","TR97","Manipal University Technology Business Incubator (MUTBI)","MARINE Manipal Accelerating Research, Innovation and Entrepreneurship","41","7198925","2025-08-26","","2035-08-26","filed","",""
"t-1305","trademark","TR101","Prasanna R. Shetty","RASHE","41","7253836","2025-09-24","","2035-09-24","filed","",""
"t-1306","trademark","TR99","Prasanna R. Shetty","RASHE","41","7253817","2025-09-24","","2035-09-24","objected","Original Status: FER",""
"t-1307","trademark","TR100","Prasanna R. Shetty","LIVE STRONGER","41","7253825","2025-09-24","","2035-09-24","objected","Original Status: FER",""
"t-1308","trademark","TR107","Nutra365x Private Limited","Ooha","5","7320632","2025-04-11","","2035-04-11","filed","Contact: ambaja@gmail.com",""
"t-1309","trademark","TR95 & TR98","tyagaraju","SAARIGE","39","7345274/ 7345275","2025-11-17","","2035-11-17","filed","",""
"t-1310","trademark","TR116","Udupiya Kandeera","UDUPIYA KANDEERA","35","7387538","2025-09-12","","2035-09-12","filed","Original Status: 12/01/2026 - Expedited examination filing",""
"t-1311","trademark","TR109","Sai Ram Interior Decorators","ATUNE INTERIORS","42","7348785","2025-11-18","","2035-11-18","filed","",""
"t-1312","trademark","TR110","Sai Ram Interior Decorators","ATUNE INTERIORS","42","7348786","2025-11-18","","2035-11-18","objected","Original Status: fer",""
"t-1313","trademark","TR111","Cosmic Crunch Foods LLP","COSMIC CRUNCH","29","7435076","2026-02-01","","2036-02-01","filed","",""
"t-1314","trademark","TR112","PRS Neurosciences & Mechatronics Research Institute Private Limited","GEEEM","42","7068287","2025-06-18","","2035-06-18","filed","",""
"t-1315","trademark","TR113","PRS Neurosciences & Mechatronics Research Institute Private Limited","NewroGPT","42","7068254","2025-06-18","","2035-06-18","filed","",""
"t-1316","trademark","TR114","PRS Neurosciences & Mechatronics Research Institute Private Limited","NewroTwinX","42","7068294","2025-06-18","","2035-06-18","filed","",""
"t-1317","trademark","TR115","PRS Neurosciences & Mechatronics Research Institute Private Limited","NewroEdgePod","9","7069689","2025-06-18","","2035-06-18","filed","",""
"t-1318","trademark","TR116","PRS Neurosciences & Mechatronics Research Institute Private Limited","PRS HOPE","9","7068284","2025-06-18","","2035-06-18","filed","",""
"t-1319","trademark","TR117","Fracktal Works Pvt. Ltd.","RAPIDTOOL","42","7543003","2026-02-18","","2036-02-18","filed","",""
"t-1320","trademark","TR118","Venishia Vanitha Lobo","LAVENO IP","45","7618617","2026-03-27","","2036-03-27","filed","Contact: deepak.pereira91@gmail.com",""
"t-1321","trademark","TR119","External Clients Portfolio","ASPIREMatrix","","","","","","filed","Contact: narayanan.nair@visarapartners.com",""
"t-1322","trademark","TR120","Lightspeed Photonics Private Limited","LightPCIe","9","7516855","2026-10-02","","2036-10-02","filed","",""
"t-1323","trademark","TR121","ANI Living spaces","ANI Living spaces","43","7648328","2026-10-04","","2036-10-04","filed","Contact: 9743489487/anilivingspaces@gmail.com",""
"t-1324","trademark","TR122","Vijay Raghav Varada","Applied Additive","42","7542993","2026-02-18","","2036-02-18","filed","Contact: mirza.faizaan@fracktal.in",""
"t-1325","trademark","TR124","Vijay Raghav Varada","RAPIDTOOL","42","7542985","2026-02-18","","2036-02-18","filed","Contact: mirza.faizaan@fracktal.in",""
"t-1326","trademark","TR121","ANI Living spaces","ANI Living spaces","43","7648329","2026-10-04","","2036-10-04","filed","Contact: 9743489487/anilivingspaces@gmail.com",""
"t-1327","trademark","TR128","Vishwanath K","V-TECH","7","7308267","2025-10-28","","2035-10-28","objected","Original Status: FER RESPONSE ONLY",""
"t-1328","trademark","TR129","Hotel Rajdhani","HOTEL RAJDHANI","43","7713319","2026-07-05","","2036-07-05","filed","Contact: surajhegde464@gmail.com | Original Status: EXPIDATED EXAMINATION DONE",""
"t-1329","trademark","TR130","Lightspeed Photonics Private Limited","Lightkonnect","9","7675867","2026-04-22","","2036-04-22","filed","",""
"t-1330","trademark","TR133","Visara Human Capital Services LLP","VISARA HUMAN CAPITAL SERVICES - CREATING ABUNDANCE","35","6633231","2024-09-20","","2034-09-20","objected","Original Status: FER RESPONSE ONLY",""
"t-1331","trademark","TR134","Kushal Lois Mathew","duzzi","9","7767692","2026-03-06","","2036-03-06","filed","Contact: kushalpetersmatthew@gmail.com | Original Status: EXPIDATED EXAMINATION DONE",""
"t-1332","trademark","TR134","Kushal Lois Mathew","duzzi","45","7767670","2026-03-06","","2036-03-06","filed","Contact: kushalpetersmatthew@gmail.com",""
"t-1333","trademark","TR135","Softloom","SOFTLOOM","25","","","","","filed","",""
"t-1334","trademark","TR136","Rajesh keelambi","SHAPE MARK","20","290657","2026-06-24","","2036-06-24","filed","Contact: rajeshkeelambi@gmail.com",""
"t-1335","trademark","PTR1","PRS Neurosciences & Mechatronics Research Institute Private Limited","Neuro Justice","41","7419575","2025-12-24","","2035-12-24","filed","",""
"t-1336","trademark","PTR2","PRS Neurosciences & Mechatronics Research Institute Private Limited","Neuro Justice","42","7419576","2025-12-24","","2035-12-24","filed","",""
"t-1337","trademark","PTR3","PRS Neurosciences & Mechatronics Research Institute Private Limited","JC2C – Justice Courtroom to Community","41","7419577","2025-12-24","","2035-12-24","filed","",""
"t-1338","trademark","PTR4","PRS Neurosciences & Mechatronics Research Institute Private Limited","TAPS – Tri-axis Participation Score","42","7419578","2025-12-24","","2035-12-24","filed","",""
"t-1339","trademark","PTR5","PRS Neurosciences & Mechatronics Research Institute Private Limited","S2R – Simulation to Reality","42","7419579","2025-12-24","","2035-12-24","filed","",""
"t-1340","trademark","PTR6","PRS Neurosciences & Mechatronics Research Institute Private Limited","JC2C – Justice Courtroom to Community","42","7419580","2025-12-24","","2035-12-24","filed","",""
"t-1341","trademark","PTR7","PRS Neurosciences & Mechatronics Research Institute Private Limited","C2R – Compensation to Restoration","42","7419581","2025-12-24","","2035-12-24","filed","",""
"t-1342","trademark","PTR8","PRS Neurosciences & Mechatronics Research Institute Private Limited","PAM – Pre-Morbid Anchoring Model","41","7419582","2025-12-24","","2035-12-24","filed","",""
"t-1343","trademark","PTR8","PRS Neurosciences & Mechatronics Research Institute Private Limited","PAM – Pre-Morbid Anchoring Model","42","7419583","2025-12-24","","2035-12-24","filed","",""
"t-1344","trademark","PTR9","PRS Neurosciences & Mechatronics Research Institute Private Limited","ICFG – Indian Cultural Function Grid","42","7419584","2025-12-24","","2035-12-24","filed","",""
"t-1345","trademark","PTR10","PRS Neurosciences & Mechatronics Research Institute Private Limited","GLI – Geo-Living Index","42","7419435","2025-12-24","","2035-12-24","filed","",""
"t-1346","trademark","PTR11","PRS Neurosciences & Mechatronics Research Institute Private Limited","FSCL – Family Structure and Caregiver Load","42","7419436","2025-12-24","","2035-12-24","filed","",""
"t-1347","trademark","PTR12","PRS Neurosciences & Mechatronics Research Institute Private Limited","ODI – Occupational Demand Index","42","7419437","2025-12-24","","2035-12-24","filed","",""
"t-1348","trademark","PTR13","PRS Neurosciences & Mechatronics Research Institute Private Limited","SESL – Socio Economic Status Ladder","42","7419438","2025-12-24","","2035-12-24","filed","",""
"t-1349","trademark","PTR14","PRS Neurosciences & Mechatronics Research Institute Private Limited","HBTAI – Health Belief and Treatment Adherence Index","42","7419439","2025-12-24","","2035-12-24","filed","",""
"t-1350","trademark","PTR15","PRS Neurosciences & Mechatronics Research Institute Private Limited","MER-BF – Motivation, Emotional, and Behavioural Factors","42","7419440","2025-12-24","","2035-12-24","filed","",""
"t-1351","trademark","PTR16","PRS Neurosciences & Mechatronics Research Institute Private Limited","DII – Digital Independence Index","42","7419441","2025-12-24","","2035-12-24","filed","",""
"t-1352","trademark","PTR17","PRS Neurosciences & Mechatronics Research Institute Private Limited","HRAF – Health Risk Assessment Factor","42","7419442","2025-12-24","","2035-12-24","filed","",""
"t-1353","trademark","TR137","Zupaloop","- Zupaloop Logo","9,42","","","","","filed","",""
"t-1354","trademark","TR138","Zupaloop","- Zupaverse","9","","","","","filed","",""
"t-1355","trademark","TR139","Zupaloop","- Zupaloop","9","","","","","filed","",""
"t-1356","trademark","TR140","Udupi Sanjeeveni Mahila Kisan Producer Company","illu foods","30","7877139","2026-07-23","","2036-07-23","filed","Contact: udupisanjeevinimkpc@gmail.com-",""
"t-1357","trademark","TR141","Santhosh Enterprises","ANANDA BRAND","30","6928523","2025-03-28","","2035-03-28","objected","Original Status: FER",""
"t-1358","trademark","TR142","Pais Metals","PAIS METALS","35","7847154","2026-09-07","","2036-09-07","accepted_advertised","Original Status: accepted",""
"t-1359","trademark","TR143","Gopalan Enterprises","GOPALAN Built on Trust","35","7890745","2026-07-29","","2036-07-29","accepted_advertised","Contact: nageswararao@gopalanfoundation.com | Original Status: accepted",""
"t-1360","trademark","TR144","Gopalan Enterprises","GOPALAN Built on Trust","36","7890923","2026-07-29","","2036-07-29","objected","Contact: nageswararao@gopalanfoundation.com | Original Status: fer",""
"t-1361","trademark","TR145","Gopalan Enterprises","GOPALAN Built on Trust","37","7074211","2026-01-08","","2036-01-08","objected","Contact: nageswararao@gopalanfoundation.com | Original Status: fer",""
"t-1362","trademark","TR146","Uday Kadamba","Hotel Shubham","43","7121230","2025-07-16","","2035-07-16","objected","Original Status: fer",""
"t-1363","trademark","TR147","Saptronix Solutions Pvt. Ltd.","KNEURON","9","7918670","2026-10-08","","2036-10-08","objected","Contact: sajan@saptronix.com | Original Status: FER",""
"t-1364","trademark","TR150","Lightspeed Photonics Private Limited","LightNVMe","9","7852055","2026-11-07","","2036-11-07","filed","",""
"t-1365","trademark","TR151","new gen","New Gen Perfect Attire","25","5879350","2026-08-19","","2036-08-19","objected","Contact: SOUMYA GURURAJA HATTIKAL tm | Original Status: FER",""
"t-1366","design","ECD01","Bhumi Gear Private Limited","BAG","","425783-001","2024-04-08","","2034-04-08","id_filed","",""
"t-1367","design","ECD36","Dashapatmaja Solutions Private Limited","Portable Laboratory","","437223-001","2024-11-14","","2034-11-14","id_filed","",""
"t-1368","design","ECD37","Dashapatmaja Solutions Private Limited","LID","","437224-001","2024-11-14","","2034-11-14","id_filed","Contact: REGISTERED",""
"t-1369","design","ECD38","Dashapatmaja Solutions Private Limited","Utility Box","","437225-001","2024-11-14","","2034-11-14","id_filed","",""
"t-1370","design","ECD39","Dashapatmaja Solutions Private Limited","DESIGNER LID","","437226-001","2024-11-14","","2034-11-14","id_filed","",""
"t-1371","design","ECD40","Dashapatmaja Solutions Private Limited","LIQUID CONTAINER","","437227-001","2024-11-14","","2034-11-14","id_filed","",""
"t-1372","design","ECD03","Apurva Desai & Ridhima Harjai","MOTORIZED MOUTH MIRROR","","423002-001","2024-12-07","","2034-12-07","id_filed","",""
"t-1373","design","ECD04","E-actuell","Pannier Box for Motorcycle","","383821-001","2024-11-02","","2034-11-02","id_filed","",""
"t-1374","design","ECD05","Experimind Labs Private Limited","CIRCULAR SCALE","","407201-001","2024-11-02","","2034-11-02","id_filed","",""
"t-1375","design","ECD05","Experimind Labs Private Limited","LINEAR SCALE","","407202-001","2024-11-02","","2034-11-02","id_filed","",""
"t-1376","design","ECD05","Experimind Labs Private Limited","LINEAR SCALE","","407203-001","2024-11-02","","2034-11-02","id_filed","",""
"t-1377","design","ECD06","Society for Innovation and Development (SID)","3D PRINTER","","445758-001","2025-01-27","","2035-01-27","id_filed","",""
"t-1378","design","ECD20","Ganglia Technologies Private Limited","Handle for airway device","","414604-001","2024-04-23","","2034-04-23","id_filed","",""
"t-1379","design","ECD21","Ganglia Technologies Private Limited","Handle for airway device","","414603-001","2024-04-23","","2034-04-23","id_filed","",""
"t-1380","design","ECD22","Ganglia Technologies Private Limited","Airway device","","414602-001","2024-04-23","","2034-04-23","id_filed","",""
"t-1381","design","ECD23","Ganglia Technologies Private Limited","Airway device","","414601-001","2024-04-23","","2034-04-23","id_filed","",""
"t-1382","design","ECD24","Ganglia Technologies Private Limited","link for airway device","","414600-001","2024-04-23","","2034-04-23","id_filed","",""
"t-1383","design","ECD25","Ganglia Technologies Private Limited","Joint for airway device","","414599-001","2024-04-23","","2034-04-23","id_filed","",""
"t-1384","design","ECD26","Ganglia Technologies Private Limited","Spatula for airway device","","414598-001","2024-04-23","","2034-04-23","id_filed","",""
"t-1385","design","ECD27","Ganglia Technologies Private Limited","Joint for airway device","","414597-001","2024-04-23","","2034-04-23","id_filed","",""
"t-1386","design","ECD28","Ganglia Technologies Private Limited","Joint for airway device","","414596-001","2024-04-23","","2034-04-23","id_filed","",""
"t-1387","design","ECD29","Ganglia Technologies Private Limited","Blade for airway device","","414594-001","2024-04-23","","2034-04-23","id_filed","",""
"t-1388","design","ECD30","Ganglia Technologies Private Limited","Blade for airway device","","414593-001","2024-04-23","","2034-04-23","id_filed","",""
"t-1389","design","ECD31","Ganglia Technologies Private Limited","Toroscope","","419876-001","2024-06-13","","2034-06-13","id_filed","Contact: hearing",""
"t-1390","design","ECD32","Ganglia Technologies Private Limited","Dual camera auto-maneuvering smart laryngoscope","","418543-001","2024-05-30","","2034-05-30","id_filed","",""
"t-1391","design","ECD33","Ganglia Technologies Private Limited","A least traumatic airway device","","391891-001","2023-04-08","","2033-04-08","id_filed","",""
"t-1392","design","ECD34","Ganglia Technologies Private Limited","A least traumatic airway device","","392035-001","2023-06-08","","2033-06-08","id_filed","",""
"t-1393","design","ECD35","Ganglia Technologies Private Limited","Soft Laryngoscope","","406568-001","2024-04-02","","2034-04-02","id_filed","",""
"t-1394","design","ECD","Senztech Technologies Pvt. Ltd.","Sample analysis system","","378039-001","2023-01-27","","2033-01-27","id_filed","",""
"t-1395","design","ECD05","Experimind Labs Private Limited","INTERNET OF THINGS BASED MOBILE EDUCATION TROLLEY","","411084-001","2024-03-20","","2034-03-20","id_filed","",""
"t-1396","design","ECD07","Lightspeed Photonics Private Limited","Hexagonal heatsink","","412305-001","2024-02-04","","2034-02-04","id_filed","",""
"t-1397","design","ECD08","Girija Bhat","BAG","","456434-001","2025-04-24","","2035-04-24","id_filed","",""
"t-1398","design","ECD09","Gumpu Technologies Private Limited","IOT ENABLED RING","","444305-001","2025-01-15","","2035-01-15","id_filed","Contact: REGISTERED",""
"t-1399","design","ECD10","Nagarjuna College of Management Studies","Table","","414129-001","2024-04-17","","2034-04-17","id_filed","",""
"t-1400","design","ECD10","Nagarjuna College of Management Studies","IoT-based Digital Blood Group Detector","","427196-001","2024-08-16","","2034-08-16","id_filed","",""
"t-1401","design","ECD12","Santhosha Rao","Spout Cap","","432132-001","2024-09-28","","2034-09-28","id_filed","",""
"t-1402","design","ECD11","Harish Gadagin","CLIP","","425784-001","2024-04-08","","2034-04-08","id_filed","",""
"t-1403","design","ECD13","Sri Gowri Bhargav Private Limited","TROLLEY","","469693-001","2025-08-14","","2035-08-14","id_filed","Contact: REGISTERED",""
"t-1404","design","ECD14","Krishnan R Nambiar","WHEEL","","456843-001","2025-04-28","","2035-04-28","id_filed","Contact: REGISTERED",""
"t-1405","design","ECD15","RV University","CAR PARKING LEVELLER","","479856-001","2025-11-11","","2035-11-11","id_filed","",""
"t-1406","design","ECD16","Nithisol Agri Private Limited","DESIGN- ""PUPA DRYER SYSTEM”","","481908-001","2025-11-28","","2035-11-28","id_filed","",""
"t-1407","design","ECD17","Bhumi Gear Private Limited","BAG( CLOSED)","","493557-001","2026-04-03","","2036-04-03","id_filed","",""
"t-1408","design","ECD18","Bhumi Gear Private Limited","BAG (OPEN)","","493556-001","2026-04-03","","2036-04-03","id_filed","Contact: registered on 06/07/2026",""
"t-1409","design","ECD19","Bapuji Dental College & Hospital","DENTAL FIDUCIAL MARKERS","","497451-001","2026-06-04","","2036-06-04","id_filed","Contact: registered on 06/07/2026",""
"t-1410","copyright","CR01","Dasharathraj Kodu Shetty","Balanced Evaluation of Needs And Key Advancements","Literary work","4505/2024-CO/L","2024-09-02","","","cr_filed","","DASHARATHRAJ KODU SHETTY,; PRANAV BHAT,; SHREEPATHY RANGA BHATTA B.,; SANDEEP S SHENOY,"
"t-1411","copyright","CR02","Lightspeed Photonics Private Limited","Bit error calculator","Literary work","13857/2024-CO/SW","2024-04-30","","","cr_filed","","LIGHTSPEED PHOTONICS PRIVATE LIMITED,"
"t-1412","copyright","CR03","Inunity LLP","COMMUNITY CENTRIC INNOVATION MODEL BY INUNITY","Literary work","24841/2024-CO/L","2024-08-06","","","cr_filed","","JOHNSON TELLIS,"
"t-1413","copyright","CR04","Pradeep Talashery","THE DUAL CONCEPT OF LO-WATER DIVERSIFIED CANAL CULTIVATION AND THE USE OF ITS PROFITS TO BENEFIT BOTH IRRIGATED AND DRYLAND COMMUNITIES.","Literary work","25205/2024-CO/L","2024-09-08","","","cr_filed","","PRADEEP TALASHERY"
"t-1414","copyright","CR05","Circlechess India Private Limited","On the go chess tournament booking enabled by circlechess using a third-party platform","Literary work","3512/2025-CO/L","2025-01-31","","","cr_filed","","KUMAR GAURAV,"
"t-1415","copyright","CR06","Kiran S G","""The Her Like No One Tales""","Literary work","6594/2025-CO/L","2025-02-26","","","cr_filed","","Kiran S G"
"t-1416","copyright","CR07","Krishnan R Nambiar","VGo Glide, Drift, Dominate","Literary work","LD-16370/2025-CO","2025-04-23","","","cr_filed","","KRISHNAN R NAMBIAR"
"t-1417","copyright","CR08","Lathashekhar","PAINKLEAR","Literary work","LD-17824/2025-CO","2025-04-05","","","cr_filed","","LATHASHEKHAR"
"t-1418","copyright","CR09","Bharath K Bhat","Medical Investigation of Anterior Cruciate Ligament (ACL) Reconstruction in Human Knee Joint.","Literary work","LD-47117/2025-CO","2024-11-14","","","cr_filed","Contact: bharathkbhat06@gmail.com","Bharath K Bhat"
"t-1419","copyright","CR10","PRS Neurosciences & Mechatronics Research Institute Private Limited","Neuro Justice Framework Handbook","Literary work","LD-53817/2025-CO","2025-12-24","","","cr_filed","","SHARAN SRINIVASAN PRATHIBA SHARAN"
"t-1420","copyright","CR11","PRS Neurosciences & Mechatronics Research Institute Private Limited","Neuro Justice Triology","Literary work","LD-53834/2025-CO","2025-12-24","","","cr_filed","","SHARAN SRINIVASAN PRATHIBA SHARAN"